Thương hiệu,Dòng xe,Loại xe,Xuất xứ,Khoảng giá min,Khoảng giá max,Năm đăng ký,Số Km đã đi,Giá
13,52,1,7,72.53,85.14,2024,14000,66.0
8,42,1,7,62.76,73.68,2019,28000,79.5
8,53,1,7,28.0,32.86,2023,12000,37.0
13,52,1,7,43.1,50.6,2019,60000,45.0
17,13,1,2,17.02,19.98,2021,24000,23.0
14,14,2,7,7.73,9.08,2018,25000,7.5
8,2,1,6,13.83,16.24,2013,80000,16.0
8,54,2,7,10.08,11.83,2003,2,7.3
17,46,2,6,6.97,8.19,2015,35000,7.5
8,27,1,6,27.45,32.22,2020,20000,33.0
10,13,0,2,22.08,25.92,1980,99000,19.9
8,42,1,3,23.67,27.79,2005,8000,100.0
14,13,0,8,13.62,15.98,2016,10000,14.8
17,16,2,2,13.86,16.27,2014,20000,18.5
8,51,1,6,36.19,42.49,2024,900,37.0
9,13,1,7,3.91,4.59,2001,300000,6.0
8,2,1,2,36.71,43.1,2023,70000,11.0
8,10,2,4,42.75,50.19,2022,8600,83.0
8,51,1,6,30.13,35.37,2019,27000,33.0
13,52,1,3,25.09,29.45,2016,23000,30.0
8,42,1,3,40.61,47.67,2008,38000,65.0
8,53,1,6,26.31,30.89,2022,2642,29.9
8,54,2,6,8.28,9.73,2015,450000,9.0
8,54,2,6,7.94,9.32,2014,6000,15.0
8,7,0,3,72.21,84.76,2019,9999,31.999
9,13,0,3,322.0,378.0,2014,13000,350.0
8,57,0,6,16.51,19.38,2019,5000,19.0
8,41,1,5,5.96,6.99,2010,15000,7.0
15,23,1,2,3.6,4.23,2011,55000,4.3
17,16,0,2,28.79,33.8,2022,48364,32.0
8,54,2,6,10.39,12.2,2018,30000,12.5
8,42,1,6,74.57,87.54,2022,9500,87.0
9,13,1,3,8.99,10.55,2019,5000,43.0
14,3,1,2,3.11,3.66,2009,10000,3.2
13,59,1,6,13.05,15.32,2019,8000,21.0
8,42,1,2,65.71,77.13,2020,52000,70.0
8,54,2,5,16.31,19.14,2024,500,10.8
17,39,0,6,31.06,36.46,2019,20000,35.5
12,13,1,3,33.12,38.88,2021,1363,49.0
8,9,2,4,43.42,50.97,2015,25000,64.999999
8,27,1,6,7.98,9.37,2012,50000,11.5
8,13,2,6,24.04,28.22,2022,120000,23.0
8,1,2,6,8.25,9.68,2018,1,12.8
14,3,1,7,2.15,2.53,2004,40000,4.3
8,2,1,6,29.93,35.13,2020,80000,45.0
8,53,1,6,21.1,24.77,2019,46000,22.5
8,2,1,6,8.6,10.1,2009,51000,10.8
8,19,2,7,23.33,27.39,2021,15000,25.8
8,42,1,3,55.2,64.8,2017,999,140.0
8,2,1,7,20.71,24.32,2017,56688,12.0
17,32,1,2,20.0,23.47,2022,4900,25.99
8,13,0,2,13.7,16.08,2020,2,120.0
8,51,1,4,30.13,35.37,2019,27000,32.0
8,30,1,6,28.66,33.64,2023,3263,36.0
8,2,1,6,37.85,44.43,2024,1000,40.0
8,54,2,6,6.58,7.72,2011,23015,6.8
8,27,1,6,6.68,7.84,2010,92000,8.5
8,2,1,2,12.59,14.78,2010,9999,12.9
9,13,2,6,12.56,14.75,2024,8000,17.0
8,42,1,6,62.76,73.68,2019,35000,72.0
8,2,1,6,36.71,43.1,2023,11000,39.0
16,13,0,3,361.56,424.44,2024,8900,0.00037
17,24,1,7,19.35,22.71,2024,2400,26.0
8,10,2,2,7.2,8.45,1998,12000,9.2
8,51,1,3,30.13,35.37,2019,81000,1e-06
17,46,2,6,6.12,7.18,2010,40000,7.3
8,54,2,6,14.27,16.76,2023,5062,16.555555
14,3,1,6,2.7,3.17,2007,10000,3.0
9,13,0,6,10.63,12.48,2022,30,28.0
17,16,0,2,17.09,20.06,2018,26264,27.0
8,2,1,4,12.59,14.78,2010,12779,22.9
8,54,2,7,10.39,12.2,2018,25,9.2
8,10,2,2,8.23,9.66,1997,12000,11.0
8,42,1,3,23.67,27.79,2005,49000,35.5
13,52,1,6,6.74,7.91,2011,11000,9.0
8,54,2,2,7.27,8.54,2007,45000,8.0
8,27,1,7,27.45,32.22,2020,20000,27.5
8,27,1,6,35.87,42.11,2023,15000,39.0
8,42,1,2,78.55,92.21,2025,100000,18.0
8,27,1,6,27.45,32.22,2020,180000,29.5
8,19,2,6,23.33,27.39,2021,21000,26.5
8,54,2,6,14.1,16.55,2022,40000,17.0
9,13,1,8,12.56,14.75,2024,800,16.0
8,54,2,2,9.83,11.54,2017,25,8.6
8,42,1,6,65.71,77.13,2020,49530,75.0
8,54,2,2,6.93,8.14,2006,666666,9.5
17,16,0,6,28.55,33.51,2023,40000,4.0
14,15,1,2,4.32,5.07,2013,100000,2.5
8,54,2,2,12.85,15.09,2025,30,17.0
13,21,1,3,12.7,14.9,2009,50000,26.0
8,54,2,6,10.68,12.54,2005,15381,5.5
8,54,2,2,10.39,12.2,2018,39000,13.4
15,49,0,7,118.87,139.54,1998,15000,15.0
8,57,0,6,16.51,19.38,2019,44000,16.5
8,42,1,3,33.2,38.97,2007,71000,45.0
13,28,1,7,14.98,17.58,2016,30000,17.5
8,36,1,4,16.03,18.82,2011,25000,15.8
14,13,1,8,6.16,7.24,2014,32668,4.9
9,13,2,6,3.91,4.59,2001,50000,11.1
8,42,1,6,73.25,85.99,2023,10605,74.5
8,47,0,3,23.11,27.13,2020,47744,19.999999
8,36,1,4,16.53,19.4,2010,100000,16.5
8,13,1,2,9.2,10.8,2005,7000,10.5
8,2,1,6,10.02,11.76,2011,23,2.6
17,16,0,6,28.79,33.8,2022,280000,33.0
8,11,2,2,9.61,11.28,2000,12000,13.5
9,13,2,6,3.91,4.59,2001,150000,12.0
8,10,2,2,7.2,8.45,1998,12000,5.3
8,54,2,6,6.82,8.01,2008,62000,9.0
8,27,1,6,6.68,7.84,2010,40000,8.5
8,27,1,2,6.68,7.84,2010,30000,8.5
8,8,2,2,6.14,7.21,1980,19000,7.5
8,10,2,2,8.23,9.66,1997,12000,9.7
8,42,1,6,58.13,68.25,2018,29000,38.0
8,19,2,6,25.66,30.12,2010,60000,20.5
17,16,0,2,16.16,18.97,2015,65,17.0
15,13,1,2,7.12,8.36,2016,36688,7.3
8,53,1,7,26.31,30.89,2022,12000,31.0
8,13,0,2,10.12,11.88,2012,8850,50.0
9,13,1,3,21.39,25.11,1980,100,25.0
9,13,1,3,21.39,25.11,1980,50,30.0
8,27,1,7,23.96,28.12,2019,53000,24.0
8,2,1,7,20.71,24.32,2017,82288,12.0
17,16,0,6,16.16,18.97,2015,28500,18.0
17,33,1,2,5.1,5.98,2012,9435,6.5
8,42,1,2,101.46,119.11,2012,90000,35.0
13,52,1,3,43.1,50.6,2019,12000,55.0
8,51,1,6,32.11,37.7,2021,10000,20.0
8,2,1,7,8.99,10.56,2012,120000,12.0
8,54,2,7,7.65,8.98,2013,500000,7.9
17,33,1,3,6.14,7.21,2013,267890,9.0
9,13,0,6,8.99,10.55,2019,2216,29.0
8,2,1,2,8.99,10.56,2012,10000,11.5
8,27,1,7,7.98,9.37,2012,49,11.0
8,54,2,6,10.55,12.38,2002,100000,14.5
13,52,1,6,38.21,44.86,2018,16000,48.5
8,53,1,6,16.92,19.86,2017,55000,17.8
8,2,1,7,10.02,11.76,2011,21706,9.0
8,42,1,6,36.48,42.83,2014,12345,39.5
8,57,0,6,27.64,32.44,2024,6000,33.3
8,57,0,6,23.44,27.51,2022,45000,23.5
13,50,1,6,60.06,70.5,2022,27000,52.0
8,42,1,3,40.61,47.67,2008,70000,40.8
9,13,0,0,3.55,4.17,2010,3000,7.0
8,19,2,2,13.94,16.37,2001,59559,19.0
8,42,1,6,111.87,131.33,2011,20000,90.0
8,43,1,6,27.41,32.18,2015,28000,30.0
8,48,1,2,23.12,27.14,2001,85000,85.0
17,35,1,7,36.78,43.18,2022,22000,43.0
8,53,1,6,24.45,28.7,2021,39000,26.0
13,52,1,7,43.05,50.54,2022,15000,74.0
17,16,0,7,41.9,49.18,2010,54000,46.0
8,5,2,6,8.9,10.45,2017,23000,12.5
8,42,1,6,62.76,73.68,2019,50000,80.0
8,19,2,4,14.16,16.63,2000,12000,35.0
8,13,2,2,35.74,41.95,1998,70000,80.0
8,55,0,6,23.0,27.0,2022,10000,25.0
8,27,1,2,16.53,19.41,2016,100,6.0
13,52,1,6,19.01,22.32,2014,36000,20.0
17,39,0,6,31.1,36.51,2020,30000,43.0
8,5,1,6,8.24,9.67,2012,55431,10.0
17,32,1,6,6.08,7.14,2016,1,7.0
8,42,1,3,65.28,76.63,2009,50000,95.0
8,42,1,3,98.4,115.51,2010,50000,12.345678
13,52,1,6,38.21,44.86,2018,7523,47.0
8,2,1,7,19.98,23.46,2016,53983,25.0
9,13,1,6,5.95,6.98,2018,30000,3.9
13,52,1,7,8.59,10.08,2012,36000,11.8
15,13,0,2,18.22,21.39,2022,20000,13.0
8,55,0,7,3.4,4.0,2000,1000,7.5
17,16,2,7,14.51,17.04,2013,40000,21.0
8,27,1,7,7.98,9.37,2012,39,11.6
8,51,1,3,35.34,41.48,2023,22000,48.0
17,24,1,7,13.85,16.26,2018,35000,16.6
17,34,1,6,8.92,10.47,2013,37000,12.5
8,2,1,7,12.59,14.78,2010,31000,15.6
17,29,1,6,6.83,8.02,2013,33333,9.5
8,57,0,6,17.08,20.05,2020,17000,20.0
14,13,1,7,10.8,12.68,2019,7500,10.5
17,16,0,6,22.36,26.25,2020,36000,25.555555
8,53,1,7,16.92,19.86,2017,29,20.6
8,13,1,2,8.67,10.17,2007,10000,12.0
8,27,1,7,7.98,9.37,2012,31000,11.9
8,54,2,6,9.73,11.42,2016,80000,11.0
8,42,1,4,69.27,81.32,2021,601,86.0
8,2,1,7,12.59,14.78,2010,36000,15.3
8,53,1,6,21.1,24.77,2019,12000,24.0
8,2,1,7,8.99,10.56,2012,36000,12.6
8,2,1,6,19.98,23.46,2016,857000,21.5
8,2,1,7,36.71,43.1,2023,4,8.0
13,21,1,3,15.04,17.66,2007,36668,8.9
8,53,1,6,28.0,32.86,2023,15000,31.5
8,27,1,7,6.1,7.16,2009,30000,9.9
17,16,0,7,41.9,49.18,2010,10000,14.0
8,42,1,4,74.57,87.54,2022,11000,120.0
8,42,1,4,74.57,87.54,2022,700,87.0
8,2,1,2,8.99,10.56,2012,19000,8.3
10,13,2,2,55.2,64.8,2009,123,3.8
8,2,1,6,8.6,10.1,2009,32000,27.5
17,46,2,7,10.17,11.94,2021,24700,11.2
9,13,1,6,12.56,14.75,2024,1200,13.0
13,52,1,7,19.01,22.32,2014,30000,22.0
8,13,1,6,23.03,27.04,2019,12000,9.5
8,19,2,7,13.94,16.37,2001,16000,50.5
17,16,0,6,22.36,26.25,2020,35000,25.555555
8,54,2,0,6.82,8.01,2008,100,5.5
8,7,0,4,16.25,19.08,2011,20000,22.0
8,27,1,7,6.68,7.84,2010,39,10.0
8,2,1,2,12.59,14.78,2010,12345,10.7
8,7,0,4,16.25,19.08,2011,14000,28.0
8,42,1,6,69.27,81.32,2021,1000,88.0
8,9,1,7,5.12,6.01,2006,38000,9.0
8,10,2,2,8.23,9.66,1997,0,8.0
13,26,1,7,5.41,6.35,2009,39000,10.3
8,2,1,7,19.98,23.46,2016,39,23.9
17,29,1,6,5.41,6.35,2010,100000,7.0
8,57,0,6,23.44,27.51,2022,13000,28.6
17,16,0,6,22.36,26.25,2020,36000,25.5
8,42,1,3,23.67,27.79,2005,10000,24.2
14,45,1,8,6.89,8.08,2010,30000,1.8
8,13,2,2,16.88,19.82,2015,12345,11.0
8,27,1,7,16.53,19.41,2016,28000,19.6
13,13,1,3,15.65,18.38,2014,400000,23.0
8,10,2,4,74.65,87.63,2024,10060,89.0
8,30,0,4,21.42,25.14,2018,14000,0.000295
8,42,1,6,62.76,73.68,2019,37000,67.0
8,54,2,7,9.83,11.54,2017,23,8.8
8,10,2,7,8.52,10.0,1996,56000,40.0
8,54,2,6,16.31,19.14,2024,12000,18.0
8,42,1,6,44.41,52.13,2016,66000,52.0
8,54,2,2,6.82,8.01,2008,50000,10.5
8,2,1,7,13.83,16.24,2013,28000,18.6
8,53,1,7,10.54,12.37,2012,100000,11.5
8,10,2,2,8.52,10.0,1996,30000,45.0
8,53,1,7,21.1,24.77,2019,26,24.6
13,52,1,3,8.59,10.08,2012,60000,7.5
14,13,0,8,11.94,14.02,2011,99999,12.0
8,2,1,2,6.91,8.11,2007,0,7.5
13,26,1,7,7.2,8.45,2011,20000,13.0
15,13,0,2,35.67,41.87,2013,50000,29.0
8,54,2,2,6.93,8.14,2006,20000,11.0
8,19,2,2,21.51,25.25,2007,75000,32.0
13,28,1,7,7.45,8.74,2013,500000,5.5
9,13,2,5,6.24,7.32,2017,40000,8.5
8,53,1,6,10.54,12.37,2012,39000,13.8
13,28,1,7,10.11,11.87,2014,40000,6.5
13,26,1,6,5.41,6.35,2009,40000,10.5
14,15,1,7,4.23,4.97,2012,39990,4.5
8,2,1,2,12.59,14.78,2010,22000,10.8
8,11,2,6,10.41,12.22,2005,58000,18.5
8,54,2,3,7.94,9.32,2014,10,6.9
9,13,1,6,7.36,8.64,2024,1000,14.0
8,8,2,4,11.13,13.07,2024,1000,12.5
8,19,2,2,14.74,17.3,2017,3,15.0
14,13,0,6,10.26,12.04,2010,99999,14.0
9,13,1,7,4.55,5.34,2015,0,9.0
8,27,1,2,15.38,18.06,2015,27000,17.2
8,2,1,7,10.02,11.76,2011,37000,15.6
8,9,1,7,43.42,50.97,2015,1000,15.0
8,27,1,7,7.98,9.37,2012,25000,12.6
11,13,1,8,15.01,17.62,2021,380000,9.5
17,33,1,2,6.14,7.21,2013,36363,6.9
8,42,1,6,75.76,88.93,2024,5000,82.0
13,52,1,3,8.59,10.08,2012,4500,24.0
8,54,2,5,6.87,8.06,2012,12000,3.5
15,20,0,6,22.89,26.87,2023,50000,23.8
8,13,2,6,19.34,22.71,2017,131794,13.0
8,42,1,7,98.4,115.51,2010,43880,138.0
8,13,1,2,33.65,39.5,2019,44199,14.0
10,13,2,8,4.6,5.4,2004,0,5.0
8,57,0,7,24.75,29.06,2023,33000,23.5
17,16,2,6,42.81,50.25,2006,57000,55.0
13,52,0,3,18.63,21.87,2005,20000,14.5
8,30,0,4,22.83,26.8,2019,10000,27.0
8,6,0,7,19.09,22.41,1998,99999,19.0
14,13,2,0,3.88,4.55,2005,10000,4.5
13,52,1,6,8.59,10.08,2012,50000,10.5
8,42,1,6,74.57,87.54,2022,25347,75.0
14,13,1,6,3.89,4.57,2010,422560,8.0
13,52,1,6,43.05,50.54,2022,268888,105.0
17,16,0,6,16.16,18.97,2015,60000,15.0
17,16,0,7,16.16,18.97,2015,60000,15.0
8,51,1,3,32.95,38.68,2022,20000,43.8
8,2,1,6,7.62,8.94,2008,30000,9.3
17,13,1,6,20.7,24.3,2022,0,22.5
17,16,2,6,13.86,16.27,2014,41000,23.0
8,42,1,7,39.18,45.99,2015,40000,50.0
17,24,1,2,13.85,16.26,2018,43000,13.5
8,2,1,2,10.02,11.76,2011,600000,14.5
17,46,2,6,6.23,7.31,2011,20000,4.5
8,54,2,2,16.31,19.14,2024,1000,19.0
8,36,1,4,16.42,19.28,2012,50,20.0
8,2,1,6,15.19,17.83,2014,100496,16.0
8,42,1,6,62.76,73.68,2019,28896,55.0
13,52,1,6,8.59,10.08,2012,35517,12.5
8,53,1,6,26.31,30.89,2022,15000,29.0
17,46,2,6,6.97,8.19,2015,57947,10.0
13,28,1,3,9.79,11.49,2015,35350,16.0
8,2,1,6,7.62,8.94,2008,51000,8.5
15,40,0,6,22.42,26.32,2022,230000,23.0
8,27,1,2,27.9,32.76,2021,32000,28.0
15,44,0,3,19.33,22.69,2018,39000,21.0
8,51,1,7,30.13,35.37,2019,45000,40.0
8,27,1,6,6.68,7.84,2010,500000,13.0
8,42,1,7,73.25,85.99,2023,14000,115.0
8,51,1,3,50.14,58.86,2017,500000,55.0
8,19,2,2,25.66,30.12,2010,22000,25.5
17,33,1,2,3.58,4.2,2009,8888,2.5
8,38,1,6,18.73,21.98,2007,55000,25.5
8,53,1,6,16.92,19.86,2017,350000,18.0
8,2,1,6,7.62,8.94,2008,50000,8.0
8,53,1,6,26.31,30.89,2022,15000,31.5
13,52,1,6,59.58,69.94,2023,6000,69.0
8,42,1,6,75.76,88.93,2024,5000,89.5
17,16,0,6,14.62,17.16,2016,9999,25.0
13,52,1,7,43.1,50.6,2020,5000,60.0
8,43,1,6,27.41,32.18,2015,22000,16.0
8,54,2,2,6.93,8.14,2006,60000,5.5
13,28,1,6,14.98,17.58,2016,43000,18.5
14,3,1,0,7.55,8.86,2016,30000,7.8
8,42,1,3,101.46,119.11,2012,12000,210.0
17,35,1,7,19.42,22.8,2017,35000,13.2
9,13,2,6,10.63,12.48,2022,200,7.5
9,13,1,5,6.9,8.1,2020,999999,1.0
8,42,1,3,111.87,131.33,2011,20000,181.5
8,53,1,6,16.88,19.81,2016,60000,16.9
8,2,1,6,29.93,35.13,2020,10000,32.5
8,57,0,6,16.51,19.38,2019,27000,20.0
13,52,1,6,59.58,69.94,2023,6000,72.0
8,54,2,6,6.93,8.14,2006,49,13.0
17,35,1,7,19.64,23.05,2018,10000,21.99
8,56,0,6,14.57,17.1,2018,39999,14.5
8,56,0,7,14.57,17.1,2018,50000,14.5
8,2,1,6,8.99,10.56,2012,100000,8.0
8,42,1,6,111.87,131.33,2011,14000,105.0
17,32,2,4,6.09,7.15,2007,8888,2.0
8,53,1,6,12.15,14.27,2014,50000,10.0
13,28,1,3,6.66,7.82,2011,28668,9.5
17,33,1,7,5.1,5.98,2012,100,3.5
8,13,0,5,11.7,13.74,1980,0,8.0
8,27,1,6,5.81,6.82,2008,44488,4.5
8,2,1,7,8.99,10.56,2012,50000,8.0
8,27,1,6,15.38,18.06,2015,25000,16.0
9,13,2,0,4.21,4.94,2007,8888,3.0
17,24,1,3,14.02,16.46,2020,0,13.5
8,19,2,6,27.04,31.74,2008,100000,29.0
8,54,2,6,11.67,13.71,2020,40000,15.5
8,53,1,6,16.88,19.81,2016,22330,17.999999
8,13,1,7,10.12,11.88,2012,50000,1.234567
17,13,0,6,26.44,31.04,2019,14500,28.0
8,54,2,7,9.73,11.42,2016,100000,10.0
17,35,1,7,19.64,23.05,2018,15000,21.0
8,54,2,6,6.93,8.14,2006,50000,13.5
8,53,1,6,24.45,28.7,2021,31000,26.5
14,15,1,6,3.96,4.65,2011,12345,4.0
8,36,1,6,22.82,26.79,2014,55000,28.0
8,2,1,6,13.83,16.24,2013,66000,18.0
14,13,2,6,7.4,8.69,2018,46000,8.0
8,56,0,7,13.38,15.71,2017,700000,12.0
8,54,2,2,6.93,8.14,2006,8888,6.5
8,54,2,2,6.93,8.14,2006,100000,6.5
8,19,2,4,14.16,16.63,2000,8888,7.5
8,57,0,6,23.44,27.51,2022,1369,29.0
13,28,1,6,7.45,8.74,2013,30000,7.5
17,16,0,6,15.8,18.55,2011,20000,14.5
17,33,1,2,3.58,4.2,2009,8888,4.3
17,25,2,2,4.67,5.49,2003,100000,5.5
15,13,0,5,45.48,53.39,2019,18000,50.0
8,19,2,7,15.46,18.14,1980,49292,11.0
8,54,2,6,10.55,12.38,2002,20000,14.3
8,11,2,4,15.08,17.71,1995,35000,22.0
13,52,1,6,43.1,50.6,2020,4000,63.0
8,42,1,2,55.2,64.8,2017,8888,62.0
8,9,1,6,7.86,9.22,2011,39000,11.8
8,2,1,6,15.19,17.83,2014,30000,20.0
8,42,1,6,55.2,64.8,2017,3000,62.0
9,13,1,6,12.56,14.75,2024,5000,14.0
8,54,2,6,14.27,16.76,2023,17000,13.5
17,33,1,2,5.1,5.98,2012,8888,6.0
17,46,2,2,7.3,8.57,2013,8888,5.0
8,42,1,3,62.76,73.68,2019,2000,286.0
8,42,1,7,36.48,42.83,2014,50000,48.0
8,54,2,2,6.87,8.06,2012,36000,7.0
8,42,1,2,111.87,131.33,2011,22000,180.0
13,52,1,3,35.7,41.9,2017,20000,42.0
17,13,0,2,51.29,60.21,2019,10000,55.000008
8,54,2,2,6.58,7.72,2011,61000,6.3
8,13,0,2,113.16,132.84,1996,61000,123.0
8,42,1,3,65.71,77.13,2020,9000,285.0
8,13,1,4,33.65,39.5,2019,6000,95.0
8,13,1,2,33.65,39.5,2019,19999,28.0
8,42,1,3,101.46,119.11,2012,29000,195.0
17,13,0,2,43.65,51.24,2020,10000,56.0
8,57,0,6,17.83,20.93,2021,1000,35.0
8,30,0,4,30.0,35.22,2021,7000,32.0
8,42,1,6,55.2,64.8,2017,27000,59.0
17,16,0,6,22.36,26.25,2020,10000,23.0
8,42,1,6,73.25,85.99,2023,6975,92.0
8,10,2,2,6.36,7.47,2008,123,50.0
8,13,0,2,79.75,93.62,2019,20000,80.0
8,42,1,2,44.98,52.8,2013,12000,215.0
8,2,1,6,6.91,8.11,2007,70000,10.0
17,16,0,7,13.86,16.27,2014,36000,13.5
17,16,0,2,29.52,34.66,2024,9000,42.5
8,54,2,6,10.68,12.54,2005,99999,25.5
8,42,1,2,111.87,131.33,2011,5,145.0
13,52,1,3,43.1,50.6,2020,7000,50.0
8,36,1,7,16.03,18.82,2011,20000,35.0
14,15,1,6,3.61,4.24,2009,34567,4.7
8,51,1,6,41.35,48.54,2018,50000,33.0
17,32,1,3,21.1,24.77,2023,10000,23.0
8,12,1,3,9.44,11.08,2004,10000,9.0
8,42,1,3,65.28,76.63,2009,30000,100.0
4,13,0,3,363.4,426.6,2022,2600,395.0
8,2,1,2,10.02,11.76,2011,35000,9.5
8,42,1,4,74.57,87.54,2022,8000,115.0
13,52,1,3,8.59,10.08,2012,20000,6.99
8,51,1,3,32.95,38.68,2022,23000,53.0
13,52,1,6,22.27,26.15,2015,30000,32.0
8,12,1,7,7.83,9.19,2003,20000,11.0
8,27,1,6,22.94,26.93,2018,0,34.0
13,52,1,7,19.01,22.32,2014,20000,27.0
8,53,1,7,24.45,28.7,2021,21000,27.5
9,13,2,7,12.56,14.75,2024,1764,14.0
13,13,1,3,54.28,63.72,2021,34800,50.0
8,42,1,7,101.46,119.11,2012,29000,215.0
8,42,1,3,98.4,115.51,2010,38000,110.0
13,52,1,6,6.48,7.61,2009,1234,6.8
17,32,1,6,5.4,6.34,2010,20000,6.8
17,37,2,7,26.0,30.52,2024,1000,29.3
8,27,1,6,7.25,8.51,2011,80000,5.8
14,13,1,6,15.92,18.68,2023,860,18.0
17,18,1,6,24.48,28.73,2024,4500,28.5
8,42,1,6,58.13,68.25,2018,11500,72.0
8,56,0,6,23.48,27.57,2023,75000,16.5
8,54,2,7,11.68,13.71,2019,12345,14.0
17,33,1,2,4.01,4.71,2010,25000,5.599
17,16,2,6,26.35,30.93,2021,39561,8.0
8,27,1,6,38.54,45.24,2024,5000,38.0
8,54,2,6,11.52,13.52,2004,100000,1.0
17,33,1,6,4.18,4.91,2011,1234,4.9
8,2,1,6,8.6,10.1,2009,57000,10.5
9,13,1,7,11.13,13.07,2023,3340,13.0
8,2,1,2,13.83,16.24,2013,800000,7.5
14,3,1,6,3.24,3.8,2010,100000,4.0
8,27,1,2,23.96,28.12,2019,25403,27.0
8,53,1,6,12.15,14.27,2014,55555,11.5
8,42,1,7,55.2,64.8,2017,11000,147.0
8,51,1,7,31.94,37.49,2020,510000,28.8
17,16,0,7,23.55,27.65,2025,2,550.0
17,46,2,7,7.98,9.37,2016,15000,7.2
8,42,1,7,111.87,131.33,2011,38000,120.0
8,27,1,2,23.96,28.12,2019,25400,30.0
8,57,0,6,17.08,20.05,2020,13000,14.5
8,11,2,2,11.52,13.52,2001,4382,15.0
17,33,1,6,4.18,4.91,2011,1234,4.7
17,34,1,2,8.9,10.44,2015,37000,7.5
8,54,2,6,11.68,13.71,2019,12000,13.9
14,3,1,6,2.7,3.17,2007,21020,3.5
17,16,0,6,41.9,49.18,2010,29800,43.5
8,8,2,7,10.12,11.88,2022,4800,10.0
8,2,1,2,34.12,40.05,2022,19000,36.5
8,54,2,6,11.52,13.52,2004,123456,59.0
8,8,2,2,6.14,7.21,1980,100000,4.8
9,13,0,4,5.95,6.98,2018,5000,0.08
8,54,2,2,10.68,12.54,2005,50000,20.0
17,32,1,2,5.1,5.99,2009,833200,5.5
8,54,2,6,10.39,12.2,2018,90000,15.0
8,8,2,6,10.12,11.88,2022,4740,10.0
8,42,1,2,58.13,68.25,2018,50000,65.0
8,2,1,6,8.99,10.56,2012,59000,15.0
8,19,2,6,25.09,29.45,2022,30000,28.0
17,32,1,6,6.09,7.15,2007,1234,4.8
13,13,1,3,11.45,13.44,2014,230000,11.0
8,42,1,3,65.28,76.63,2009,35000,102.0
8,53,1,7,18.47,21.68,2018,18000,18.9
8,19,2,6,25.66,30.12,2010,55555,34.0
17,16,0,6,15.8,18.55,2011,54678,14.5
8,56,0,6,13.38,15.71,2017,4667,13.8
8,42,1,3,69.27,81.32,2021,23000,0.1
8,11,2,5,9.57,11.23,2002,8888,3.0
8,2,1,2,15.9,18.67,2015,14000,22.8
8,2,1,2,15.9,18.67,2015,25,123.456789
17,33,1,6,3.16,3.71,2008,40000,3.8
15,49,0,3,58.73,68.95,1999,50000,225.0
17,32,1,6,4.62,5.42,2008,515,4.6
8,53,1,2,21.1,24.77,2019,15000,22.5
8,51,1,3,36.19,42.49,2024,14000,48.0
8,54,2,2,11.52,13.52,2004,0,23.5
8,57,0,7,27.64,32.44,2024,4400,31.0
8,47,0,6,25.49,29.92,2022,140000,38.5
8,47,0,3,25.49,29.92,2022,20000,30.0
14,13,0,5,10.26,12.04,2010,13000,25.0
17,46,2,7,7.61,8.93,2014,99000,8.9
17,46,2,7,7.61,8.93,2014,99000,9.0
17,32,1,6,21.66,25.43,2024,26000,9.8
8,54,2,6,7.65,8.98,2013,35000,10.5
13,52,1,3,22.27,26.15,2015,23000,33.0
8,42,1,6,55.2,64.8,2017,76000,73.0
8,19,2,2,26.58,31.2,2023,40000,25.5
8,42,1,6,69.27,81.32,2021,2554,68.0
8,53,1,6,16.92,19.86,2017,69000,18.9
8,27,1,6,16.53,19.41,2016,37422,20.5
10,13,2,2,20.24,23.76,2023,49116,18.0
8,42,1,3,44.41,52.13,2016,20000,140.0
8,5,2,6,9.35,10.98,2018,35000,12.0
8,42,1,6,111.87,131.33,2011,15000,82.0
8,36,1,6,16.42,19.28,2012,500000,6.0
8,19,2,6,29.62,34.78,2024,7000,42.0
17,35,1,2,19.64,23.05,2018,52000,22.68
8,51,1,10,50.14,58.86,2017,51000,60.0
17,25,2,2,7.7,9.04,2013,12345,6.9
8,13,0,2,66.24,77.76,2007,60000,39.0
8,11,2,2,14.49,17.01,1996,68000,38.0
8,54,2,6,9.83,11.54,2017,41318,12.0
8,19,2,6,18.32,21.5,2018,24000,27.0
8,56,0,6,13.38,15.71,2017,30000,23.0
8,54,2,2,7.27,8.54,2007,4000,8.0
17,22,1,6,40.49,47.53,2024,2000,46.8
8,42,1,6,44.41,52.13,2016,112655,43.0
8,56,0,6,13.38,15.71,2017,26000,16.0
13,28,1,9,6.86,8.05,2012,10000,8.0
8,12,1,3,13.28,15.59,2006,20000,15.0
17,22,1,6,40.49,47.53,2024,1810,46.8
14,45,1,6,8.43,9.9,2013,55000,8.5
17,16,0,6,41.9,49.18,2010,2000,55.0
8,2,1,7,34.12,40.05,2022,26000,35.5
8,54,1,2,6.06,7.11,2010,32000,8.0
8,42,1,6,39.18,45.99,2015,35000,46.0
8,42,1,7,98.4,115.51,2010,27000,95.0
8,53,1,6,26.31,30.89,2022,4169,28.0
17,35,1,7,36.15,42.44,2023,9000,43.6
17,22,1,6,40.49,47.53,2024,2200,46.8
17,46,2,2,7.3,8.57,2013,12345,8.8
8,56,0,2,14.57,17.1,2018,20000,18.0
17,16,0,6,16.16,18.97,2015,1000,24.5
8,42,1,2,65.28,76.63,2009,100000,70.0
8,42,1,2,23.67,27.79,2005,50000,33.0
17,25,2,2,6.01,7.06,2010,60668,6.2
14,13,1,6,3.55,4.17,2008,45000,7.5
17,16,2,6,42.81,50.25,2006,50000,50.9
17,35,1,6,44.02,51.68,2024,9500,46.0
13,50,1,3,53.96,63.34,2021,13000,62.0
8,54,2,6,7.94,9.32,2014,8000,6.8
8,54,2,6,7.94,9.32,2014,30000,8.5
9,13,1,3,3.95,4.64,2008,200000,35.0
8,54,2,7,6.69,7.85,2009,44000,16.0
8,54,2,4,13.66,16.04,2021,2000,85.0
8,2,1,6,23.78,27.91,2019,55000,25.0
8,42,1,6,75.76,88.93,2024,13000,72.0
16,13,0,1,280.6,329.4,2019,8820,360.0
8,42,1,3,65.28,76.63,2009,1000,113.0
8,38,1,3,18.91,22.2,2008,40800,22.0
1,13,0,7,14.89,17.48,2019,15000,17.0
17,29,1,2,9.43,11.07,2016,30000,8.9
8,42,1,6,75.76,88.93,2024,7000,78.0
8,42,1,6,101.46,119.11,2012,15000,23.0
8,19,2,2,20.77,24.39,2019,293600,27.0
8,51,1,3,30.13,35.37,2019,16500,32.0
8,57,0,6,27.64,32.44,2024,4400,31.0
14,3,1,8,2.7,3.17,2007,50000,3.2
8,13,1,2,10.12,11.88,2012,1000,24.0
8,19,2,2,13.59,15.96,2016,61000,21.0
8,53,1,6,26.31,30.89,2022,12000,28.8
8,42,1,7,39.18,45.99,2015,22000,111.0
8,2,1,7,36.71,43.1,2023,7000,42.0
8,2,1,6,12.59,14.78,2010,12345,15.686868
8,54,2,6,22.15,26.0,1999,20000,4.2
8,6,0,1,24.84,29.16,2009,26000,145.0
8,54,2,2,11.68,13.71,2019,28700,13.0
8,2,0,7,6.91,8.11,2007,99999,8.888888
13,13,1,3,14.72,17.28,2002,2,25.0
17,35,1,2,31.29,36.73,2021,23790,36.0
8,53,1,6,15.48,18.17,2015,13000,17.5
8,6,0,4,137.06,160.89,2023,3393,168.8
8,9,1,4,45.7,53.64,2017,90000,46.5
8,54,2,2,6.06,7.11,2010,99999,3.5
8,2,1,2,34.12,40.05,2022,10000,20.0
8,53,1,2,11.03,12.95,2013,50000,12.0
8,54,2,7,6.82,8.01,2008,10000,3.0
8,54,2,6,6.69,7.85,2009,61356,6.5
8,10,2,2,8.23,9.66,1997,81000,155.0
17,16,0,6,14.51,17.04,2013,108197,13.5
8,54,2,2,6.06,7.11,2010,50000,7.5
8,2,1,6,23.78,27.91,2019,16500,29.0
17,35,1,2,22.99,26.99,2019,39000,21.0
9,13,1,6,3.66,4.3,2002,20000,5.0
8,13,0,4,79.75,93.62,2019,2000,100.0
17,37,2,2,26.0,30.52,2024,598,32.0
14,3,1,6,3.11,3.66,2009,30000,1.8
17,16,0,6,29.52,34.66,2024,8500,37.0
17,18,1,6,19.2,22.55,2021,27000,17.4
8,51,1,3,32.11,37.7,2021,20000,39.8
8,47,0,3,20.93,24.56,2019,50000,16.5
8,2,1,6,8.99,10.56,2012,60000,15.0
8,19,2,7,25.09,29.45,2022,19000,28.5
8,43,1,2,52.54,61.68,2023,32000,60.0
14,3,1,6,3.24,3.8,2010,4000,4.0
9,13,2,6,3.72,4.37,2000,55555,4.0
9,13,1,0,12.88,15.12,2022,3700,15.5
8,42,1,3,44.41,52.13,2016,22000,118.888888
15,23,1,4,4.18,4.9,2012,7000,5.0
8,19,2,7,12.96,15.22,2015,61000,21.0
8,54,2,2,7.94,9.32,2014,50000,8.9
8,11,2,4,17.34,20.36,1994,50868,6.888888
17,18,1,2,19.2,22.55,2021,14900,22.0
8,51,1,3,30.13,35.37,2019,40000,35.0
15,23,1,7,4.84,5.68,2014,80000,3.9
9,13,2,5,6.55,7.69,2016,88888,2.7
8,42,1,3,98.4,115.51,2010,23000,140.0
8,54,2,6,7.65,8.98,2013,77800,13.5
8,51,1,7,30.13,35.37,2019,40000,46.8
8,42,1,6,74.57,87.54,2022,20000,65.0
8,7,0,7,72.21,84.76,2019,5000,35.0
8,13,1,3,47.12,55.32,2022,40000,63.0
8,51,1,3,41.35,48.54,2018,61000,51.0
8,2,1,2,20.71,24.32,2017,23000,24.0
10,13,0,4,62.56,73.44,2024,400,57.0
17,16,0,6,19.92,23.38,2019,80000,30.0
8,42,1,2,18.73,21.99,2003,57968,17.0
13,52,1,7,59.58,69.94,2023,8123,77.0
8,54,2,6,16.31,19.14,2024,696,17.0
8,19,2,6,26.58,31.2,2023,6245,35.0
8,10,2,2,42.75,50.19,2022,30000,17.0
8,27,1,6,15.31,17.97,2014,85000,12.5
8,57,0,7,17.08,20.05,2020,29000,22.0
8,51,1,3,41.35,48.54,2018,101039,22.0
13,52,1,7,38.21,44.86,2018,29000,42.5
8,54,2,4,22.15,26.0,1999,50000,29.5
8,54,2,0,11.68,13.71,2019,90,3.6
13,21,1,6,15.04,17.66,2007,123456,9.0
8,2,1,6,13.83,16.24,2013,47000,13.2
8,27,1,7,35.87,42.11,2023,7000,36.5
17,46,2,7,7.3,8.57,2013,10000,13.0
17,16,0,7,15.8,18.55,2011,90000,11.0
8,42,1,4,74.57,87.54,2022,30000,115.0
10,13,0,2,120.31,141.23,2017,18000,145.0
17,29,1,6,6.61,7.76,2012,39000,6.0
8,42,1,7,65.71,77.13,2020,20100,74.0
17,22,1,2,16.19,19.0,2018,27000,17.0
8,54,2,6,6.82,8.01,2008,3773,14.0
8,54,2,3,11.68,13.71,2019,19277,12.0
13,21,1,6,15.04,17.66,2007,123456,10.0
8,53,1,6,21.1,24.77,2019,22486,22.0
8,7,0,6,82.58,96.94,2023,15000,43.0
8,54,2,6,11.68,13.71,2019,328735,13.0
8,42,1,6,73.25,85.99,2023,6000,96.0
8,19,2,7,25.09,29.45,2022,25800,28.8
8,54,2,6,7.94,9.32,2014,28000,12.0
8,5,2,6,7.59,8.91,2015,45367,9.5
8,27,1,6,35.87,42.11,2023,150000,41.8
8,53,1,6,21.87,25.67,2020,20000,8.5
15,44,0,10,19.33,22.69,2018,33000,20.5
8,54,2,2,14.27,16.76,2023,399802,22.0
8,9,1,4,50.76,59.59,2019,60000,61.9
8,47,0,2,23.11,27.13,2020,33000,25.0
8,48,1,2,15.82,18.58,2011,45000,4.0
14,3,1,3,2.7,3.17,2007,9999,2.2
8,53,1,2,12.15,14.27,2014,20000,12.3
8,54,2,2,7.27,8.54,2007,500000,17.8
8,2,1,6,34.12,40.05,2022,50000,9.9
8,42,1,1,98.4,115.51,2010,20000,120.0
8,2,1,7,34.12,40.05,2022,20000,41.0
8,42,1,6,44.98,52.8,2013,25000,36.0
8,42,1,6,55.2,64.8,2017,35000,65.0
8,2,1,6,7.62,8.94,2008,80000,7.2
8,42,1,6,55.2,64.8,2017,32000,65.0
3,13,1,7,10.17,11.94,2022,80,13.5
13,52,1,3,35.7,41.9,2017,50000,55.0
8,19,2,6,23.33,27.39,2021,16000,25.0
8,8,2,2,2.48,2.92,1987,56556,2.7
8,42,1,3,62.76,73.68,2019,1800,265.0
8,27,1,6,6.1,7.16,2009,29999,7.5
8,41,1,7,4.74,5.57,2008,30000,6.2
8,56,0,7,14.57,17.1,2018,40000,14.0
8,51,1,3,32.95,38.68,2022,10000,40.8
8,42,1,6,74.57,87.54,2022,10000,110.0
8,6,0,7,54.16,63.59,2013,50000,75.0
8,53,1,6,18.47,21.68,2018,21000,20.5
8,56,0,2,20.83,24.45,2022,6000,29.0
8,7,2,2,8.74,10.26,2005,27000,8.9
14,13,1,0,8.06,9.46,2015,29999,8.9
9,13,2,5,4.21,4.94,2007,9999,6.0
8,43,1,7,50.6,59.4,2007,438,55.0
8,42,1,6,74.57,87.54,2022,5000,86.0
17,35,1,6,19.42,22.8,2017,98066,17.5
15,40,0,6,22.42,26.32,2022,30700,25.5
8,0,0,7,12.07,14.17,1980,50000,30.0
8,19,2,6,23.33,27.39,2021,16,25.5
8,53,1,6,28.0,32.86,2023,200,30.5
17,13,0,2,255.59,300.04,2021,15000,360.0
17,16,0,2,15.8,18.55,2011,20000,48.0
8,51,1,3,32.11,37.7,2021,8500,46.0
8,2,1,6,7.62,8.94,2008,9999,7.5
8,19,2,6,23.33,27.39,2021,0,23.5
17,32,1,6,5.75,6.75,2006,20000,5.5
15,20,0,2,156.4,183.6,2016,26000,170.0
8,13,0,2,51.05,59.93,2021,45000,19.999999
17,32,1,4,5.1,5.99,2009,30000,15.0
17,33,1,6,5.1,5.98,2012,6789,2.2
17,29,1,7,6.83,8.02,2013,200000,9.0
17,29,1,6,6.83,8.02,2013,57138,9.2
8,27,1,6,19.38,22.75,2017,0,50.0
9,13,2,4,10.63,12.48,2022,200000,18.0
8,51,1,6,31.94,37.49,2020,21700,27.0
8,38,1,3,18.73,21.98,2007,45000,18.5
8,12,1,3,13.28,15.59,2006,65000,19.0
8,11,2,2,16.75,19.66,1993,13000,29.0
17,46,2,6,11.6,13.62,2022,7000,12.5
13,52,1,2,49.12,57.66,1980,123456,58.0
17,35,1,2,36.78,43.18,2022,10000,40.0
12,13,1,7,36.43,42.77,2024,2000,39.599
8,53,1,6,29.5,34.63,2025,600,27.0
17,16,0,2,14.51,17.04,2013,10000,14.5
17,16,0,2,14.51,17.04,2013,10000,16.5
8,5,1,7,9.14,10.73,2016,10000,22.5
8,42,1,7,65.28,76.63,2009,40,138.0
8,56,0,6,20.83,24.45,2022,200000,27.5
8,48,1,7,24.84,29.16,2020,40000,27.0
8,11,2,4,8.62,10.12,2010,50000,17.0
8,11,2,6,10.08,11.83,2016,45000,21.0
17,16,0,6,28.79,33.8,2022,18000,33.0
17,18,1,7,19.2,22.55,2021,20000,21.5
8,19,2,4,13.94,16.37,2001,46000,16.3
17,16,2,7,15.8,18.55,2011,60000,26.0
8,42,1,6,55.2,64.8,2017,11000,70.0
8,19,2,6,13.94,16.37,2001,65000,15.0
17,16,0,6,14.62,17.16,2016,28000,14.2
17,16,2,6,15.8,18.55,2011,60000,26.0
17,46,2,6,7.98,9.37,2016,60225,10.0
8,10,2,2,4.85,5.69,1990,17000,28.0
17,29,1,6,9.35,10.98,2019,57138,9.5
8,2,1,7,37.85,44.43,2024,17890,36.5
8,1,0,2,10.72,12.59,2025,40,16.0
11,13,1,7,2.33,2.74,2013,36500,4.0
15,49,2,4,39.46,46.33,2000,10000,220.0
17,29,1,7,6.83,8.02,2013,52,9.5
13,52,1,7,19.01,22.32,2014,41000,18.0
8,13,2,6,14.63,17.17,2016,47000,15.9
8,56,0,6,14.57,17.1,2018,60000,18.5
13,52,1,7,25.09,29.45,2016,1,37.5
8,2,1,4,12.59,14.78,2010,34000,32.5
8,43,1,6,49.35,57.93,2022,18903,48.5
8,12,1,6,13.28,15.59,2006,34000,19.0
8,13,0,7,79.75,93.62,2019,33000,115.0
8,27,1,7,6.1,7.16,2009,20000,7.5
8,2,1,7,15.9,18.67,2015,70000,20.0
8,27,1,6,27.45,32.22,2020,800,35.0
8,13,1,2,24.04,28.22,2022,700,19.0
17,25,2,6,15.14,17.78,2020,50000,8.6
8,2,1,4,8.99,10.56,2012,32000,31.0
8,42,1,3,98.4,115.51,2010,20007,135.0
8,42,1,6,98.4,115.51,2010,10,68.0
8,19,2,6,26.58,31.2,2023,40000,30.0
17,29,1,7,6.61,7.76,2012,76000,9.0
17,39,0,6,31.1,36.51,2020,8000,34.5
8,42,1,3,98.4,115.51,2010,37925,83.5
8,48,1,2,19.03,22.34,1997,8000,32.5
13,21,1,7,63.6,74.66,2020,25000,71.0
17,16,0,2,28.79,33.8,2022,15000,34.0
13,28,1,3,6.86,8.05,2012,360000,6.3
17,35,1,6,22.99,26.99,2019,25000,24.7
8,53,1,6,9.2,10.8,2010,50000,11.5
8,42,1,7,65.71,77.13,2020,6000,70.0
17,16,0,6,19.92,23.38,2019,33000,23.0
8,42,1,6,111.87,131.33,2011,24978,115.0
9,13,2,5,3.95,4.64,2008,50000,6.0
9,13,0,3,25.09,29.45,2018,560000,35.0
13,52,1,6,38.21,44.86,2018,23807,45.0
17,39,0,7,31.06,36.46,2019,50000,30.0
8,9,1,4,6.88,8.07,2008,72000,7.0
8,2,1,2,12.59,14.78,2010,50000,18.0
17,16,2,6,15.8,18.55,2011,20000,17.0
8,54,2,7,10.55,12.38,2002,28000,18.0
13,52,1,7,25.09,29.45,2016,40000,27.0
8,54,2,3,11.67,13.71,2020,23,13.0
8,9,1,3,45.7,53.64,2017,780000,35.5
8,6,0,4,81.15,95.26,2021,22000,68.0
8,11,2,4,15.08,17.71,1995,59000,110.0
8,42,1,6,39.18,45.99,2015,160000,40.0
13,28,1,6,10.11,11.87,2014,38000,12.0
8,57,2,2,17.08,20.05,2020,52000,17.0
8,54,2,5,9.73,11.42,2016,40000,5.0
8,56,0,6,13.87,16.28,2016,72000,12.0
8,42,1,6,98.4,115.51,2010,9999,99.999999
8,53,1,6,28.0,32.86,2023,23000,14.2
17,35,1,6,19.42,22.8,2017,20000,20.0
8,42,1,3,40.61,47.67,2008,57482,45.0
8,9,1,7,18.95,22.24,2013,34000,16.5
8,5,1,4,13.14,15.43,2008,45000,25.0
8,42,1,6,62.76,73.68,2019,40000,75.0
8,6,0,4,81.15,95.26,2021,15000,165.0
8,57,0,2,17.83,20.93,2021,36,18.0
8,42,1,3,40.61,47.67,2008,50000,75.0
13,52,1,6,6.74,7.91,2011,83366,15.0
17,29,1,7,5.98,7.02,2011,30000,7.5
8,51,1,2,32.95,38.68,2022,8500,30.5
17,46,2,6,13.34,15.66,2023,40000,17.0
17,17,0,10,16.1,18.9,2014,2800,38.0
8,57,0,3,17.83,20.93,2021,36,18.0
8,13,2,6,52.61,61.76,2023,50000,8.9
0,13,0,9,72.13,84.67,2023,15600,78.4
8,8,2,4,14.26,16.74,2023,220,14.3
8,2,1,6,12.59,14.78,2010,45000,16.0
17,16,0,6,16.16,18.97,2015,300000,14.0
8,42,1,3,65.28,76.63,2009,45000,46.0
17,46,2,6,6.12,7.18,2010,9575,8.0
8,51,1,3,41.35,48.54,2018,35000,60.0
8,19,2,2,17.14,20.13,2005,60000,39.5
17,16,0,6,14.62,17.16,2016,48000,15.5
15,13,1,10,24.84,29.16,2023,15500,29.9
8,42,1,4,74.57,87.54,2022,9000,112.0
8,6,0,3,24.84,29.16,2009,10000,45.0
8,2,1,6,6.91,8.11,2007,9999,9.2
17,22,1,7,40.49,47.53,2024,4500,43.0
8,2,1,6,6.91,8.11,2007,39000,7.0
9,13,2,8,4.21,4.94,2007,99999,4.9
8,2,1,2,15.9,18.67,2015,800000,60.0
15,20,0,3,26.28,30.85,2020,25000,32.5
8,2,1,6,13.83,16.24,2013,333333,14.8
16,13,0,7,3.117,3.659,2022,8000,300.0
17,46,2,2,8.35,9.81,2017,30000,8.0
8,2,1,6,20.71,24.32,2017,33267,26.5
8,54,2,4,10.55,12.38,2002,50000,19.5
14,14,2,8,3.42,4.02,2010,100000,5.3
8,19,2,6,20.05,23.54,2006,25743,23.0
13,52,1,3,25.09,29.45,2016,12000,36.599
8,42,1,7,74.57,87.54,2022,18810,78.0
17,35,1,7,36.78,43.18,2022,33000,42.0
8,2,1,6,12.59,14.78,2010,21000,9.5
8,54,2,7,7.27,8.54,2007,80,6.8
8,54,2,6,14.27,16.76,2023,9000,19.0
8,54,2,6,6.58,7.72,2011,75000,5.5
8,54,2,6,16.31,19.14,2024,10000,5.0
17,13,2,6,31.0,36.4,2025,0,10.0
10,31,2,0,3.04,3.56,2011,686868,3.2
14,3,1,8,4.06,4.76,2014,30000,3.9
8,2,1,6,8.99,10.56,2012,42800,9.0
8,13,2,0,8.41,9.87,1998,49999,16.5
8,2,1,6,32.29,37.91,2021,40000,36.9
8,27,1,6,16.53,19.41,2016,27000,19.0
13,26,1,6,5.41,6.35,2009,20000,7.0
10,31,2,0,3.04,3.56,2011,686868,2.9
8,53,1,7,12.15,14.27,2014,5000,12.0
9,13,2,8,3.41,4.0,2009,40000,3.5
8,2,1,6,8.99,10.56,2012,200000,8.5
8,27,1,6,7.98,9.37,2012,55000,12.5
8,2,1,6,8.99,10.56,2012,25000,12.5
8,12,1,2,11.43,13.42,2015,60000,13.5
17,46,2,2,7.98,9.37,2016,56000,10.5
8,36,1,6,41.13,48.28,2019,28000,38.5
14,13,2,2,6.47,7.6,2014,50,7.8
8,54,2,2,13.66,16.04,2021,80000,10.5
13,52,1,6,34.12,40.05,2025,20000,7.0
13,52,1,7,35.7,41.9,2017,39000,32.0
13,52,1,6,72.53,85.14,2024,4000,70.0
8,19,2,4,17.14,20.13,2005,19600,33.0
8,42,1,3,40.61,47.67,2008,20000,40.0
8,27,1,7,6.68,7.84,2010,15000,7.0
14,3,1,0,7.55,8.86,2016,30000,6.8
8,2,1,6,7.62,8.94,2008,49000,9.0
8,19,2,6,21.51,25.25,2007,28364,24.9
8,54,2,6,16.31,19.14,2024,1500,17.0
8,42,1,6,44.41,52.13,2016,38000,46.0
10,31,2,0,2.81,3.3,2010,686868,3.1
17,16,0,2,15.75,18.49,2017,19330,20.5
8,53,1,7,21.87,25.67,2020,35000,23.8
8,13,0,2,37.72,44.28,1980,100000,8.7
13,26,1,6,12.1,14.2,2014,30000,25.0
17,29,1,2,6.83,8.02,2013,1,8.5
13,59,1,6,9.61,11.29,2021,3300,18.9
8,53,1,3,21.87,25.67,2020,40000,22.5
8,2,1,6,37.85,44.43,2024,3568,55.0
15,23,1,7,3.25,3.81,2008,99999,3.0
8,54,2,0,17.45,20.48,2000,686868,3.2
8,53,1,2,10.54,12.37,2012,15000,12.5
8,2,1,6,10.02,11.76,2011,20000,10.5
8,2,1,7,38.07,44.69,2025,9999,7.8
8,54,2,4,14.27,16.76,2023,1500,68.8
10,31,2,3,3.04,3.56,2011,5000,1.85
17,46,2,6,6.33,7.43,2008,40000,8.3
8,57,0,6,24.75,29.06,2023,17000,22.0
8,57,0,7,23.44,27.51,2022,300000,27.0
8,54,2,6,9.73,11.42,2016,45800,8.7
13,26,1,6,10.49,12.31,2013,30000,12.5
8,2,1,2,10.02,11.76,2011,50000,10.5
13,52,1,6,19.01,22.32,2014,41547,26.5
8,42,1,6,44.41,52.13,2016,80000,48.0
10,31,2,0,2.76,3.24,2013,686868,2.8
8,53,1,2,28.0,32.86,2023,15000,30.0
8,36,1,6,15.13,17.76,2013,65000,13.0
8,8,2,2,6.14,7.21,1980,20000,2.9
8,5,2,6,9.35,10.98,2018,15000,16.5
8,42,1,6,55.2,64.8,2017,21374,75.0
8,57,0,6,17.83,20.93,2021,36000,18.9
8,36,1,6,22.82,26.79,2014,160000,24.0
8,2,1,7,20.71,24.32,2017,50000,28.5
8,51,1,3,32.11,37.7,2021,36999,36.0
8,13,1,2,10.91,12.81,2010,2000,9.8
8,53,1,6,15.48,18.17,2015,333333,14.5
8,2,1,6,10.02,11.76,2011,333333,9.0
8,42,1,6,62.76,73.68,2019,60000,75.0
17,16,0,2,13.82,16.22,2012,30999,12.0
8,54,2,5,11.52,13.52,2004,1000,2.9
14,14,2,6,3.49,4.1,2009,5000,3.5
8,54,2,2,6.82,8.01,2008,868686,4.2
8,2,1,7,15.19,17.83,2014,32000,12.8
8,13,0,8,30.5,35.8,2021,216847,18.0
17,46,2,7,11.6,13.62,2022,70000,12.5
9,13,2,5,3.95,4.64,2008,1,3.5
8,9,1,6,7.36,8.64,2007,80000,7.5
8,42,1,6,55.2,64.8,2017,47000,69.5
17,29,1,6,6.83,8.02,2013,25000,6.9
17,16,0,2,14.51,17.04,2013,25000,11.0
8,56,0,2,14.57,17.1,2018,28000,16.5
17,46,2,6,8.35,9.81,2017,43448,8.5
8,10,2,2,11.95,14.03,1993,65896,2.8
8,5,2,2,9.35,10.98,2018,100000,11.0
17,37,2,3,26.0,30.52,2024,4200,31.0
8,56,0,6,13.38,15.71,2017,50000,12.0
8,19,2,2,17.14,20.13,2005,50000,11.5
8,57,0,6,17.08,20.05,2020,9999,15.9
8,54,2,6,14.1,16.55,2022,100000,11.0
13,28,1,7,7.45,8.74,2013,50,6.5
8,51,1,6,32.11,37.7,2021,22000,39.0
9,13,0,3,3.66,4.3,2002,30000,6.0
14,3,1,7,4.42,5.18,2018,16000,5.0
8,54,2,6,7.65,8.98,2013,52000,7.9
8,19,2,6,22.85,26.82,2020,64000,18.0
8,2,1,6,8.6,10.1,2009,30000,6.6
8,10,2,2,14.76,17.33,1992,90000,25.0
8,7,0,10,72.21,84.76,2019,40000,31.0
8,42,1,3,98.4,115.51,2010,54500,98.0
13,26,1,3,10.49,12.31,2013,19000,13.0
17,16,0,6,19.92,23.38,2019,20000,23.0
8,2,1,6,12.59,14.78,2010,38101,17.5
17,35,1,7,22.99,26.99,2019,39500,19.0
8,54,2,4,17.45,20.48,2000,410000,40.0
15,23,1,2,3.6,4.23,2011,55555,4.5
15,13,2,2,4.79,5.63,2012,25000,3.9
8,48,1,2,17.33,20.34,1999,25000,23.5
17,39,1,0,43.32,50.85,2022,1500,45.0
8,2,1,6,19.98,23.46,2016,100000,18.0
8,54,2,0,10.55,12.38,2002,868686,4.0
8,2,1,6,36.71,43.1,2023,26000,42.0
8,7,0,2,72.21,84.76,2019,30000,0.117
8,2,1,2,22.35,26.24,2018,77000,15.0
8,6,0,6,100.5,117.98,2022,6000,175.0
17,16,0,2,14.62,17.16,2016,50000,15.0
17,46,2,2,13.82,16.22,2024,4500,20.4
17,32,1,6,5.1,5.99,2009,20000,4.7
17,16,0,3,13.82,16.22,2012,123456,10.5
8,43,1,6,49.35,57.93,2022,12000,53.5
8,54,2,6,7.65,8.98,2013,55000,7.7
8,42,1,6,44.41,52.13,2016,36000,39.0
8,53,1,2,16.88,19.81,2016,277000,15.5
8,0,2,7,9.18,10.78,1997,9999,22.0
8,11,2,0,11.52,13.52,2001,68686,4.2
17,24,1,6,13.85,16.26,2018,18000,19.5
15,44,2,3,21.52,25.26,2020,18800,23.6
17,16,0,6,17.09,20.06,2018,26000,18.0
17,16,0,6,17.09,20.06,2018,26000,15.0
8,27,1,6,27.45,32.22,2020,13000,32.0
15,13,0,3,41.82,49.09,2020,50000,6.999999
8,11,2,4,9.61,11.28,2000,50000,28.5
8,57,0,2,17.08,20.05,2020,38000,18.9
17,16,0,6,28.79,33.8,2022,9000,31.0
8,48,1,2,19.45,22.83,2000,100000,25.0
8,54,2,5,11.52,13.52,2004,1000,2.8
17,29,1,6,9.43,11.07,2016,20000,9.8
8,2,1,6,10.02,11.76,2011,80000,9.4
17,46,2,4,6.33,7.43,2008,50000,6.7
17,13,0,7,50.6,59.4,2001,8888,320.0
9,13,0,7,4.21,4.94,2007,10000,7.0
17,33,1,7,4.01,4.71,2010,50000,3.5
8,13,1,3,28.36,33.3,2021,220000,34.0
8,53,1,6,28.0,32.86,2023,7000,72.0
8,42,1,7,39.18,45.99,2015,30,32.0
9,13,2,7,3.55,4.17,2010,0,4.5
17,46,2,2,6.22,7.3,2009,100000,5.9
8,2,1,7,8.6,10.1,2009,35000,6.7
14,15,1,8,4.32,5.07,2013,72000,2.5
8,53,1,6,28.0,32.86,2023,4000,75.0
8,54,2,6,11.67,13.71,2020,30000,11.5
17,32,1,3,6.21,7.29,2005,10000,3.9
8,53,0,6,28.0,32.86,2023,9000,90.0
8,13,1,3,29.98,35.19,2022,22128,29.9
8,1,1,2,8.43,9.89,2002,55000,15.0
8,51,1,3,41.35,48.54,2018,8000,40.0
8,54,2,3,16.31,19.14,2024,20000,18.0
8,2,1,6,36.71,43.1,2023,15000,35.9
17,16,0,2,13.86,16.27,2014,3999,22.5
17,13,1,3,1.93,2.26,2007,12345,4.5678
8,42,1,2,33.2,38.97,2007,50000,41.5
8,42,1,2,33.2,38.97,2007,50000,41.2
17,33,1,4,2.73,3.2,2005,29000,9.5
17,25,2,6,7.7,9.04,2013,500000,10.2
8,54,2,4,10.55,12.38,2002,68686,3.6
8,27,1,6,35.87,42.11,2023,28000,40.0
8,5,2,7,8.9,10.45,2017,30000,11.0
8,54,2,6,6.87,8.06,2012,500000,8.5
13,13,1,2,20.52,24.08,2015,30000,23.5
17,46,2,2,6.23,7.31,2011,40000,6.5
8,2,1,6,12.59,14.78,2010,45286,15.0
13,52,1,2,43.1,50.6,2019,150000,25.0
17,33,1,6,3.16,3.71,2008,100000,2.5
17,35,1,6,22.99,26.99,2019,52895,24.0
8,54,2,6,6.06,7.11,2010,222229,7.5
8,19,2,6,17.14,20.13,2005,9999,28.0
17,16,0,2,14.62,17.16,2016,100000,16.0
8,51,1,3,31.94,37.49,2020,15000,25.0
9,13,1,6,12.56,14.75,2024,40,18.5
8,42,1,6,74.57,87.54,2022,27500,61.5
13,52,1,7,5.2,6.1,2010,45000,5.99
17,16,0,7,16.16,18.97,2015,36000,15.0
10,31,2,0,6.41,7.53,2015,68686,3.5
9,13,0,6,4.55,5.34,2015,9999,7.779339
15,49,0,3,29.05,34.1,2003,1000,15.0
13,28,1,6,7.45,8.74,2013,30000,5.5
13,52,1,3,43.1,50.6,2019,12000,27.0
8,11,2,6,10.41,12.22,2005,238000,24.5
8,2,1,7,23.78,27.91,2019,39000,24.0
8,54,2,6,13.66,16.04,2021,60000,8.5
17,16,2,6,13.82,16.22,2012,28000,25.0
17,29,1,3,6.61,7.76,2012,60000,7.0
8,57,0,6,17.83,20.93,2021,3000,25.9
13,26,1,7,5.41,6.35,2009,30000,6.8
8,2,1,7,8.99,10.56,2012,40000,9.0
8,53,0,6,28.0,32.86,2023,900000,120.0
17,35,1,6,19.42,22.8,2017,55000,16.5
8,36,1,7,39.39,46.24,2020,70000,38.0
8,10,2,2,5.26,6.18,2000,868686,2.3
8,51,1,4,31.94,37.49,2020,35000,33.5
17,25,2,6,7.7,9.04,2013,50000,11.5
8,53,1,2,10.54,12.37,2012,10000,10.9
9,13,0,3,3.41,4.0,2009,30000,8.8
17,46,2,6,7.98,9.37,2016,8000,6.2
8,10,2,2,11.95,14.03,1993,30000,5.9
10,13,0,2,193.2,226.8,2024,900000,135.0
8,27,1,6,19.38,22.75,2017,15000,18.0
8,54,2,2,11.68,13.71,2019,50000,13.5
8,27,1,2,22.94,26.93,2018,200000,25.0
17,16,0,6,14.62,17.16,2016,33333,19.2
8,10,2,2,11.06,12.99,2003,67890,2.8
8,53,1,2,11.03,12.95,2013,60000,8.7
8,11,2,7,14.49,17.01,1996,320000,11.0
8,56,0,6,16.04,18.83,2019,23000,20.5
8,41,1,2,4.67,5.49,2007,1077,6.8
8,42,1,3,44.05,51.71,2006,600000,45.0
8,42,1,6,62.76,73.68,2019,19000,75.0
8,27,1,7,7.25,8.51,2011,50000,6.3
8,2,1,6,13.83,16.24,2013,6789,19.0
8,27,1,6,6.1,7.16,2009,6789,8.5
8,56,0,6,13.38,15.71,2017,66812,17.0
8,10,2,2,6.61,7.76,1981,500000,1.0
8,19,2,6,26.94,31.63,2008,888,35.5
8,19,2,2,20.85,24.48,2019,35000,18.0
9,13,1,3,3.68,4.32,2010,22000,9.0
8,54,2,2,7.97,9.36,2014,24907,12.6
8,11,2,6,13.8,16.21,2004,15000,20.0
8,9,1,6,7.33,8.6,2007,30000,8.0
5,13,2,4,19.32,22.68,2024,560,21.0
8,5,2,2,9.51,11.16,2017,55000,7.5
8,54,2,6,14.19,16.66,2023,10000,17.5
8,51,1,3,51.28,60.19,2017,45000,52.0
8,2,2,6,20.04,23.53,2016,40000,23.0
8,55,0,0,6.45,7.57,2011,44444,5.4
8,2,1,6,20.04,23.53,2016,33333,23.5
17,16,2,4,13.61,15.98,2014,6000,156.0
8,57,0,6,24.85,29.17,2023,2846,35.0
17,13,1,6,15.9,18.67,2013,20000,15.0
8,57,0,7,17.08,20.05,2020,1500,28.5
8,11,2,7,11.35,13.32,2016,28000,22.5
8,42,1,7,44.64,52.4,2006,25000,55.0
8,27,1,2,7.34,8.61,2011,70,9.0
14,13,1,8,3.5,4.1,2013,100,3.8
8,51,1,6,30.2,35.45,2019,30000,33.0
8,8,2,2,8.74,10.26,1982,9999,15.3
8,2,1,6,9.85,11.56,2011,185000,10.8
13,59,1,6,4.53,5.32,2006,19000,6.0
9,13,2,0,3.44,4.04,2003,33333,2.4
8,54,2,0,7.37,8.65,2013,10,6.8
8,54,2,4,22.73,26.69,1999,99999,27.0
8,42,1,6,55.9,65.62,2017,10000,60.0
8,54,2,7,6.77,7.94,2008,99999,11.0
17,46,2,2,13.47,15.81,2023,44000,14.5
8,13,1,2,9.94,11.67,1980,58888,17.0
14,13,1,6,9.54,11.2,2019,21000,7.8
10,13,0,4,41.4,48.6,2020,14000,45.0
8,12,1,3,8.01,9.41,2005,65000,37.0
8,2,1,6,36.71,43.1,2023,14000,37.9
8,10,2,5,11.08,13.01,2019,20000,8.0
8,54,2,2,6.78,7.96,2009,19999,23.999999
8,54,2,6,6.78,7.96,2009,40000,10.5
8,12,1,3,8.51,9.99,2004,200000,7.0
8,42,1,1,111.75,131.19,2011,20000,160.0
8,51,1,3,36.06,42.33,2023,47000,32.5
8,13,1,7,9.76,11.45,2005,40000,35.0
14,13,2,8,8.56,10.04,2018,25000,8.0
17,25,2,6,24.84,29.16,2025,420,27.0
8,2,1,6,33.65,39.5,2022,22000,37.0
17,16,0,7,28.44,33.39,2022,2300,27.5
8,19,2,6,24.46,28.71,2011,50000,34.0
13,26,1,6,8.66,10.17,2012,100,12.0
8,42,1,3,66.96,78.61,2009,10000,168.0
14,3,1,7,3.73,4.38,2012,12000,2.8
8,51,1,4,31.97,37.53,2020,14000,37.5
8,19,2,6,21.86,25.66,2007,123568,30.0
17,16,0,2,15.17,17.81,2015,900000,15.2
8,12,1,3,7.89,9.26,2003,78000,12.5
8,56,0,2,18.31,21.49,2021,32000,26.0
8,42,1,3,109.65,128.72,2012,140000,190.0
13,26,1,6,10.6,12.44,2013,16,30.0
8,2,1,6,33.65,39.5,2022,273640,10.0
8,54,2,6,14.19,16.66,2023,13000,20.0
8,43,1,6,36.13,42.41,2018,16000,39.5
17,13,0,7,26.85,31.52,2019,6500,38.0
8,2,1,7,9.85,11.56,2011,806685,11.2
8,42,1,3,40.73,47.82,2008,61,70.0
15,40,0,6,17.58,20.64,2018,21000,20.0
8,54,2,6,10.24,12.02,2005,8000,48.0
8,42,1,3,66.96,78.61,2009,370000,130.0
14,13,0,8,9.2,10.8,2013,0,10.0
8,47,0,2,20.65,24.24,2019,100000,19.0
14,13,2,7,7.97,9.36,2015,10000,3.5
8,57,0,7,23.44,27.52,2022,21000,25.0
8,57,0,6,24.85,29.17,2023,30000,27.5
8,42,1,6,62.14,72.95,2019,10000,75.0
8,51,1,7,31.97,37.53,2020,9999,38.8
8,56,0,7,13.96,16.39,2016,180000,26.8
17,16,0,7,22.62,26.56,2020,9999,26.8
8,19,2,6,18.24,21.42,2018,40000,24.0
8,13,1,3,14.26,16.74,2025,1500,74.0
14,45,1,0,7.65,8.98,2012,86000,14.0
8,54,2,7,6.77,7.94,2008,650000,20.0
8,54,2,2,6.77,7.94,2008,0,20.0
17,13,0,7,46.19,54.22,2021,9500,48.0
17,24,1,7,13.07,15.34,2017,57000,16.5
8,55,0,2,3.62,4.25,2008,40000,5.5
8,54,2,2,14.31,16.8,2022,20000,15.5
8,2,1,7,7.06,8.28,2007,30000,8.8
8,10,2,7,6.31,7.41,1980,50000,7.0
17,58,0,3,57.39,67.37,2021,1300,66.0
8,51,1,6,30.2,35.45,2019,30000,37.0
14,13,0,8,11.48,13.48,2011,20000,15.5
8,51,1,6,31.97,37.53,2020,20000,38.8
8,51,1,7,51.28,60.19,2017,40000,58.0
14,13,0,8,15.3,17.96,2018,24000,22.0
8,42,1,3,111.75,131.19,2011,150088,125.0
9,13,1,3,11.97,14.05,2023,800,69.5
8,54,2,6,11.69,13.72,2019,21000,16.0
15,44,0,2,20.16,23.67,2019,7000,25.0
8,2,1,7,13.6,15.96,2013,57751,16.5
8,27,1,2,28.22,33.12,2021,37000,30.0
17,16,2,6,15.17,17.81,2015,15000,25.0
8,42,1,6,38.82,45.57,2015,45600,40.0
8,27,1,6,5.18,6.08,2007,100000,5.0
17,16,0,2,15.17,17.81,2015,15951,25.0
8,56,0,6,13.96,16.39,2016,78000,16.0
8,54,1,5,5.94,6.97,2010,200000,5.0
8,42,1,6,111.75,131.19,2011,210000,113.0
8,42,1,3,40.73,47.82,2008,49000,68.0
8,42,1,3,74.3,87.23,2022,2000,55.0
8,42,1,6,74.3,87.23,2022,33000,75.0
8,42,1,3,74.21,87.11,2023,100000,60.0
8,10,2,6,11.08,13.01,2019,11000,10.5
8,56,0,6,14.49,17.01,2018,32000,23.0
8,19,2,2,14.32,16.81,2001,60000,25.0
8,19,2,2,14.27,16.75,2002,29300,40.0
8,54,2,0,18.09,21.23,2000,5000,9.5
17,16,0,6,28.44,33.39,2022,30000,32.0
15,44,0,3,251.13,294.81,2006,44000,219.0
8,54,2,2,10.03,11.77,2003,500000,12.8
8,13,1,2,18.4,21.6,2025,5000,20.0
8,13,2,2,58.47,68.64,2023,500000,28.0
8,19,2,6,26.52,31.14,2009,20000,85.0
8,53,1,6,24.5,28.77,2021,21000,27.5
8,19,2,4,24.46,28.71,2011,300000,8.5
8,2,1,4,9.85,11.56,2011,1234,30.0
8,2,1,7,13.6,15.96,2013,68977,15.0
8,19,2,7,26.94,31.63,2008,67000,45.0
13,13,1,6,19.87,23.33,2016,51000,23.0
8,54,2,6,10.24,12.02,2005,300000,25.0
15,23,1,6,4.44,5.22,2013,10000,5.0
8,42,1,3,44.64,52.4,2006,100000,52.0
8,54,2,4,6.78,7.96,2009,20000,8.5
8,19,2,2,26.5,31.11,2023,23000,22.0
17,16,0,2,13.61,15.98,2014,54000,11.9
17,46,2,0,6.93,8.14,2015,900000,13.5
8,11,2,0,10.74,12.6,2003,10000,13.8
13,52,1,7,59.13,69.42,2023,6400,85.0
13,21,1,3,23.9,28.06,2015,36000,24.0
17,16,0,6,22.62,26.56,2020,40000,25.0
8,2,1,6,9.85,11.56,2011,33333,11.8
13,52,1,6,22.2,26.06,2015,39000,28.0
8,2,1,7,13.6,15.96,2013,30000,17.5
8,2,1,6,9.85,11.56,2011,99999,9.5
8,13,2,6,38.39,45.07,2024,0,19.0
8,2,1,3,7.57,8.89,2008,100000,7.0
8,54,2,6,7.37,8.65,2013,9999,8.9
8,56,0,6,14.49,17.01,2018,25000,19.0
8,2,1,7,13.6,15.96,2013,30000,13.8
8,56,0,6,13.75,16.14,2017,62000,12.9
8,53,1,6,15.49,18.18,2015,40000,16.0
8,54,2,2,10.0,11.74,2017,300000,7.0
8,2,1,6,9.06,10.64,2012,80000,8.5
8,42,1,3,95.08,111.62,2010,50000,90.0
8,2,1,6,24.1,28.29,2019,43000,28.0
8,57,0,6,17.63,20.69,2021,50000,21.5
8,42,1,3,75.95,89.16,2024,878,260.0
14,13,2,8,2.76,3.24,2008,65000,1.9
9,13,1,5,9.12,10.71,2019,10000,9.555555
8,56,0,6,13.75,16.14,2017,9999,15.6
14,15,1,7,3.28,3.85,2009,10000,1.0
8,56,0,6,15.55,18.25,2019,13400,15.0
8,51,1,3,40.54,47.59,2018,90000,64.0
8,2,1,2,12.64,14.84,2010,34824,9.0
8,13,1,6,6.78,7.96,2008,999999,15.0
8,54,2,0,10.4,12.2,2018,1000,9.5
8,54,2,0,10.4,12.2,2018,500,9.5
14,13,0,7,19.1,22.42,2019,32000,17.0
8,51,1,3,30.2,35.45,2019,47000,35.8
8,51,1,6,36.06,42.33,2023,3000,43.0
17,32,1,2,5.1,5.99,2009,30000,4.2
8,53,1,2,16.83,19.75,2016,30000,12.0
8,42,1,3,77.17,90.59,2025,878,250.0
8,27,1,6,33.02,38.76,2022,25000,35.0
8,56,0,7,15.55,18.25,2019,70000,8.5
8,54,2,5,6.77,7.94,2008,1,4.0
8,53,1,2,12.27,14.4,2014,16000,12.2
13,50,1,6,28.55,33.52,2015,20000,32.5
8,53,2,3,20.8,24.42,2019,30000,20.0
15,23,1,6,3.51,4.12,2009,56000,2.5
8,42,1,6,95.08,111.62,2010,30000,140.0
8,54,2,2,7.37,8.65,2013,60000,7.5
8,53,1,2,15.49,18.18,2015,37000,16.5
17,24,1,7,19.94,23.41,2023,30000,18.9
8,53,1,2,12.27,14.4,2014,16000,12.4
17,16,0,6,16.76,19.67,2018,50000,16.0
14,3,1,2,3.4,3.99,2011,20000,3.2
17,16,0,6,15.73,18.46,2017,43000,19.0
9,13,2,5,3.92,4.6,2006,123456,3.5
8,2,1,6,36.71,43.1,2023,23000,52.0
4,13,0,5,9.94,11.66,2020,999,4.0
17,25,2,6,7.46,8.75,2012,88000,3.5
17,25,2,2,6.75,7.93,2014,533057,7.0
8,10,2,6,2.88,3.38,2011,26365,8.0
8,53,1,2,15.49,18.18,2015,35000,16.0
8,54,2,2,12.48,14.66,2025,350,19.0
8,54,2,6,11.69,13.72,2019,45500,10.9
17,29,1,2,8.71,10.22,2015,500000,6.5
8,42,1,6,55.9,65.62,2017,47000,56.0
17,16,0,6,16.76,19.67,2018,30816,19.6
8,10,2,6,2.88,3.38,2011,15000,0.0068
8,2,1,7,7.57,8.89,2008,12345,6.5
8,54,2,2,10.03,11.77,2003,14000,35.0
11,13,1,8,4.4,5.16,2012,210193,6.5
13,52,1,7,6.57,7.71,2011,15000,8.0
8,8,2,7,11.13,13.07,2024,2000,12.8
8,27,1,6,15.31,17.98,2014,25000,18.0
8,54,2,7,5.94,6.97,2010,30000,6.8
8,54,2,6,6.99,8.21,2012,10000,2.2
8,56,0,6,23.81,27.95,2023,123,23.0
8,54,2,6,14.19,16.66,2023,23524,14.5
8,42,1,3,95.08,111.62,2010,30000,130.0
8,36,1,6,16.87,19.8,2012,123,19.0
8,51,1,3,40.54,47.59,2018,45000,28.5
17,16,2,4,41.94,49.23,2006,100,45.0
8,54,2,2,11.43,13.42,2020,5000,13.0
15,13,1,4,7.84,9.2,2017,40,9.7
17,18,1,6,25.62,30.07,2024,1200,28.3
8,27,1,6,6.64,7.79,2010,82000,8.0
8,42,1,7,57.96,68.03,2018,28000,68.8
8,42,1,3,40.73,47.82,2008,54000,65.0
8,10,2,5,73.28,86.03,2024,10000,12.0
13,28,1,7,19.59,22.99,2018,22500,20.0
8,54,2,7,22.73,26.69,1999,6868,31.0
8,54,2,7,15.95,18.72,2024,7791,18.0
8,42,1,7,38.82,45.57,2015,40000,67.0
8,51,1,4,40.54,47.59,2018,35000,30.0
8,11,2,2,13.97,16.4,1996,99999,15.0
15,23,1,6,3.5,4.11,2011,30000,5.0
8,54,2,6,10.4,12.2,2018,34000,10.0
9,13,2,3,4.37,5.13,2007,0,4.5
8,13,1,2,16.15,18.96,2015,19427,380.0
8,54,2,5,10.4,12.2,2018,1,3.3
8,27,1,6,35.97,42.22,2023,8000,42.0
8,54,2,5,7.37,8.65,2013,1000,3.5
8,42,1,3,77.17,90.59,2025,700,265.0
17,16,0,7,13.61,15.98,2014,45000,14.5
8,42,1,6,74.3,87.23,2022,17000,80.0
8,6,0,4,99.24,116.5,2022,20000,138.8
8,2,1,7,15.19,17.83,2014,100000,10.0
8,42,1,7,57.96,68.03,2018,11000,78.8
17,33,1,2,6.13,7.2,2013,9999,4.2
8,42,1,6,55.9,65.62,2017,25000,65.0
8,54,2,6,9.54,11.2,2016,40000,11.5
8,48,1,2,19.75,23.19,2000,100000,1.5
8,57,0,6,16.31,19.15,2019,19000,22.0
17,16,0,2,14.53,17.05,2013,31000,19.0
8,43,1,6,47.95,56.28,2021,19110,52.0
9,13,1,6,12.05,14.15,2024,1900,10.0
8,42,1,3,95.08,111.62,2010,34000,135.0
17,46,2,6,6.02,7.06,2007,999999,6.0
8,19,2,6,14.27,16.75,2002,500000,13.3
8,42,1,6,74.3,87.23,2022,7300,118.0
8,6,0,4,75.95,89.15,2019,17000,60.0
8,56,0,6,13.75,16.14,2017,100000,17.0
8,54,2,6,10.4,12.2,2018,17000,13.0
9,13,0,5,6.5,7.63,2018,20000,21.0
17,46,2,7,7.9,9.27,2016,20000,13.9
8,43,1,6,52.52,61.65,2023,17800,59.0
8,42,1,3,66.96,78.61,2009,150,110.0
8,2,1,2,9.06,10.64,2012,300000,0.0105
8,27,1,6,19.71,23.14,2017,40000,19.5
8,54,2,6,12.48,14.66,2025,2000,20.0
8,56,0,7,14.49,17.01,2018,104386,14.85
8,56,0,6,13.96,16.39,2016,32000,14.5
8,36,1,3,39.88,46.82,2018,20000,41.5
17,16,0,4,14.53,17.05,2013,10000,13.0
8,42,1,7,40.73,47.82,2008,27000,50.0
6,13,1,0,8.93,10.48,2022,4000,14.5
17,35,1,6,23.25,27.29,2019,99999,12.5
8,56,2,6,13.75,16.14,2017,20000,11.5
15,23,1,2,4.69,5.51,2014,999999,1.55
14,3,1,6,4.31,5.05,2013,100000,3.6
17,33,1,7,5.23,6.14,2014,75000,6.3
8,10,2,2,3.59,4.21,2014,1000,6.3
8,27,1,2,7.87,9.24,2012,32000,8.5
15,13,1,4,7.84,9.2,2017,37,9.5
8,42,1,6,74.3,87.23,2022,200000,90.0
8,57,0,6,28.32,33.25,2024,50,26.0
8,54,2,2,6.99,8.21,2012,50000,8.5
8,54,2,6,6.99,8.21,2012,716586,11.0
17,16,0,2,29.51,34.64,2024,100,40.0
17,13,2,2,4.8,5.64,2015,50000,6.8
14,3,1,8,4.12,4.83,2014,51000,3.2
17,16,0,7,28.44,33.39,2022,62000,28.0
15,4,2,7,5.72,6.72,2014,20000,7.0
8,51,1,3,35.85,42.08,2024,2000,46.0
8,56,0,6,14.49,17.01,2018,25000,20.5
8,48,1,2,29.9,35.1,2021,80000,20.0
8,56,0,6,14.49,17.01,2018,45000,8.5
8,54,2,0,7.21,8.46,2007,20004,5.9
9,13,2,0,3.44,4.04,2003,1000,7.5
8,42,1,3,95.08,111.62,2010,34000,142.0
8,54,2,2,11.69,13.72,2019,190000,13.5
8,43,1,6,52.52,61.65,2023,170000,58.0
17,46,2,6,9.86,11.57,2020,16000,16.0
8,10,2,2,8.55,10.04,1997,9999,5.0
8,8,2,2,4.14,4.86,2002,123456,3.5
17,13,1,2,20.64,24.23,2017,36000,6.8
17,29,1,6,6.09,7.15,2011,123456,6.3
8,54,2,4,10.03,11.77,2003,10000,50.0
8,11,2,5,4.08,4.78,2018,50000,6.5
8,9,1,7,7.53,8.84,2010,99999,9.0
8,54,2,2,6.78,7.96,2009,100000,7.8
17,32,1,6,4.6,5.4,2018,25000,7.0
8,2,1,7,9.06,10.64,2012,1,11.0
8,11,2,7,15.43,18.12,1999,82,9.5
8,51,1,6,30.2,35.45,2019,280000,34.8
17,16,0,6,15.17,17.81,2015,115293,20.0
17,22,1,6,15.48,18.18,2014,140000,14.0
8,54,2,2,10.24,12.02,2005,500000,19.0
8,57,0,6,17.08,20.05,2020,12345,19.5
17,16,0,7,15.73,18.46,2017,100000,21.0
8,27,1,6,16.55,19.43,2016,28000,14.5
8,13,1,2,9.16,10.76,2000,20000,6.5
8,56,0,7,14.49,17.01,2018,50000,7.8
8,2,1,6,29.9,35.1,2020,43000,36.0
8,54,2,6,5.94,6.97,2010,100000,9.0
8,27,1,6,7.34,8.61,2011,123456,7.5
8,42,1,7,66.3,77.83,2020,38,69.0
8,54,2,7,7.37,8.65,2013,1000,7.0
13,52,1,6,45.34,53.22,2022,8000,65.0
8,54,2,2,5.94,6.97,2010,123456,7.0
8,42,1,6,74.3,87.23,2022,6900,86.0
17,29,1,2,6.09,7.15,2011,30000,5.9
8,2,1,7,13.6,15.96,2013,36016,16.3
8,53,1,6,26.26,30.82,2022,13000,28.0
0,13,0,7,411.06,482.54,2016,20000,149.0
8,54,2,6,13.65,16.03,2021,46000,15.5
8,2,1,7,9.85,11.56,2011,51000,9.4
8,54,2,2,7.21,8.46,2007,123456,10.2
17,32,1,6,19.53,22.92,2022,99999,8.5
8,2,1,6,24.1,28.29,2019,53459,1.5
8,53,1,2,24.45,28.7,2021,65460,10.5
8,51,1,3,35.34,41.48,2023,10000,44.0
8,7,0,7,39.06,45.86,2022,1500,41.0
17,13,1,8,27.6,32.4,2014,20000,30.0
15,13,0,7,24.84,29.16,2023,40000,30.0
13,28,1,6,6.86,8.05,2012,99999,6.5
8,54,2,6,11.52,13.52,2004,2500,65.0
8,42,1,6,74.57,87.54,2022,14600,110.0
17,16,0,6,16.16,18.97,2015,102000,16.0
8,10,2,7,4.85,5.69,1990,100,20.0
8,56,0,6,16.04,18.83,2019,15000,18.5
8,53,1,6,28.0,32.86,2023,20000,30.5
9,13,0,3,6.24,7.32,2017,33820,49.0
8,42,1,3,74.57,87.54,2022,22000,120.0
8,42,1,3,98.4,115.51,2010,30000,85.0
13,13,1,6,4.14,4.86,2015,30000,6.8
8,57,0,2,17.08,20.05,2020,15000,22.5
8,9,1,7,6.88,8.07,2008,490000,7.9
8,2,1,2,15.19,17.83,2014,10000,17.0
8,27,1,6,6.1,7.16,2009,25,7.9
13,52,1,3,49.12,57.66,1980,9999,85.0
8,9,1,6,6.88,8.07,2008,493594,9.5
8,51,1,3,35.34,41.48,2023,10000,45.0
8,42,1,7,111.87,131.33,2011,23000,179.0
8,42,1,6,55.2,64.8,2017,20000,55.0
8,5,2,2,11.58,13.6,2019,30038,13.0
8,56,0,7,14.57,17.1,2018,49000,16.5
13,52,1,6,6.74,7.91,2011,47500,20.0
8,2,1,2,20.71,24.32,2017,7000,29.3
8,9,1,6,7.35,8.63,2010,30000,12.9
13,52,1,7,43.05,50.54,2022,28000,55.0
17,25,2,7,6.39,7.5,2011,10000,7.0
13,13,1,3,12.8,15.03,2012,5342,13.0
8,42,1,6,44.98,52.8,2013,50000,45.0
8,42,1,6,62.76,73.68,2019,10000,92.0
8,9,1,4,28.8,33.8,2014,25000,30.0
8,42,1,2,101.46,119.11,2012,80000,190.0
13,28,1,3,36.33,42.65,2023,3000,55.5
8,2,1,4,10.02,11.76,2011,15,18.0
15,20,0,2,156.4,183.6,2016,17000,185.0
8,36,1,7,16.03,18.82,2011,60000,21.5
8,42,1,6,74.57,87.54,2022,25856,89.0
17,13,1,7,10.73,12.6,2017,37430,15.0
8,42,1,3,101.46,119.11,2012,31000,200.0
17,16,0,6,17.09,20.06,2018,34000,18.0
8,11,2,2,14.49,17.01,1996,15000,30.0
11,13,2,7,8.36,9.82,2017,10000,10.0
8,42,1,6,78.55,92.21,2025,38878,18.5
8,10,2,2,11.68,13.72,1994,52000,13.5
8,12,1,7,11.58,13.59,2005,28000,40.0
17,16,0,6,13.86,16.27,2014,500000,22.0
17,46,2,2,6.22,7.3,2009,0,8.9
8,57,0,3,17.08,20.05,2020,28000,22.0
8,27,1,2,15.38,18.06,2015,43000,18.5
14,13,0,7,11.94,14.02,2011,20000,17.9
8,54,2,6,11.52,13.52,2004,2230,64.0
8,54,2,2,6.06,7.11,2010,68000,13.5
13,52,1,6,6.48,7.61,2009,38000,18.0
8,2,1,2,37.85,44.43,2024,3000,48.0
8,57,0,6,16.51,19.38,2019,62000,15.8
17,33,1,6,6.14,7.21,2013,30000,7.0
8,54,2,6,10.08,11.83,2003,100000,14.0
13,52,1,6,43.1,50.6,2019,20000,47.0
8,2,1,6,8.6,10.1,2009,10000,10.0
13,13,1,3,19.87,23.33,2016,29000,21.0
17,32,1,4,6.09,7.15,2007,10000,10.8
8,47,0,6,21.3,25.0,2017,300000,23.0
17,16,0,6,13.86,16.27,2014,70000,19.5
17,32,1,4,6.09,7.15,2007,14800,10.8
8,54,2,2,7.27,8.54,2007,22000,11.0
13,52,1,6,19.01,22.32,2014,100000,25.0
8,7,0,7,39.06,45.86,2022,1433,62.0
8,42,1,4,69.27,81.32,2021,53000,150.0
13,50,1,3,60.06,70.5,2022,77000,80.0
8,2,1,7,15.9,18.67,2015,9000,21.6
8,42,1,4,73.25,85.99,2023,2100,119.0
8,42,1,4,74.57,87.54,2022,14000,108.0
8,42,1,6,98.4,115.51,2010,320000,80.0
17,16,0,6,16.16,18.97,2015,57000,20.0
17,32,1,6,6.47,7.59,2011,32000,7.0
17,16,2,7,42.81,50.25,2006,30000,17.0
8,7,0,7,72.21,84.76,2019,5000,155.0
8,2,1,6,8.99,10.56,2012,80000,9.5
8,13,2,4,69.83,81.97,1992,30000,5.7
8,51,1,4,32.11,37.7,2021,6726,50.0
8,53,1,2,21.1,24.77,2019,20000,19.5
8,13,0,2,16.88,19.82,2015,10000,12.0
15,13,2,6,6.82,8.01,2013,166840,2.3
8,56,0,2,14.57,17.1,2018,40000,12.5
8,2,1,7,15.9,18.67,2015,9000,26.6
17,35,1,2,19.42,22.8,2017,38000,18.5
8,51,1,2,41.35,48.54,2018,6400,28.5
8,51,1,7,41.35,48.54,2018,35000,34.0
8,51,1,7,36.19,42.49,2024,1600,38.0
8,53,1,6,24.45,28.7,2021,18000,26.0
8,2,1,6,22.35,26.24,2018,19020,19.0
8,43,1,2,33.34,39.14,2017,42000,36.5
17,24,1,7,16.1,18.9,2021,23200,18.5
8,42,1,6,58.13,68.25,2018,15000,72.9
17,29,1,2,6.83,8.02,2013,200000,7.5
8,42,1,6,55.2,64.8,2017,100000,55.0
8,51,1,3,30.13,35.37,2019,27500,29.5
8,6,0,6,111.64,131.05,2020,18500,128.0
17,16,0,6,22.36,26.25,2020,15000,21.5
8,48,1,2,5.95,6.98,2006,0,4.85
8,2,1,6,22.35,26.24,2018,48000,20.0
8,54,2,7,6.58,7.72,2011,15972,6.0
8,43,1,6,27.41,32.18,2015,56000,29.0
8,54,2,6,6.87,8.06,2012,55000,7.0
17,58,0,6,56.88,66.78,2022,14000,66.0
8,54,2,2,11.68,13.71,2019,70000,13.0
8,43,1,6,28.36,33.3,2014,54000,32.0
8,51,1,7,41.35,48.54,2018,54000,32.0
8,43,1,6,27.41,32.18,2015,56000,34.0
8,57,0,6,17.08,20.05,2020,28000,23.0
13,52,1,6,59.58,69.94,2023,0,890.0
17,33,1,7,3.58,4.2,2009,10000,3.8
8,54,2,7,6.69,7.85,2009,100000,2.2
8,54,2,6,6.87,8.06,2012,110000,8.5
8,9,1,2,6.88,8.07,2008,5,10.0
8,54,2,2,11.68,13.71,2019,60000,13.0
17,16,2,7,41.9,49.18,2010,100000,53.0
8,13,1,8,8.39,9.85,2013,48000,8.0
17,16,0,7,14.62,17.16,2016,100000,14.5
13,52,1,3,6.74,7.91,2011,30000,23.0
8,57,0,7,23.44,27.51,2022,16700,21.9
8,54,2,6,6.58,7.72,2011,40000,10.5
8,43,1,6,27.41,32.18,2015,55000,32.0
11,13,2,7,16.91,19.85,2023,6000,15.0
8,11,2,7,2.91,3.42,1980,100000,15.5
8,2,1,6,20.71,24.32,2017,103000,21.0
8,11,2,0,4.05,4.75,2018,0,15.8
15,49,0,7,39.46,46.33,2000,87878,250.0
8,2,1,6,8.99,10.56,2012,33333,11.0
8,36,1,6,29.76,34.94,2017,70000,29.753
17,16,0,6,28.79,33.8,2022,27000,33.0
8,51,1,6,36.19,42.49,2024,400,42.0
8,54,2,2,10.08,11.83,2003,16888,1.0
17,25,2,2,6.65,7.81,2006,123987,2.7
8,13,1,3,22.84,26.81,2022,66000,20.0
8,27,1,6,32.75,38.45,2022,21000,37.5
8,42,1,3,111.87,131.33,2011,35000,70.0
17,16,0,2,19.92,23.38,2019,100000,15.0
8,11,2,4,11.14,13.08,2015,1000,6.0
8,13,1,2,14.72,17.28,2000,100000,8.5
17,46,2,2,6.97,8.19,2015,500,11.5
8,2,1,6,37.85,44.43,2024,3500,54.9
8,42,1,7,62.76,73.68,2019,9000,70.8
8,53,1,6,21.87,25.67,2020,29,25.5
15,44,0,6,24.09,28.27,2022,16000,24.5
8,51,1,7,30.13,35.37,2019,43000,33.0
17,46,2,6,8.35,9.81,2017,888888,6.5
17,13,1,6,6.91,8.12,2010,50000,6.5
8,12,1,2,7.83,9.19,2003,100000,10.0
8,53,1,6,21.87,25.67,2020,8000,27.9
8,54,2,7,9.83,11.54,2017,50941,12.0
8,7,0,3,41.7,48.95,2015,9872,18.5
8,42,1,7,65.71,77.13,2020,12000,80.0
8,53,1,6,21.1,24.77,2019,20000,23.5
8,2,1,6,15.19,17.83,2014,68000,14.5
8,13,2,3,52.61,61.76,2023,5,18.5
8,13,1,7,50.95,59.81,2020,75000,60.0
8,57,0,6,23.44,27.51,2022,25000,28.0
8,54,2,2,9.73,11.42,2016,11000,18.5
8,2,1,6,34.12,40.05,2022,10000,34.8
8,54,2,5,6.82,8.01,2008,649845,6.0
8,51,1,3,30.13,35.37,2019,10000,45.0
8,27,1,6,32.75,38.45,2022,13000,45.0
8,57,0,6,16.51,19.38,2019,58000,19.8
8,42,1,9,98.4,115.51,2010,3100,190.0
8,42,1,6,74.57,87.54,2022,7500,82.0
13,52,1,3,25.09,29.45,2016,30,29.9
8,27,1,6,11.67,13.7,2013,30000,10.8
17,16,2,3,14.51,17.04,2013,1,29.0
8,54,2,2,14.27,16.76,2023,300000,16.5
8,2,1,6,15.9,18.67,2015,20000,19.8
8,42,1,6,58.13,68.25,2018,18000,68.5
8,2,1,6,29.93,35.13,2020,15000,37.8
8,51,1,3,30.13,35.37,2019,15000,35.8
10,13,0,4,36.8,43.2,2022,34662,40.0
8,54,2,0,8.28,9.73,2015,668880,6.5
8,10,2,2,11.68,13.72,1994,55000,7.0
8,5,2,3,11.49,13.49,2020,10000,10.5
8,2,1,6,36.71,43.1,2023,9000,49.5
8,2,1,6,34.12,40.05,2022,9500,40.8
8,42,1,7,65.71,77.13,2020,900,71.6
8,57,0,6,17.83,20.93,2021,36400,21.0
8,43,1,6,28.36,33.3,2014,15000,31.8
8,36,1,6,24.09,28.28,2015,59000,25.0
17,35,1,6,22.99,26.99,2019,4600,28.0
8,43,1,6,30.1,35.33,2016,62351,35.0
13,21,1,3,20.97,24.61,2016,25,28.9
8,13,1,7,23.76,27.89,2024,10000,25.0
17,32,1,6,5.1,5.99,2009,40000,4.5
13,28,1,6,19.93,23.39,2019,13500,29.0
5,13,0,4,28.89,33.91,2020,26000,40.0
8,27,1,6,32.75,38.45,2022,10000,38.5
8,27,1,6,6.68,7.84,2010,30000,8.6
8,43,1,6,33.34,39.14,2017,18000,38.5
17,32,1,7,4.62,5.42,2008,9999,9.99
8,11,2,6,10.08,11.83,2016,15000,25.0
8,42,1,3,101.46,119.11,2012,31000,179.0
8,19,2,2,12.96,15.22,2015,13000,13.0
17,16,0,7,41.9,49.18,2010,111111,48.0
8,42,1,2,111.87,131.33,2011,20000,133.0
8,48,1,2,19.45,22.83,2000,24000,40.0
8,7,0,7,30.36,35.64,2013,33719,79.0
8,53,1,6,18.47,21.68,2018,26000,15.7
8,9,1,4,50.55,59.34,2016,32000,67.0
17,33,1,2,5.84,6.85,2014,120000,4.8
8,2,1,6,8.99,10.56,2012,44000,10.8
8,27,1,2,15.31,17.97,2014,10000,14.3
8,2,1,2,13.83,16.24,2013,699999,14.999999
13,50,1,6,29.92,35.13,2016,16000,36.0
8,42,1,4,73.25,85.99,2023,11000,112.0
8,56,0,6,14.57,17.1,2018,300000,16.8
9,13,0,0,55.2,64.8,2016,20000,60.0
8,10,2,6,8.7,10.21,2004,15000,13.3
17,46,2,6,7.98,9.37,2016,10000,6.5
8,13,1,2,10.12,11.88,2012,2345,20.0
8,42,1,7,44.41,52.13,2016,11246,58.0
8,54,2,4,16.31,19.14,2024,4984,82.0
11,13,1,8,3.68,4.32,2004,189,4.0
8,51,1,3,41.35,48.54,2018,30000,65.5
8,47,0,3,23.11,27.13,2020,13000,28.0
8,42,1,3,55.2,64.8,2017,43000,128.0
17,33,1,2,4.18,4.91,2011,45000,4.8
8,54,2,2,7.27,8.54,2007,0,8.5
8,27,1,6,27.45,32.22,2020,27000,30.0
8,12,1,3,12.42,14.58,2008,20000,50.0
8,43,1,2,52.54,61.68,2023,99999,53.0
17,16,0,3,14.62,17.16,2016,45000,20.5
8,43,1,6,47.9,56.24,2021,13000,53.0
8,27,1,6,6.68,7.84,2010,50000,8.5
8,48,1,2,21.52,25.27,2007,30000,100.0
9,13,2,7,5.52,6.48,2019,6300,6.0
8,2,1,4,7.62,8.94,2008,500000,16.5
5,13,2,4,17.48,20.52,2020,15900,19.0
8,42,1,6,55.2,64.8,2017,30000,67.0
8,54,2,2,12.85,15.09,2025,2,19.0
17,39,0,3,31.06,36.46,2019,3000,89.0
8,2,1,7,6.91,8.11,2007,70000,10.0
8,54,2,6,14.1,16.55,2022,10999,14.9
8,48,1,2,24.84,29.16,2004,50000,45.0
8,13,0,2,17.59,20.65,1997,99999,27.999999
8,53,1,6,18.47,21.68,2018,12345,20.8
17,13,0,2,23.78,27.91,2017,40000,16.5
8,42,1,4,74.57,87.54,2022,3500,117.0
8,27,1,6,23.96,28.12,2019,46000,26.0
8,2,1,6,34.12,40.05,2022,8100,40.8
8,42,1,3,111.87,131.33,2011,16000,168.5
8,42,1,6,73.25,85.99,2023,4700,66.8
8,56,0,7,14.57,17.1,2018,60000,16.0
8,51,1,7,36.19,42.49,2024,35000,49.0
15,13,0,2,8.02,9.42,2010,50000,75.0
17,58,0,3,63.41,74.44,2024,1600,70.0
8,27,1,7,15.31,17.97,2014,60000,18.0
17,13,1,3,23.78,27.91,2017,30000,13.5
17,16,0,2,17.09,20.06,2018,11000,8.5
8,2,1,6,22.35,26.24,2018,30000,23.888888
8,54,2,2,7.65,8.98,2013,405000,13.8
8,54,2,6,7.94,9.32,2014,10000,6.5
8,2,1,2,8.6,10.1,2009,418989,10.0
8,2,1,7,6.91,8.11,2007,50000,5.5
8,42,1,3,101.46,119.11,2012,20000,189.0
8,43,1,6,30.1,35.33,2016,18000,33.0
8,54,2,4,17.45,20.48,2000,99999,26.9
8,11,2,4,10.08,11.83,2016,19000,25.0
8,13,1,7,76.82,90.18,2023,11000,85.0
8,27,1,2,6.1,7.16,2009,28961,8.6
8,7,0,3,72.21,84.76,2019,9577,35.0
8,2,1,7,23.78,27.91,2019,30000,25.0
8,42,1,6,69.27,81.32,2021,12000,80.0
8,54,2,6,6.58,7.72,2011,40000,9.5
8,5,2,4,9.14,10.73,2016,250,6.0
8,2,1,6,29.93,35.13,2020,30000,31.5
8,42,1,6,73.25,85.99,2023,4400,68.0
15,23,1,2,4.18,4.9,2012,1000,3.7
8,19,2,2,29.19,34.26,2009,700000,21.5
8,42,1,6,58.13,68.25,2018,15000,72.0
17,33,1,2,4.01,4.71,2010,100000,5.5
8,2,1,2,15.19,17.83,2014,26000,20.8
8,42,1,6,111.87,131.33,2011,38000,94.8
8,11,2,6,10.08,11.83,2016,19000,25.0
8,42,1,7,40.61,47.67,2008,20000,50.0
8,2,1,6,36.71,43.1,2023,4600,38.8
15,13,2,2,8.5,9.98,2012,10000,8.5
8,56,0,3,14.57,17.1,2018,35000,17.0
8,56,0,7,13.38,15.71,2017,50000,11.0
17,29,1,6,5.98,7.02,2011,1000,12.0
14,13,2,8,6.62,7.78,2010,53993,4.5
13,52,1,6,43.1,50.6,2019,30000,39.8
8,27,1,6,15.38,18.06,2015,48000,16.5
13,59,1,7,4.14,4.86,2008,32,6.9
8,2,1,6,19.98,23.46,2016,18000,22.8
8,43,1,6,35.93,42.18,2018,15000,38.5
8,27,1,6,16.53,19.41,2016,18000,18.5
8,43,1,6,49.35,57.93,2022,8800,49.5
8,2,1,6,15.9,18.67,2015,18000,19.5
8,43,1,6,54.03,63.43,2024,5500,62.5
8,51,1,6,35.34,41.48,2023,9500,45.8
17,37,2,6,26.0,30.52,2024,3000,28.5
8,51,1,6,32.11,37.7,2021,10000,35.3
8,10,2,7,7.79,9.15,1995,55000,5.5
8,51,1,6,36.19,42.49,2024,1300,40.5
8,19,2,2,20.77,24.39,2019,14234,27.8
8,53,1,6,10.54,12.37,2012,45000,11.5
17,16,0,6,14.62,17.16,2016,200000,16.5
8,19,2,6,25.09,29.45,2022,2500,3.2
8,42,1,3,65.28,76.63,2009,888888,90.0
14,3,1,3,3.24,3.8,2010,100000,2.5
8,2,1,2,10.02,11.76,2011,82000,10.3
17,24,1,6,17.18,20.17,2022,24000,20.0
8,13,1,6,33.86,39.74,2022,12000,41.0
8,19,2,6,25.66,30.12,2010,15,18.0
17,13,2,2,4.53,5.31,2010,34017,5.3
8,19,2,7,11.46,13.45,2014,31000,12.5
8,9,1,7,7.86,9.22,2011,50000,7.0
8,53,1,6,21.87,25.67,2020,19000,26.8
8,54,2,2,6.82,8.01,2008,123456,13.5
8,2,1,6,13.83,16.24,2013,25000,18.3
8,51,1,3,32.11,37.7,2021,21000,36.3
8,42,1,6,98.4,115.51,2010,140000,79.0
8,51,1,3,41.35,48.54,2018,15000,48.5
8,2,1,3,15.9,18.67,2015,20000,12.6
8,2,1,6,8.6,10.1,2009,43000,9.2
17,16,2,6,42.81,50.25,2006,10,45.5
8,2,1,4,8.6,10.1,2009,39000,7.7
8,42,1,7,75.76,88.93,2024,14000,99.999999
17,46,2,2,13.34,15.66,2023,21025,15.0
8,43,1,2,52.54,61.68,2023,1185,61.0
8,42,1,2,65.71,77.13,2020,31000,75.0
8,42,1,2,73.25,85.99,2023,8122,68.8
7,13,0,1,304.37,357.3,2021,2236,325.0
8,11,2,2,15.61,18.32,1999,18000,11.5
11,13,1,8,15.01,17.62,2021,10000,15.0
17,32,1,4,4.62,5.42,2008,39000,5.8
8,27,1,4,6.68,7.84,2010,39000,6.9
8,53,1,4,11.03,12.95,2013,39000,9.8
8,9,1,2,6.88,8.07,2008,54545,8.5
17,16,0,2,13.82,16.22,2012,200000,12.5
8,54,2,6,6.87,8.06,2012,94256,7.5
17,16,0,7,13.82,16.22,2012,20000,14.0
15,23,1,4,3.72,4.37,2010,39000,4.9
8,2,1,4,8.6,10.1,2009,39000,6.9
17,29,1,4,8.74,10.26,2014,39000,7.9
14,3,1,7,3.82,4.48,2012,25000,3.5
17,32,1,4,4.62,5.42,2008,39000,5.7
8,54,2,2,6.69,7.85,2009,66666,10.5
8,54,2,2,6.58,7.72,2011,45678,7.0
8,2,1,6,8.99,10.56,2012,50000,8.49
17,33,1,6,6.67,7.82,2017,660000,8.0
8,53,1,6,26.31,30.89,2022,3300,25.8
8,19,2,6,29.62,34.78,2024,3000,30.0
17,46,2,7,7.31,8.58,2012,19000,8.9
8,57,0,7,16.51,19.38,2019,20,18.4
8,54,2,7,6.06,7.11,2010,25000,6.7
8,9,1,7,7.35,8.63,2010,25000,6.5
8,54,2,0,6.06,7.11,2010,39000,5.7
8,2,1,6,36.71,43.1,2023,4000,50.0
17,32,1,3,6.09,7.15,2007,90000,7.5
8,42,1,7,111.87,131.33,2011,19000,179.0
8,54,2,3,6.87,8.06,2012,18000,4.5
8,54,2,6,9.73,11.42,2016,30000,11.0
8,42,1,7,73.25,85.99,2023,8000,72.0
8,54,2,2,6.06,7.11,2010,15,4.77
8,54,2,2,6.06,7.11,2010,15,4.27
8,11,2,2,8.62,10.12,2010,15,3.97
8,2,1,7,7.62,8.94,2008,25000,6.5
8,0,0,2,10.48,12.3,1998,9999,12.0
17,13,0,4,51.19,60.09,2021,6068,58.0
8,19,2,6,25.66,30.12,2010,19100,55.9
8,2,1,6,13.83,16.24,2013,4587,9.5
8,13,2,6,13.7,16.08,2025,0,5.9
8,53,1,6,24.45,28.7,2021,11100,25.999
8,54,2,7,11.68,13.71,2019,16,13.5
17,22,1,6,26.9,31.58,2021,24000,30.0
14,3,1,8,2.4,2.81,2005,50000,1.234567
8,19,2,2,24.61,28.89,2011,60000,30.0
17,16,0,6,28.79,33.8,2022,40000,29.5
8,2,1,4,8.99,10.56,2012,20000,45.0
8,42,1,7,62.76,73.68,2019,9000,86.0
13,52,1,3,19.01,22.32,2014,27000,21.5
9,13,2,0,4.09,4.8,2005,965436,4.3
8,10,2,2,6.82,8.01,1980,9999,1.5
9,13,0,0,2.56,3.0,1997,5000,10.5
8,2,1,2,10.02,11.76,2011,500000,10.5
8,57,0,6,23.44,27.51,2022,18000,20.0
8,10,2,2,4.85,5.69,1990,10000,15.0
17,46,2,6,8.35,9.81,2017,21345,8.9
8,27,1,3,5.81,6.82,2008,0,6.0
17,16,0,2,14.51,17.04,2013,60000,15.0
8,13,0,4,35.74,41.95,1998,99999,15.0
8,2,1,2,8.99,10.56,2012,20000,10.5
8,2,1,6,19.98,23.46,2016,46000,23.0
8,11,2,2,8.62,10.12,2010,2000,11.6
8,54,2,6,10.55,12.38,2002,100000,15.0
8,2,1,7,19.98,23.46,2016,44338,26.0
9,13,1,6,11.13,13.07,2023,10000,34.9
8,57,0,6,17.83,20.93,2021,12345,22.5
8,42,1,6,44.98,52.8,2013,44000,55.0
17,16,0,6,13.86,16.27,2014,7500,16.5
8,42,1,7,98.4,115.51,2010,17000,135.0
8,57,0,2,17.08,20.05,2020,17000,28.0
8,10,2,2,7.53,8.84,2009,29999,18.0
15,44,0,3,24.09,28.27,2022,11000,30.0
9,13,1,7,12.56,14.75,2024,0,14.0
15,20,0,7,26.52,31.13,2019,26500,25.9
17,13,0,7,25.36,29.77,2022,3500,40.0
8,42,1,7,98.4,115.51,2010,14000,145.0
8,42,1,6,55.2,64.8,2017,43955,70.0
8,57,0,7,23.44,27.51,2022,1389,28.0
9,13,1,3,3.55,4.17,2010,76000,5.0
8,42,1,6,58.13,68.25,2018,125000,71.0
17,24,1,6,13.85,16.26,2018,39000,13.8
8,54,2,2,6.82,8.01,2008,74000,11.0
8,2,1,7,20.71,24.32,2017,35000,23.5
8,56,0,6,13.38,15.71,2017,1,13.0
17,18,1,6,25.59,30.04,2025,0,33.0
8,54,2,6,7.65,8.98,2013,23000,10.0
8,53,1,2,29.9,35.1,2024,10000,32.0
17,13,2,2,30.13,35.37,2016,10000,109.0
17,13,0,10,69.0,81.0,1995,99999,75.0
8,42,1,3,111.87,131.33,2011,9999,135.0
17,16,0,3,19.92,23.38,2019,0,25.0
17,13,1,2,9.09,10.66,2012,35000,4.0
8,6,0,2,32.02,37.58,2005,200000,70.0
13,52,1,7,35.7,41.9,2017,23000,29.499999
8,56,0,2,16.04,18.83,2019,21648,13.0
8,19,2,4,13.94,16.37,2001,45000,12.5
8,10,2,2,18.64,21.88,2025,1500,25.5
8,51,1,3,41.35,48.54,2018,35000,41.5
17,16,0,3,22.36,26.25,2020,8500,38.0
8,2,1,7,8.6,10.1,2009,30000,15.0
17,33,1,7,4.18,4.91,2011,1000,5.0
8,19,2,2,13.94,16.37,2001,18000,46.0
15,13,0,7,11.5,13.5,2001,900000,11.0
17,35,1,7,31.29,36.73,2021,25000,35.0
8,42,1,2,44.41,52.13,2016,50000,35.0
8,43,1,6,42.32,49.68,2020,100000,0.86
17,16,0,6,19.92,23.38,2019,55000,19.0
8,7,0,7,82.58,96.94,2023,40000,21.0
13,52,1,6,6.48,7.61,2009,444,9.5
17,46,2,7,6.97,8.19,2015,100000,3.0
9,13,2,5,4.21,4.94,2007,24605,3.2
15,44,0,4,36.71,43.09,2024,635,39.9
13,52,1,3,6.74,7.91,2011,36000,17.0
14,3,1,0,3.0,3.52,2008,35000,3.4
10,13,0,6,92.35,108.41,2015,21000,102.0
17,24,1,6,11.06,12.98,2016,700000,10.0
8,8,2,2,6.04,7.09,2020,20000,5.5
14,13,1,8,4.32,5.07,2011,10000,6.5
17,25,2,6,6.78,7.96,2008,17000,9.5
8,27,1,2,38.54,45.24,2024,900,4.5
17,32,1,2,6.21,7.29,2005,32458,6.0
10,13,2,6,2.62,3.08,2009,350000,2.85
8,2,1,6,8.6,10.1,2009,30000,14.5
8,53,1,6,18.47,21.68,2018,36000,18.0
13,28,1,7,7.45,8.74,2013,200000,5.5
8,54,2,2,6.69,7.85,2009,66666,7.5
17,16,0,6,17.09,20.06,2018,2000,29.0
8,42,1,7,65.28,76.63,2009,12000,105.0
8,11,2,2,14.49,17.01,1996,51062,27.0
8,11,2,7,14.49,17.01,1996,3245,32.5
17,46,2,7,7.31,8.58,2012,50000,6.98
8,2,1,2,8.99,10.56,2012,32000,9.2
8,13,2,7,6.9,8.1,2019,21000,12.5
8,2,1,6,6.91,8.11,2007,60000,7.5
8,2,1,6,6.91,8.11,2007,63000,9.0
8,11,2,5,11.52,13.52,2001,100000,4.2
8,6,0,2,25.76,30.24,1981,0,28.0
15,13,0,7,35.67,41.87,2013,26619,38.5
9,13,0,6,4.55,5.34,2015,100000,6.0
8,42,1,2,73.25,85.99,2023,8368,72.0
8,19,2,2,25.09,29.45,2022,2718,30.0
17,16,0,7,16.16,18.97,2015,27000,35.0
13,52,1,10,59.58,69.94,2023,3000,16.0
8,19,2,6,13.59,15.96,2016,6000,16.5
17,22,1,7,16.41,19.26,2017,30000,17.5
8,57,0,6,29.43,34.55,2025,1800,40.0
8,2,1,2,12.59,14.78,2010,28800,11.0
8,2,1,2,12.59,14.78,2010,18800,11.0
14,3,1,6,4.34,5.09,2013,3000,6.0
15,44,2,3,19.92,23.38,2019,32000,22.0
16,13,0,7,223.56,262.44,2019,2000,250.0
8,41,1,6,4.67,5.49,2007,30000,7.0
9,13,1,8,10.63,12.48,2023,8000,15.0
8,19,2,2,12.96,15.22,2015,100000,11.0
9,13,0,3,30.36,35.64,2021,31000,33.0
8,2,1,6,32.29,37.91,2021,12000,40.0
8,42,1,3,98.4,115.51,2010,30000,68.0
11,13,1,0,15.62,18.34,2022,7250,18.0
8,53,1,6,16.92,19.86,2017,50000,17.0
8,51,1,7,30.13,35.37,2019,20000,35.0
14,45,1,6,6.89,8.08,2010,20000,7.0
8,42,1,6,69.27,81.32,2021,7000,75.0
15,44,0,3,21.52,25.26,2020,30000,25.0
8,27,1,6,35.87,42.11,2023,1000,49.0
17,16,0,7,15.75,18.49,2017,70000,16.0
13,50,1,3,53.96,63.34,2021,23060,32.0
8,19,2,4,13.94,16.37,2001,60000,28.0
8,57,0,6,23.44,27.51,2022,13000,28.0
8,38,1,3,18.91,22.2,2008,65000,33.0
8,54,2,2,6.82,8.01,2008,41726,8.5
17,16,0,7,15.75,18.49,2017,70000,17.0
8,54,2,6,6.58,7.72,2011,60000,7.0
11,13,1,8,8.72,10.23,2009,10000,10.8
8,42,1,6,40.61,47.67,2008,48000,50.0
8,54,2,6,11.52,13.52,2004,113,16.8
8,54,2,0,8.28,9.73,2015,100000,1.8
8,10,2,2,5.26,6.18,2000,20000,20.0
9,13,1,5,8.55,10.04,2025,1500,16.0
9,13,1,6,3.55,4.17,2010,30000,9.0
8,54,2,5,10.68,12.54,2005,60000,3.8
8,10,2,2,6.61,7.76,1981,19998,19.0
17,16,0,6,13.86,16.27,2014,99000,15.0
8,0,0,2,12.07,14.17,1980,123456,4.8
8,43,1,6,54.03,63.43,2024,6200,58.0
8,13,0,2,6.31,7.4,2008,9999,13.8
9,13,1,6,4.27,5.02,2004,18000,8.0
8,0,0,2,12.07,14.17,1980,3000,50.0
8,57,0,6,17.08,20.05,2020,40000,18.0
17,16,2,2,13.86,16.27,2014,10000,22.5
8,43,1,6,54.03,63.43,2024,62000,58.0
8,2,1,7,6.91,8.11,2007,60000,7.0
17,24,1,6,19.93,23.4,2023,5800,23.0
8,42,1,6,69.27,81.32,2021,35000,69.0
8,11,2,4,17.34,20.36,1994,20000,16.5
8,27,1,6,6.1,7.16,2009,58408,8.0
9,13,0,7,54.28,63.72,2018,36000,59.0
8,11,0,0,9.62,11.3,2003,100000,4.5
8,2,1,7,32.29,37.91,2021,11000,27.5
9,13,1,7,11.13,13.07,2023,999999,188.0
8,42,1,3,40.61,47.67,2008,15000,62.0
17,16,2,6,15.75,18.49,2017,4000,28.0
17,24,1,6,11.06,12.98,2016,40000,12.0
8,42,1,3,40.61,47.67,2008,24108,42.0
8,13,1,2,10.12,11.88,2012,60000,7.0
8,42,1,7,111.87,131.33,2011,15555,65.0
14,45,1,6,6.89,8.08,2010,20000,7.5
8,2,1,6,34.12,40.05,2022,5800,34.5
8,2,1,2,22.35,26.24,2018,500000,28.0
9,13,2,5,3.91,4.59,2001,99997,3.7
8,54,2,2,11.52,13.52,2004,99999,10.0
8,48,1,2,31.2,36.62,2002,36600,50.0
15,49,0,7,118.87,139.54,1998,2000,280.0
8,2,1,6,22.35,26.24,2018,40000,25.0
17,46,2,6,8.97,10.53,2018,5000,7.0
17,16,0,7,19.92,23.38,2019,0,20.5
8,54,2,7,6.69,7.85,2009,70000,11.0
8,42,1,3,98.4,115.51,2010,22000,110.0
8,42,1,6,55.2,64.8,2017,32000,68.8
8,56,0,7,16.04,18.83,2019,26000,15.0
8,54,2,7,6.87,8.06,2012,56000,8.0
8,53,1,7,11.03,12.95,2013,20000,6.8
8,51,1,7,41.35,48.54,2018,57000,50.0
15,40,0,6,10.56,12.4,2016,130000,6.0
10,31,2,2,4.85,5.7,2001,6689,8.9
8,53,1,6,29.9,35.1,2024,12000,29.0
17,16,0,6,28.79,33.8,2022,60000,29.0
8,2,1,2,13.83,16.24,2013,10000,8.0
8,54,2,4,10.55,12.38,2002,180000,15.0
17,16,0,6,14.51,17.04,2013,11111,22.5
8,13,1,2,52.61,61.76,2023,9999,13.0
8,6,0,7,303.6,356.4,2006,25000,76.0
8,42,1,2,44.41,52.13,2016,8000,60.0
8,10,2,2,11.95,14.03,1993,600000,18.0
15,40,0,6,20.16,23.67,2020,20000,25.0
15,44,2,7,21.52,25.26,2020,28000,23.0
8,51,1,3,35.34,41.48,2023,25,45.0
8,11,2,4,15.08,17.71,1995,0,32.0
8,5,2,2,8.9,10.45,2017,58000,8.8
8,54,2,2,7.27,8.54,2007,99999,10.0
8,2,1,2,8.99,10.56,2012,21345,10.6
8,57,0,6,24.75,29.06,2023,40000,21.5
8,56,0,2,17.67,20.75,2021,20000,15.0
8,53,1,6,28.0,32.86,2023,17000,25.0
8,56,0,6,13.38,15.71,2017,45000,25.0
14,3,1,6,3.0,3.52,2008,34000,4.2
8,51,1,6,30.13,35.37,2019,5000,37.0
8,2,1,7,8.99,10.56,2012,29000,9.5
8,42,1,3,58.13,68.25,2018,35900,222.222222
9,13,1,6,3.91,4.59,2011,690000,8.9
8,13,0,4,47.12,55.32,2022,9999,24.5
8,56,0,6,14.57,17.1,2018,500000,14.5
8,54,2,2,10.55,12.38,2002,3030,31.0
8,56,0,6,14.57,17.1,2018,500000,15.0
8,54,2,6,13.66,16.04,2021,999,13.5
8,47,0,2,20.93,24.56,2019,50000,20.5
15,13,1,7,9.31,10.92,2013,400000,4.0
15,20,0,3,24.66,28.94,2022,100,25.0
17,32,1,7,5.1,5.99,2009,25000,5.0
8,54,2,4,8.28,9.73,2015,39000,8.8
8,42,1,6,65.71,77.13,2020,42000,79.0
8,56,0,2,13.38,15.71,2017,55000,15.5
8,13,1,3,50.29,59.04,2021,8300,27.0
15,23,1,4,4.18,4.9,2012,39000,4.8
13,26,1,3,4.94,5.8,2010,29686,8.0
8,42,1,3,20.02,23.5,2002,50000,20.0
14,3,1,8,3.0,3.52,2008,12345,2.5
17,34,1,4,8.92,10.47,2014,39000,7.7
8,13,1,3,33.33,39.13,2024,5000,36.0
17,46,2,7,6.12,7.18,2010,25000,6.8
13,52,1,7,43.1,50.6,2019,7283,48.0
8,54,2,7,6.69,7.85,2009,25000,7.7
8,53,1,2,10.54,12.37,2012,1500,10.5
8,11,2,6,4.61,5.41,2009,1000,58.5
8,54,2,2,10.08,11.83,2003,11000,15.0
8,2,1,7,36.71,43.1,2023,23,35.6
8,42,1,2,98.4,115.51,2010,9999,128.0
8,53,1,6,28.0,32.86,2023,3000,33.5
8,54,2,7,10.39,12.2,2018,20,11.5
8,54,2,2,10.39,12.2,2018,12345,14.5
9,13,2,5,3.41,4.0,2009,350000,3.55
8,2,1,7,12.59,14.78,2010,25000,6.8
8,42,1,2,58.13,68.25,2018,60000,69.0
8,19,2,7,14.16,16.63,2000,50000,16.0
8,57,0,6,15.81,18.56,2017,20000,16.2
14,45,1,8,7.17,8.42,2012,22222,6.4
17,13,0,2,43.18,50.69,2018,41000,54.0
9,13,2,3,3.91,4.59,2011,198999,2.9
8,53,1,7,12.15,14.27,2014,22222,10.0
8,2,1,7,13.83,16.24,2013,19000,12.4
8,54,2,6,6.69,7.85,2009,69999,6.8
17,46,2,6,13.34,15.66,2023,21000,17.0
8,27,1,2,16.53,19.41,2016,10000,20.5
17,39,0,6,31.1,36.51,2020,30000,29.99
8,54,1,7,6.06,7.11,2010,39000,6.6
8,54,2,2,6.06,7.11,2010,90000,7.8
17,33,1,2,5.1,5.98,2012,69000,7.5
17,16,0,7,15.75,18.49,2017,70000,17.5
17,16,2,6,22.36,26.25,2020,10542,260.0
8,19,2,6,13.07,15.35,2004,46000,14.5
8,27,1,6,7.25,8.51,2011,50000,7.0
8,27,1,6,6.1,7.16,2009,143701,10.0
8,10,2,6,5.26,6.18,2000,780000,9.7
13,52,1,3,5.52,6.48,2008,40000,11.5
8,53,1,7,12.15,14.27,2014,54000,10.6
14,14,2,7,3.18,3.73,2012,25000,5.7
8,11,2,2,16.71,19.62,1998,80000,12.0
8,10,2,2,7.76,9.11,1999,40000,8.5
8,54,2,2,16.31,19.14,2024,120000,17.0
17,33,1,3,4.18,4.91,2011,198999,2.5
17,35,1,6,22.99,26.99,2019,53000,28.0
15,13,2,3,5.67,6.66,2004,50000,7.0
8,2,1,2,19.98,23.46,2016,123123,15.0
17,25,2,7,8.5,9.98,2007,69000,7.9
8,2,1,6,36.71,43.1,2023,220000,30.0
8,53,1,6,16.88,19.81,2016,40000,19.5
8,51,1,3,41.35,48.54,2018,49000,51.0
8,5,2,2,9.14,10.73,2016,417709,11.0
17,13,2,7,6.09,7.14,2011,198999,2.5
8,54,2,6,11.68,13.71,2019,35000,12.0
8,54,2,4,11.75,13.8,1998,49000,30.5
17,46,2,6,6.12,7.18,2010,40500,7.5
8,27,1,6,11.67,13.7,2013,90000,8.5
17,46,2,3,6.97,8.19,2015,25000,8.8
17,33,1,7,7.47,8.77,2015,1000,2.9
8,54,2,7,6.69,7.85,2009,100000,2.0
8,51,1,10,35.34,41.48,2023,2600,30.0
8,42,1,6,69.27,81.32,2021,50000,82.0
9,13,2,8,4.21,4.94,2007,15846,3.6
8,42,1,6,69.27,81.32,2021,50325,80.0
17,33,1,2,7.47,8.77,2015,100000,3.0
13,13,1,6,7.36,8.64,2016,600000,8.0
17,46,2,2,6.33,7.43,2008,30000,6.2
8,54,2,6,6.69,7.85,2009,1,6.8
17,16,0,6,15.75,18.49,2017,66000,14.0
14,13,2,3,4.32,5.07,2011,198999,2.2
17,16,2,6,14.62,17.16,2016,25000,21.75
17,13,0,2,54.1,63.5,2017,38000,54.0
9,13,2,5,4.27,5.02,2004,100000,4.0
10,13,0,7,27.14,31.86,2020,39000,29.5
17,16,0,6,15.75,18.49,2017,60000,25.0
15,40,0,3,17.35,20.37,2018,50000,18.7
8,56,0,6,20.83,24.45,2022,270000,25.0
8,2,1,2,15.9,18.67,2015,30000,10.0
15,44,0,6,36.71,43.09,2024,600,39.9
17,46,2,6,6.97,8.19,2015,0,8.2
8,54,2,6,6.69,7.85,2009,0,7.0
17,16,0,6,14.62,17.16,2016,24958,22.6
8,53,1,6,21.1,24.77,2019,160000,23.5
9,13,1,7,9.92,11.65,2021,6000,9.8
9,13,1,7,9.92,11.65,2021,4000,9.8
8,11,2,4,11.04,12.96,1992,500000,30.0
8,2,1,6,36.71,43.1,2023,16000,35.0
17,33,1,2,4.01,4.71,2010,79797,4.7
15,40,0,3,17.35,20.37,2018,50000,18.0
17,24,1,2,12.97,15.23,2017,72000,10.0
17,16,2,2,26.35,30.93,2021,10000,25.0
8,2,1,3,7.62,8.94,2008,20000,6.3
17,33,1,2,4.01,4.71,2010,20000,3.7
8,2,1,4,8.6,10.1,2009,200000,14.3
8,9,1,4,28.8,33.8,2014,123456,31.0
13,52,1,7,5.2,6.1,2010,30000,9.7
8,2,1,10,34.12,40.05,2022,8190,37.0
17,34,1,7,8.21,9.64,2012,84000,7.0
8,2,1,6,8.6,10.1,2009,20000,14.3
17,16,0,6,22.36,26.25,2020,32000,24.5
8,19,2,6,13.94,16.37,2001,51000,12.5
8,2,1,2,36.71,43.1,2023,7200,46.0
15,40,0,2,10.56,12.4,2016,56000,13.5
8,56,0,2,20.83,24.45,2022,100000,3.5
17,46,2,6,7.3,8.57,2013,14000,7.5
8,56,0,2,13.87,16.28,2016,6149,16.0
8,2,1,6,37.85,44.43,2024,50000,45.0
17,46,2,6,6.97,8.19,2015,950000,8.0
8,53,1,7,10.54,12.37,2012,25000,9.8
17,46,2,7,7.31,8.58,2012,25000,6.6
13,21,1,6,20.97,24.61,2016,26000,32.0
9,13,2,7,3.41,4.0,2009,25000,3.2
2,13,0,0,10.46,12.29,2021,47625,28.0
15,40,0,7,14.71,17.27,2017,43000,20.0
8,2,1,6,19.98,23.46,2016,70000,22.5
8,56,2,6,14.57,17.1,2018,48000,16.8
15,44,0,3,21.52,25.26,2020,28000,25.0
8,56,0,6,13.87,16.28,2016,60000,15.0
8,5,2,6,19.24,22.58,2021,13000,15.0
13,26,1,3,8.83,10.36,2012,50000,9.5
13,28,1,3,31.43,36.89,2024,6000,48.0
17,46,2,6,8.35,9.81,2017,35400,12.0
17,16,0,2,26.35,30.93,2021,100000,25.0
8,57,0,6,23.44,27.51,2022,22000,20.5
8,36,1,6,29.76,34.94,2017,48000,35.0
8,5,2,7,9.35,10.98,2018,25000,9.3
8,42,1,4,69.27,81.32,2021,15000,103.0
8,8,2,2,6.4,7.51,1981,30000,8.5
8,2,1,7,6.91,8.11,2007,70000,7.5
8,43,1,6,38.54,45.24,2019,4300,45.0
8,19,2,6,13.94,16.37,2001,44,13.8
17,16,0,6,13.82,16.22,2012,20000,16.0
17,16,0,6,13.86,16.27,2014,25000,19.5
8,2,1,6,22.35,26.24,2018,37000,25.0
9,13,2,5,3.55,4.17,2010,1400,4.4
8,54,2,6,10.39,12.2,2018,23000,10.0
8,42,1,6,74.57,87.54,2022,10325,105.0
8,57,0,6,17.83,20.93,2021,20000,21.95
8,19,2,7,14.16,16.63,2000,24647,9.0
8,2,1,6,13.83,16.24,2013,20000,15.0
8,42,1,6,44.98,52.8,2013,3000,35.5
8,2,1,6,23.78,27.91,2019,25000,23.8
8,11,2,4,11.25,13.21,2023,28000,45.0
8,19,2,6,23.33,27.39,2021,19500,23.8
8,51,1,6,37.63,44.18,2025,2300,50.0
13,52,1,3,50.33,59.08,2021,15000,59.5
13,52,1,6,34.12,40.05,2025,17431,9.0
13,28,1,3,6.86,8.05,2012,33000,8.5
8,53,1,6,16.88,19.81,2016,16000,16.5
17,32,1,2,5.4,6.34,2010,59110,7.2
8,2,1,4,8.6,10.1,2009,20000,32.0
8,10,2,2,6.27,7.36,1982,1234,15.5
13,13,1,3,4.7,5.52,2012,61700,5.2
17,46,2,6,7.61,8.93,2014,274922,10.0
9,13,2,8,4.55,5.34,2015,100000,4.5
17,46,2,2,7.98,9.37,2016,999999,10.0
9,13,2,5,3.91,4.59,2011,1000,5.5
8,2,1,6,10.02,11.76,2011,59000,9.999
8,6,0,3,111.64,131.05,2020,13000,150.0
13,59,1,7,3.91,4.59,2009,3000,2.7
8,2,1,6,15.19,17.83,2014,75000,13.0
17,33,1,6,3.58,4.2,2009,15878,2.56
8,54,2,5,7.27,8.54,2007,800000,5.5
8,54,2,6,7.94,9.32,2014,0,8.0
17,32,1,6,5.51,6.47,2004,220000,15.0
8,54,2,6,7.94,9.32,2014,12000,8.0
17,46,2,2,7.98,9.37,2016,40000,7.8
8,9,1,2,6.88,8.07,2008,1500,6.8
8,51,1,7,32.11,37.7,2021,162,30.0
13,13,1,3,6.26,7.34,2012,18000,6.0
8,47,0,6,23.11,27.13,2020,25,25.0
8,55,0,7,15.57,18.28,1995,50000,7.8
13,52,1,3,8.59,10.08,2012,999999,23.0
8,2,1,7,8.99,10.56,2012,25000,8.1
9,13,2,7,6.55,7.69,2016,25000,5.8
14,45,1,6,6.59,7.74,2011,21000,6.0
17,17,0,7,17.46,20.5,2015,50000,16.5
15,13,0,4,21.16,24.84,2012,119999,25.0
15,4,0,7,6.9,8.1,2013,56789,6.5
15,23,1,2,3.6,4.23,2011,10000,2.5
17,16,0,6,40.12,47.1,2009,62500,35.0
11,13,0,8,8.36,9.82,2017,20000,9.0
8,2,1,6,8.6,10.1,2009,6789,15.0
8,42,1,4,69.27,81.32,2021,150000,103.0
13,50,1,6,60.06,70.5,2022,4100,63.5
8,54,2,7,14.27,16.76,2023,8700,16.8
8,19,2,6,14.74,17.3,2017,55000,14.5
8,53,1,2,16.88,19.81,2016,80000,14.5
8,54,2,6,9.73,11.42,2016,1600,30.7
17,35,1,2,19.64,23.05,2018,80000,19.9
9,13,2,5,8.99,10.55,2019,1111,1.8
8,54,2,2,6.82,8.01,2008,30000,9.0
13,28,1,6,10.11,11.87,2014,48736,13.9
8,11,2,4,11.52,13.52,2001,43315,14.0
8,53,1,2,11.03,12.95,2013,65000,10.5
17,33,1,3,2.73,3.2,2005,12000,2.9
8,54,2,7,10.39,12.2,2018,30000,13.0
13,28,1,6,10.11,11.87,2014,49000,8.5
17,46,2,2,7.98,9.37,2016,99999,10.0
8,53,1,2,10.54,12.37,2012,10000,9.5
8,42,1,3,44.05,51.71,2006,300,25.0
8,57,0,6,23.44,27.51,2022,30000,22.5
8,54,2,2,6.93,8.14,2006,10000,15.8
8,19,2,6,25.66,30.12,2010,19000,55.0
8,54,2,2,6.82,8.01,2008,1000,2.0
8,0,2,2,12.07,14.17,1980,40000,12.0
13,50,1,3,61.85,72.6,2023,12000,58.0
8,2,1,7,8.6,10.1,2009,25000,6.6
8,54,2,2,8.28,9.73,2015,15000,8.5
17,46,2,7,7.61,8.93,2014,25000,7.7
8,53,1,4,11.03,12.95,2013,20000,8.8
8,0,2,2,12.07,14.17,1980,4000,12.0
17,24,1,2,14.6,17.14,2019,1853,21.5
17,24,1,2,14.6,17.14,2019,1853,22.0
8,54,2,6,6.82,8.01,2008,30000,6.2
9,13,2,7,2.56,3.0,1997,1,10.5
8,11,2,5,9.88,11.6,2008,100000,3.35
15,13,2,6,8.0,9.4,2006,45678,4.1
8,53,1,3,21.1,24.77,2019,20000,16.3
8,54,2,7,12.85,15.09,2025,1000,20.0
9,13,2,3,11.13,13.07,2023,1,4.2
17,29,1,4,5.98,7.02,2011,200000,3.0
17,16,0,6,26.35,30.93,2021,60000,29.0
8,54,2,4,16.31,19.14,2024,2400,18.5
8,10,2,2,5.26,6.18,2000,10000,12.0
17,16,0,7,15.75,18.49,2017,50000,18.0
17,24,1,6,12.97,15.23,2017,72000,11.0
8,2,1,6,15.19,17.83,2014,68050,15.0
8,42,1,3,20.02,23.5,2002,100000,28.0
8,54,2,7,6.06,7.11,2010,900,8.5
8,54,2,7,13.66,16.04,2021,10000,18.0
14,45,1,8,7.17,8.42,2012,22222,9.8
8,2,1,6,15.19,17.83,2014,65000,15.9
14,3,1,8,3.11,3.66,2009,15000,3.9
17,33,1,2,4.01,4.71,2010,10000,4.3
8,13,0,4,20.8,24.41,2016,5000,36.0
8,10,2,6,6.89,8.09,2007,5786,3.0
17,16,0,7,14.51,17.04,2013,100000,12.5
8,54,2,7,11.68,13.71,2019,30000,11.5
14,13,2,8,11.64,13.66,2023,10800,12.0
17,16,0,6,15.75,18.49,2017,30000,14.5
8,54,2,7,6.06,7.11,2010,25000,6.8
8,54,2,5,6.58,7.72,2011,70000,4.7
8,56,0,6,13.87,16.28,2016,83000,17.0
17,16,2,6,41.9,49.18,2010,30,39.8
15,13,0,7,18.22,21.39,2022,3000,25.0
8,11,2,0,2.91,3.42,1980,80000,2.0
8,57,0,6,17.83,20.93,2021,20000,17.8
8,27,1,2,15.38,18.06,2015,300000,14.0
8,43,1,3,59.97,70.4,2025,0,57.0
8,11,2,7,16.75,19.66,1993,100000,18.0
17,17,0,7,16.1,18.9,2014,40000,18.0
8,57,0,6,29.43,34.55,2025,50,38.5
17,16,0,6,13.82,16.22,2012,30000,21.5
17,16,0,5,13.86,16.27,2014,40000,15.0
17,46,2,7,7.3,8.57,2013,53000,8.8
17,16,0,6,17.09,20.06,2018,4933,16.0
8,54,2,6,14.27,16.76,2023,12000,16.5
17,33,1,7,4.01,4.71,2010,50000,1.5
17,46,2,4,6.33,7.43,2008,30000,7.8
8,2,1,2,19.98,23.46,2016,55000,25.0
8,54,2,6,7.94,9.32,2014,0,7.5
8,53,1,7,29.9,35.1,2024,6878,36.0
8,56,0,7,13.38,15.71,2017,52700,11.5
8,56,2,2,13.38,15.71,2017,26000,0.017
8,53,1,6,11.03,12.95,2013,400000,11.5
8,53,1,3,29.9,35.1,2024,7000,25.0
3,13,2,0,6.34,7.44,2019,8000,7.3
17,46,2,7,7.31,8.58,2012,25000,6.7
9,13,2,7,10.63,12.48,2022,20000,3.5
8,54,2,5,7.27,8.54,2007,45678,3.8
9,13,2,7,3.55,4.17,2010,50000,4.0
8,53,1,6,16.92,19.86,2017,70000,18.8
8,19,2,2,20.05,23.54,2006,25000,35.0
8,54,2,6,6.93,8.14,2006,10000,3.8
17,46,2,3,8.35,9.81,2017,1111,7.5
8,6,0,3,81.44,95.6,2019,31000,41.0
10,31,2,2,4.6,5.4,1997,1111,1.7
17,16,0,6,14.62,17.16,2016,86000,17.8
8,27,1,4,15.31,17.97,2014,1,15.2
8,54,2,7,8.28,9.73,2015,25000,9.6
8,2,1,7,8.6,10.1,2009,25000,5.9
8,54,2,7,6.93,8.14,2006,25000,7.7
8,11,2,6,12.2,14.32,2021,41000,26.5
8,1,1,7,4.44,5.22,2006,42000,3.8
8,53,1,3,11.03,12.95,2013,20000,9.8
8,54,2,6,7.27,8.54,2007,500000,7.5
14,3,1,6,2.4,2.81,2005,700000,1.4
9,13,2,6,3.55,4.17,2010,100000,2.5
17,16,2,6,15.75,18.49,2017,51000,14.5
14,13,1,6,4.88,5.72,2010,4000,5.0
8,0,0,3,3.22,3.78,1987,20000,9.8
8,19,2,6,11.46,13.45,2014,0,1.0
8,57,0,6,23.44,27.51,2022,4500,20.5
8,10,2,2,11.68,13.72,1994,686868,19.836868
17,46,2,6,6.12,7.18,2010,10000,8.0
14,13,0,8,8.14,9.56,2019,100000,5.7
17,16,0,6,13.86,16.27,2014,1000,32.0
8,56,2,7,16.04,18.83,2019,400000,10.0
8,42,1,6,101.46,119.11,2012,82000,50.0
8,19,2,4,17.14,20.13,2005,70000,23.0
8,51,1,6,35.34,41.48,2023,14000,29.999999
17,16,0,6,15.8,18.55,2011,30000,15.8
8,51,1,2,30.13,35.37,2019,38000,31.5
8,54,2,2,6.87,8.06,2012,500000,8.5
8,54,2,6,11.67,13.71,2020,20000,11.8
17,46,2,6,6.23,7.31,2011,100000,8.0
11,13,1,7,7.47,8.78,2013,25000,6.9
8,19,2,6,14.74,17.3,2017,52000,15.5
17,16,0,3,26.35,30.93,2021,15000,0.034
9,13,2,7,4.79,5.62,2014,99999,2.8
8,2,1,6,13.83,16.24,2013,15000,19.5
8,1,1,6,7.71,9.06,2004,48000,9.0
8,54,2,5,6.06,7.11,2010,329661,7.0
8,5,1,6,9.14,10.73,2016,58000,0.022
8,47,0,6,23.11,27.13,2020,20000,20.0
13,52,1,7,43.05,50.54,2022,14800,0.0628
8,56,0,6,16.04,18.83,2019,55000,13.8
15,23,1,2,4.18,4.9,2012,55000,4.9
17,16,0,2,15.75,18.49,2017,50000,13.0
17,24,1,6,16.1,18.9,2021,78000,12.5
9,13,2,3,4.09,4.8,2005,10000,2.5
8,9,1,6,7.35,8.63,2010,99999,7.0
8,42,1,6,58.13,68.25,2018,47000,57.0
8,10,2,2,8.23,9.66,1997,900000,7.0
8,10,2,2,8.41,9.88,1986,90000,7.0
8,54,2,5,6.93,8.14,2006,18000,1.8
17,33,1,6,6.14,7.21,2013,50000,6.8
8,19,2,7,14.74,17.3,2017,24363,17.0
8,53,1,6,29.9,35.1,2024,14000,26.0
8,53,1,7,11.03,12.95,2013,37000,10.8
8,12,1,6,7.83,9.19,2003,33333,23.0
17,33,1,7,6.14,7.21,2013,125000,7.0
17,32,1,6,6.08,7.14,2016,50000,5.0
8,54,2,6,6.93,8.14,2006,32000,7.5
8,57,0,2,16.51,19.38,2019,75000,16.0
8,54,2,7,14.27,16.76,2023,16000,13.9
17,24,1,6,12.97,15.23,2017,367000,19.5
17,16,2,6,16.16,18.97,2015,30,28.0
17,33,1,7,3.58,4.2,2009,100000,5.5
8,19,2,6,29.62,34.78,2024,5700,36.0
8,9,1,7,79.12,92.88,2024,3600,58.0
8,1,1,7,4.44,5.22,2006,26000,4.2
9,13,2,5,3.95,4.64,2008,200000,6.0
14,45,1,8,7.17,8.42,2012,22222,4.3
8,53,1,6,10.54,12.37,2012,50000,9.9
8,54,2,2,7.94,9.32,2014,50000,7.0
8,27,1,6,22.94,26.93,2018,52000,26.3
8,57,0,2,16.51,19.38,2019,50000,17.5
17,13,1,6,11.08,13.01,2016,10986,10.0
8,11,2,4,15.0,17.61,1997,200000,16.5
8,42,1,6,74.57,87.54,2022,16000,77.0
8,57,0,6,17.83,20.93,2021,21000,22.0
17,16,0,2,17.09,20.06,2018,200000,16.0
8,51,1,7,31.94,37.49,2020,39000,35.8
8,53,1,7,18.47,21.68,2018,46000,16.8
17,16,0,2,17.09,20.06,2018,77738,22.0
17,32,1,6,7.06,8.28,2012,123456,6.0
8,2,1,2,32.29,37.91,2021,130000,30.0
8,2,1,6,15.9,18.67,2015,100000,13.0
15,44,2,3,24.09,28.27,2022,12000,1.235678
8,54,2,6,11.68,13.71,2019,24374,11.5
8,56,0,7,13.38,15.71,2017,38000,13.0
8,11,2,5,8.49,9.97,2006,10000,4.5
17,46,2,2,6.18,7.26,2007,0,5.5
8,19,2,7,13.07,15.35,2004,9999,22.0
17,16,0,2,14.62,17.16,2016,999999,25.8
17,16,0,3,13.86,16.27,2014,0,13.8
8,54,2,5,7.27,8.54,2007,42307,3.2
8,57,0,6,17.08,20.05,2020,38000,15.7
15,23,1,2,3.72,4.37,2010,90000,3.5
17,46,2,7,6.97,8.19,2015,25000,7.9
8,19,2,7,12.96,15.22,2015,25000,12.3
8,2,1,6,34.12,40.05,2022,30000,37.0
8,42,1,6,39.18,45.99,2015,285000,44.5
8,19,2,6,29.62,34.78,2024,10000,0.0299
17,29,1,6,4.55,5.35,2009,0,11.0
14,45,1,8,7.17,8.42,2012,22222,9.5
17,18,1,6,19.2,22.55,2021,19000,17.5
17,33,1,6,5.84,6.85,2014,50000,3.9
8,55,0,3,5.26,6.17,2005,70000,7.5
17,46,2,6,9.64,11.32,2019,22000,10.0
8,11,2,0,10.41,12.22,2005,10000,2.5
8,11,2,0,10.41,12.22,2005,100,2.5
8,54,2,2,6.06,7.11,2010,34254,8.4e-05
8,54,2,6,7.27,8.54,2007,686866,8.0
9,13,1,3,3.91,4.59,2011,16585,7.5
8,2,1,6,22.35,26.24,2018,43000,25.0
8,57,0,6,23.44,27.51,2022,30000,27.0
8,53,1,2,12.15,14.27,2014,84000,8.0
15,13,1,2,7.12,8.36,2016,45678,7.2
8,54,2,6,16.31,19.14,2024,6000,17.5
8,51,1,3,41.35,48.54,2018,26000,31.0
8,42,1,6,75.76,88.93,2024,2352,99.0
8,2,1,6,15.19,17.83,2014,31000,17.9
8,57,0,2,23.44,27.51,2022,235679,21.8
13,52,1,6,6.48,7.61,2009,18273,5.5
8,43,1,6,52.54,61.68,2023,15000,53.0
8,27,1,2,6.68,7.84,2010,40000,5.5
8,51,1,6,31.94,37.49,2020,35000,33.8
17,16,0,6,14.51,17.04,2013,500000,10.5
15,13,1,2,7.74,9.09,2015,74000,6.0
8,47,0,4,21.95,25.77,2018,108052,16.0
17,46,2,2,7.3,8.57,2013,52000,7.2
13,52,1,6,10.01,11.75,2013,50000,7.0
17,46,2,6,7.98,9.37,2016,52000,10.5
15,40,0,7,10.56,12.4,2016,44617,14.8
17,46,2,6,6.18,7.26,2007,60000,7.0
8,47,2,3,21.3,25.0,2017,67000,25.0
8,2,1,4,8.6,10.1,2009,35000,15.6
11,13,1,6,7.18,8.42,2019,30000,16.5
17,33,1,7,3.58,4.2,2009,80,5.0
8,56,0,6,14.57,17.1,2018,50000,18.0
8,54,2,2,10.55,12.38,2002,9999,14.9
8,54,2,6,10.55,12.38,2002,45000,8.5
8,19,2,6,12.96,15.22,2015,22000,18.5
8,2,1,6,15.19,17.83,2014,210000,15.9
8,51,1,3,32.11,37.7,2021,100000,35.555555
9,13,2,0,11.04,12.96,2023,4000,13.5
8,1,2,6,8.25,9.68,2018,100000,2.5
8,54,2,6,11.52,13.52,2004,10,15.5
17,33,1,2,6.14,7.21,2013,999,3.5
15,44,0,3,19.92,23.38,2019,22000,19.0
8,5,2,6,8.9,10.45,2017,30000,7.45
8,42,1,7,55.2,64.8,2017,28100,55.8
8,2,1,7,8.99,10.56,2012,25000,8.8
14,3,1,6,3.0,3.52,2008,300000,2.6
8,9,1,4,6.88,8.07,2008,600000,7.5
17,29,1,6,5.98,7.02,2011,50000,5.9
8,53,1,3,11.03,12.95,2013,20000,9.3
9,13,1,7,12.56,14.75,2024,1468,19.0
8,27,1,2,7.98,9.37,2012,10000,8.5
8,42,1,6,111.87,131.33,2011,50000,87.0
8,42,1,7,74.21,87.11,2023,10000,86.0
8,10,2,4,73.28,86.03,2024,360,108.0
17,33,1,7,8.35,9.8,2016,40000,10.7
8,57,2,2,16.31,19.15,2019,99999,16.3
15,4,0,2,6.7,7.87,2016,30000,9.0
9,13,2,7,4.18,4.91,2004,743044,3.95
15,4,0,2,7.25,8.51,2017,36000,10.0
8,10,2,0,5.45,6.4,2010,29789,6.9
8,10,2,2,6.24,7.33,1999,26969,10.5
8,54,2,6,6.77,7.94,2008,8558,10.0
8,12,1,7,13.32,15.63,2006,30000,18.6
8,12,1,2,12.42,14.58,2008,85000,10.5
15,13,2,2,5.29,6.21,2004,852100,17.0
8,42,1,4,74.3,87.23,2022,5000,118.0
9,13,1,6,11.04,12.96,2020,38000,12.0
8,42,1,6,57.96,68.03,2018,12000,58.8
8,10,2,2,6.24,7.33,1999,3789,7.6
17,46,2,4,6.32,7.42,2000,88888,9.4
8,42,1,3,95.08,111.62,2010,12345,108.0
8,57,0,6,23.44,27.52,2022,42000,30.0
17,46,2,2,7.24,8.49,2013,45,10.85
9,13,0,0,9.66,11.34,1997,76000,10.5
5,13,2,4,18.4,21.6,2020,1300,20.0
15,23,1,2,4.21,4.94,2012,1587,2.5
8,42,1,6,74.3,87.23,2022,27000,86.0
8,19,2,2,14.15,16.61,2000,12345,8.2
17,32,1,2,5.1,5.99,2009,200000,6.2
8,10,2,2,11.35,13.32,1993,37878,8.3
8,54,2,6,10.24,12.02,2005,1000,29.8
8,11,2,2,14.11,16.56,1995,123,32.0
17,16,0,3,14.95,17.54,2016,35000,28.5
8,53,1,2,15.49,18.18,2015,26,17.8
8,19,2,7,25.54,29.98,2010,50000,38.0
15,4,0,3,5.72,6.72,2014,70000,6.8
8,10,2,2,5.82,6.83,1991,200000,7.0
8,27,1,6,15.39,18.06,2015,17000,18.5
17,16,0,7,15.94,18.72,2011,1111,17.0
17,29,1,2,6.09,7.15,2011,60000,6.0
8,11,2,4,17.25,20.25,1994,123,0.95
8,10,2,2,5.82,6.83,1991,8686,15.9
8,51,1,3,31.97,37.53,2020,33000,38.0
8,10,2,2,6.24,7.33,1999,29789,8.9
13,52,1,7,22.2,26.06,2015,13800,28.9
17,39,0,3,31.14,36.55,2019,40000,39.999999
8,13,1,4,14.26,16.74,2025,20000,55.0
8,19,2,6,25.22,29.61,2022,29000,24.5
15,13,2,2,14.31,16.8,2007,250401,15.555555
8,54,2,6,15.95,18.72,2024,9000,17.0
8,42,1,6,55.9,65.62,2017,23000,60.0
8,2,1,6,9.85,11.56,2011,12000,15.5
8,11,2,4,15.04,17.65,1993,38000,47.0
17,25,0,3,11.2,13.15,2018,84302,19.5
8,2,1,6,7.57,8.89,2008,45678,8.7
8,13,1,2,10.49,12.32,2012,10000,18.0
8,2,1,6,24.1,28.29,2019,22000,23.5
8,42,1,3,40.73,47.82,2008,50000,25.0
13,52,1,3,45.34,53.22,2022,20000,60.0
17,25,2,2,7.46,8.75,2012,30000,7.8
8,54,2,0,10.03,11.77,2003,123456,6.5
17,46,2,6,10.29,12.08,2021,10000,10.0
2,10,2,8,6.36,7.47,2016,250000,6.5
8,2,1,7,9.06,10.64,2012,40662,13.0
15,40,0,6,17.33,20.35,2019,15000,22.0
17,37,2,2,28.12,33.01,2025,800,39.5
8,19,2,2,14.32,16.81,2001,30,30.0
17,33,1,2,5.04,5.92,2012,54321,8.5
13,28,1,6,9.74,11.44,2014,20000,12.0
8,42,1,6,36.71,43.09,2014,0,40.5
8,57,0,6,16.31,19.15,2019,54528,18.0
17,46,2,2,7.25,8.51,2012,60000,8.8
8,54,2,5,8.65,10.15,2015,80000,3.5
8,53,1,6,18.56,21.79,2018,20000,19.8
8,51,1,4,31.97,37.53,2020,31000,35.0
14,13,0,8,5.28,6.2,2017,80000,11.0
8,2,1,4,13.8,16.2,1980,10000,15.0
17,16,0,6,28.44,33.39,2022,14000,32.0
8,0,2,7,11.97,14.06,1980,100000,17.5
8,51,1,3,32.58,38.25,2022,30000,38.0
8,57,0,6,23.44,27.52,2022,12000,27.0
17,32,1,7,10.12,11.88,1997,15,11.0
8,57,0,6,17.08,20.05,2020,1000,25.0
8,6,0,4,104.4,122.56,2020,10000,80.0
9,13,2,7,10.55,12.38,2022,9999,11.8
8,42,1,3,109.65,128.72,2012,27500,100.0
8,56,0,6,15.55,18.25,2019,40000,19.5
13,28,1,6,6.84,8.03,2012,60000,8.3
8,57,0,6,28.32,33.25,2024,12000,27.0
8,51,1,6,32.58,38.25,2022,10000,33.0
13,28,1,7,19.59,22.99,2018,25400,27.0
17,25,2,2,24.84,29.16,2025,420,27.0
8,19,2,6,14.15,16.61,2000,45000,37.0
1,13,0,3,12.54,14.72,2018,18000,15.5
8,54,2,2,7.1,8.34,2006,20000,11.0
17,16,0,7,14.95,17.54,2016,56,17.123484
8,57,0,6,16.31,19.15,2019,70000,18.6
15,20,0,7,26.38,30.97,2019,35000,23.5
8,53,0,6,17.47,20.51,2017,24000,23.0
15,20,0,7,28.03,32.91,2021,35997,28.0
8,2,1,6,12.64,14.84,2010,8989,11.0
8,11,2,7,9.87,11.59,2000,30,13.5
17,46,2,3,6.3,7.39,2009,0,7.5
8,42,1,6,46.96,55.13,2013,59000,43.5
8,42,1,3,33.69,39.55,2007,36000,33.0
8,56,0,6,15.55,18.25,2019,23000,22.0
8,54,2,7,11.43,13.42,2020,24000,11.0
8,54,2,6,8.65,10.15,2015,63000,10.5
8,13,2,2,15.16,17.79,2003,50000,10.0
8,7,0,5,49.74,58.4,2021,24000,60.0
17,16,0,6,14.95,17.54,2016,51000,17.0
8,11,2,4,15.43,18.12,1999,583598,17.5
8,42,1,6,74.3,87.23,2022,28000,75.0
17,24,1,7,13.84,16.25,2018,50000,14.0
8,1,2,2,6.06,7.12,2008,30000,9.5
14,3,1,2,3.11,3.65,2010,53000,6.5
9,13,0,9,23.92,28.08,2016,19788,26.0
17,16,0,3,14.53,17.05,2013,50000,14.0
8,11,2,4,8.46,9.94,1991,140406,15.0
8,11,2,7,8.46,9.94,1991,30000,20.0
15,13,0,2,3.67,4.31,2010,30000,27.999999
17,32,1,4,5.41,6.35,2006,12345,7.0
8,2,1,7,13.6,15.96,2013,999999,16.5
17,16,0,7,28.2,33.1,2023,13000,33.5
17,16,2,6,13.61,15.98,2014,49000,9.45
17,32,1,7,5.89,6.92,2010,100000,5.0
17,46,2,2,6.37,7.48,2011,50000,8.0
8,51,1,3,51.28,60.19,2017,970,95.0
17,46,2,6,6.48,7.61,2010,100000,8.5
17,34,1,6,8.97,10.53,2015,30000,10.5
9,13,2,5,3.76,4.41,2000,500000,3.0
8,11,2,2,11.03,12.95,1992,12345,10.3
8,13,1,6,46.0,54.0,2014,0,50.0
8,2,1,6,15.97,18.75,2015,35000,17.5
8,2,1,6,15.97,18.75,2015,10000,10.0
8,2,1,2,7.57,8.89,2008,10000,8.7
8,51,1,3,35.85,42.08,2024,46900,42.0
17,46,2,2,7.24,8.49,2013,50,10.95
17,16,0,7,26.16,30.71,2021,3682,23.368686
8,42,1,7,95.08,111.62,2010,40000,145.0
13,52,1,6,59.13,69.42,2023,2800,65.0
8,11,2,6,5.68,6.67,2010,3636,33.5
8,42,1,7,46.96,55.13,2013,80000,42.0
8,57,0,6,16.31,19.15,2019,20000,19.0
14,3,1,6,3.11,3.65,2010,52000,6.0
13,52,1,3,22.2,26.06,2015,22000,29.0
8,19,2,4,14.32,16.81,2001,2368,10.5
15,44,0,3,20.16,23.67,2019,5000,29.0
8,56,0,2,14.49,17.01,2018,260000,14.0
17,16,0,6,14.95,17.54,2016,20600,15.5
8,9,1,4,69.11,81.13,2022,16000,75.0
8,54,2,2,10.4,12.2,2018,70000,13.0
8,51,1,7,51.28,60.19,2017,30000,45.555555
8,13,0,4,47.37,55.61,2021,9600,490.0
8,47,0,3,22.72,26.67,2021,270000,23.0
8,42,1,6,111.75,131.19,2011,999999,110.0
8,43,1,7,28.5,33.45,2014,104824,27.8
8,57,0,6,28.32,33.25,2024,6159,32.0
8,42,1,6,40.73,47.82,2008,20000,55.0
17,16,0,3,41.94,49.23,2006,1,49.9
8,54,2,6,11.74,13.78,2004,1,39.9
8,57,0,7,17.08,20.05,2020,72000,16.0
8,54,2,2,11.69,13.72,2019,21000,18.2
8,42,1,3,46.96,55.13,2013,4500,265.0
8,2,1,2,15.97,18.75,2015,50000,21.0
8,42,1,7,55.9,65.62,2017,14000,70.0
8,54,2,4,11.74,13.78,2004,999,47.0
8,19,2,6,24.46,28.71,2011,50000,27.5
8,19,2,6,20.1,23.59,2006,67000,33.0
8,53,1,6,12.27,14.4,2014,62000,14.999999
8,47,0,6,20.65,24.24,2019,2400,20.0
8,54,2,6,7.1,8.34,2006,56000,5.7
17,16,0,6,14.53,17.05,2013,23456,18.5
8,43,1,7,47.95,56.28,2021,25000,55.0
17,16,0,6,41.61,48.85,2010,30000,75.0
9,13,0,6,7.92,9.3,2020,33000,26.0
8,42,1,6,57.96,68.03,2018,3500,90.0
10,13,0,4,247.79,290.88,2019,13500,269.0
8,42,1,7,36.71,43.09,2014,15179,59.0
8,42,1,3,109.65,128.72,2012,38000,100.0
8,42,1,7,66.3,77.83,2020,35000,85.0
8,10,0,2,6.31,7.41,1980,1000,8.5
8,2,1,6,12.64,14.84,2010,1,12.0
8,54,2,4,7.1,8.34,2006,50000,12.3
8,42,1,3,74.3,87.23,2022,22846,86.0
17,13,1,2,11.19,13.14,2016,26433,15.0
8,53,1,2,10.9,12.8,2013,999,12.5
13,52,1,6,36.61,42.98,2018,12000,62.0
17,16,2,6,13.61,15.98,2014,10000,53.5
13,13,1,3,4.6,5.4,2011,50000,5.0
17,46,2,6,11.62,13.64,2022,9000,14.2
17,13,0,6,28.14,33.03,2017,40000,28.0
13,13,1,6,16.28,19.11,2014,69000,21.0
8,42,1,7,70.02,82.2,2021,200000,73.8
8,2,1,6,9.85,11.56,2011,40000,11.0
8,27,1,2,15.31,17.98,2014,40000,16.0
17,33,1,6,5.04,5.92,2012,122000,6.5
17,46,2,7,11.62,13.64,2022,3000,20.0
17,46,2,2,6.13,7.2,2008,5555,8.7
13,52,1,6,43.97,51.62,2020,2000,59.0
17,16,0,6,15.17,17.81,2015,46000,15.8
8,2,2,6,7.06,8.28,2007,70000,9.0
8,2,1,6,12.64,14.84,2010,200000,8.5
15,20,0,3,26.38,30.97,2019,15291,35.0
8,19,2,2,25.22,29.61,2022,3700,29.0
9,13,1,7,6.81,7.99,2016,7000,23.0
17,16,0,6,13.61,15.98,2014,30000,16.0
17,33,1,2,4.16,4.89,2011,70406,5.5
4,13,0,7,124.2,145.8,2014,20000,135.0
8,56,0,2,13.75,16.14,2017,50000,21.8
8,56,2,6,14.49,17.01,2018,40000,18.0
17,24,1,2,13.07,15.34,2017,110000,13.499
8,47,0,4,22.72,26.67,2021,50000,27.8
13,26,1,3,4.83,5.67,2010,54832,7.0
14,3,2,8,7.1,8.33,2021,24039,8.39
14,3,1,7,2.67,3.14,2003,56000,3.6
8,42,1,7,95.08,111.62,2010,1465,120.0
17,46,2,2,7.25,8.51,2012,11100,7.6
8,42,1,6,74.3,87.23,2022,4416,155.0
8,51,1,3,30.2,35.45,2019,16000,33.5
8,51,1,2,36.06,42.33,2023,20,42.0
8,9,1,2,11.08,13.01,2012,20000,13.0
17,16,0,7,15.94,18.72,2011,20,15.5
8,10,2,6,6.5,7.63,1982,50000,10.5
8,2,1,6,15.97,18.75,2015,15000,19.0
9,13,2,7,5.57,6.53,2010,90000,6.0
8,12,1,3,13.32,15.63,2006,55000,13.5
9,13,0,6,11.97,14.05,2023,100,7.0
8,57,0,7,16.31,19.15,2019,145000,13.0
17,22,1,6,22.84,26.81,2019,15000,28.0
8,42,1,2,44.59,52.35,2016,99999,73.0
17,29,1,6,7.94,9.32,2014,300000,10.5
8,13,1,2,10.58,12.42,2012,99999,19.9
8,2,1,2,33.65,39.5,2022,6000,32.8
8,0,2,7,11.97,14.06,1980,1234,9.0
8,27,1,6,15.39,18.06,2015,80000,15.0
17,16,0,7,15.17,17.81,2015,28000,15.0
8,54,2,2,7.21,8.46,2007,33369,7.9
8,2,1,6,12.64,14.84,2010,62000,6.9
8,13,2,2,37.72,44.28,1998,989800,5.9
8,54,2,2,6.78,7.96,2009,86236,10.2
17,16,2,6,16.76,19.67,2018,2000,6.3
8,54,2,3,11.69,13.72,2019,9999,12.3
8,19,2,7,20.1,23.59,2006,9999,15.0
8,42,1,3,38.82,45.57,2015,20800,75.0
9,13,2,0,4.18,4.91,2004,255585,3.25
17,32,1,6,4.64,5.44,2008,500000,2.0
8,54,2,5,8.65,10.15,2015,15000,2.9
8,2,1,6,33.65,39.5,2022,45000,30.0
8,42,1,6,74.3,87.23,2022,24000,105.0
8,2,1,6,24.1,28.29,2019,19880,22.0
17,16,0,6,28.2,33.1,2023,23000,33.0
9,13,2,5,3.44,4.04,2003,110000,2.0
8,54,2,6,7.37,8.65,2013,20000,8.0
17,25,2,6,7.21,8.47,2007,999999,9.0
8,54,2,3,6.76,7.94,2011,20000,2.0
17,46,2,2,6.13,7.2,2008,50000,7.2
13,28,1,6,7.27,8.53,2013,9999,9.5
8,57,0,6,23.44,27.52,2022,3900,32.5
14,14,2,8,7.0,8.22,2016,47000,8.2
17,16,2,6,13.66,16.04,2012,120000,19.999999
8,53,1,2,12.27,14.4,2014,13999,11.0
8,53,1,2,10.56,12.4,2012,55555,9.7
17,46,2,3,6.48,7.61,2010,10,5.5
8,57,0,6,23.44,27.52,2022,3990,33.0
8,10,2,2,6.24,7.33,1999,39789,11.8
9,13,2,5,11.97,14.05,2023,100000,2.5
8,54,2,6,14.19,16.66,2023,10000,1.2
8,27,1,6,28.22,33.12,2021,40000,37.5
17,32,1,7,19.53,22.92,2022,43000,11.0
7,13,0,7,300.53,352.8,2021,26000,310.0
8,19,2,6,30.59,35.91,2025,4,39.8
8,53,1,7,21.77,25.55,2020,22000,20.5
14,3,1,8,2.42,2.84,2006,99999,3.5
8,8,2,2,3.87,4.54,1980,1000,8.5
8,2,1,6,32.36,37.99,2021,25000,28.5
17,37,2,6,26.21,30.77,2024,4300,40.0
17,46,2,2,7.55,8.86,2014,12587,3.7
8,2,1,6,9.85,11.56,2011,40000,8.5
8,54,2,6,10.03,11.77,2003,20000,3.8
8,53,1,7,9.71,11.4,2011,50000,9.8
8,19,2,7,14.32,16.81,2001,5349,12.5
17,22,1,7,15.41,18.09,2016,15000,15.0
14,14,2,7,5.25,6.16,2010,99999,3.8
8,2,1,2,9.85,11.56,2011,50000,10.0
15,23,1,6,2.76,3.24,2018,5281,2.8
14,15,1,6,4.26,5.0,2015,20000,4.6
8,56,0,3,14.49,17.01,2018,15000,20.0
8,53,1,6,20.8,24.42,2019,20,19.5
8,2,1,6,7.06,8.28,2007,38583,9.0
8,11,2,5,11.35,13.32,2016,50000,3.5
8,54,2,5,6.76,7.94,2011,25000,1.9
8,56,0,3,14.49,17.01,2018,30000,18.0
6,13,2,6,7.14,8.38,2019,2000,6.6
17,16,0,6,26.16,30.71,2021,17000,37.5
9,13,2,5,2.02,2.38,1982,215040,2.5
8,42,1,7,55.9,65.62,2017,5900,55.5
8,1,2,2,6.3,7.39,2004,97000,14.0
8,10,2,2,6.65,7.8,1985,29000,4.0
17,16,0,6,14.95,17.54,2016,51000,15.9
8,19,2,7,12.98,15.24,2015,40000,14.5
14,13,1,8,3.88,4.55,2010,48651,1.9
9,13,2,3,3.77,4.42,2001,88699,1.3
8,54,2,6,12.48,14.66,2025,300,21.5
8,54,2,3,7.97,9.36,2014,35000,2.0
8,54,2,6,7.37,8.65,2013,49000,7.6
17,16,2,6,41.72,48.97,2008,8888,46.6
17,16,0,7,13.66,16.04,2012,200000,13.0
8,11,2,6,12.72,14.94,2011,20000,16.5
8,10,2,0,11.08,13.01,2019,26789,8.3
8,10,2,2,8.38,9.83,2002,38000,11.2
17,46,2,7,6.48,7.61,2010,30000,3.1
8,1,1,2,10.37,12.18,2007,431847,3.5
8,6,0,7,79.14,92.9,2021,13000,165.0
8,53,1,7,16.83,19.75,2016,999999,13.5
17,34,1,2,8.81,10.34,2013,78545,10.8
8,54,2,2,7.97,9.36,2014,50000,8.0
17,16,0,7,19.81,23.26,2019,0,26.0
8,10,2,2,6.31,7.41,1980,1818,15.5
8,54,2,2,6.78,7.96,2009,75,6.6
8,12,1,3,12.42,14.58,2008,20,15.5
17,16,2,4,43.64,51.23,2009,30562,28.0
8,42,1,3,38.82,45.57,2015,20800,82.0
8,57,0,6,17.63,20.69,2021,20000,21.5
8,54,2,7,15.95,18.72,2024,8500,18.0
8,54,2,2,5.94,6.97,2010,100000,11.0
17,32,1,3,20.86,24.48,2023,65000,23.8
8,10,2,2,6.2,7.28,2000,45577,1.7
9,13,2,5,6.16,7.23,2012,16000,2.6
8,51,1,6,51.28,60.19,2017,75000,52.0
8,54,2,0,10.03,11.77,2003,36000,4.3
17,33,1,2,5.04,5.92,2012,50,8.0
8,36,1,6,16.01,18.79,2011,40000,21.0
15,13,1,2,5.72,6.72,2010,15000,4.3
17,16,0,6,16.76,19.67,2018,450000,17.0
8,0,2,2,11.97,14.06,1980,100000,5.0
17,58,0,3,57.07,67.0,2022,55000,57.0
8,42,1,6,57.96,68.03,2018,23000,52.0
13,52,1,3,45.34,53.22,2022,10,52.0
17,16,0,6,15.17,17.81,2015,12345,17.0
8,36,1,6,23.04,27.05,2014,2,24.5
8,2,1,2,9.85,11.56,2011,17000,4.5
17,33,1,2,3.68,4.32,2009,20000,4.0
8,43,1,6,36.13,42.41,2018,50000,21.8
17,33,1,7,4.04,4.74,2010,70000,4.0
17,16,0,2,14.53,17.05,2013,35000,6.2
8,54,2,6,6.76,7.94,2011,505050,5.5
17,16,0,2,15.17,17.81,2015,885784,14.3
9,13,0,6,3.92,4.6,2006,10000,12.0
15,13,0,3,5.34,6.26,2001,222558,4.5
8,2,1,7,9.06,10.64,2012,50000,5.5
8,11,2,4,15.9,18.67,1997,5553,40.0
8,53,1,6,17.47,20.51,2017,30000,16.0
17,16,2,4,38.25,44.9,2007,800000,39.0
8,57,0,6,23.44,27.52,2022,30000,24.5
8,54,2,7,7.97,9.36,2014,35000,2.4
8,27,1,7,15.31,17.98,2014,35000,15.0
8,27,1,6,7.34,8.61,2011,17000,6.5
8,54,2,2,6.78,7.96,2009,68123,11.5
8,54,2,6,6.76,7.94,2011,50000,6.0
9,13,1,8,11.97,14.05,2023,5000,15.0
8,19,2,5,14.27,16.75,2002,4563,4.3
9,13,2,7,4.65,5.45,2014,2000,3.2
14,3,1,8,2.74,3.21,2007,9999,4.0
8,42,1,3,95.08,111.62,2010,30000,100.0
6,13,2,6,7.14,8.38,2019,2000,7.2
17,16,2,6,41.61,48.85,2010,0,58.0
5,13,0,4,30.36,35.64,2022,15000,35.0
8,54,2,6,5.94,6.97,2010,50000,11.0
17,16,0,4,14.53,17.05,2013,39000,15.0
8,54,2,3,6.99,8.21,2012,25000,2.2
8,19,2,6,20.85,24.48,2019,61249,18.0
17,13,0,6,28.14,33.03,2017,40000,32.0
8,56,0,6,13.75,16.14,2017,17000,17.0
8,42,1,7,62.14,72.95,2019,39000,55.0
15,23,1,7,3.5,4.11,2011,40000,3.2
8,43,1,6,27.65,32.46,2015,60000,31.5
17,16,0,6,28.44,33.39,2022,2500,29.8
8,43,1,6,28.5,33.45,2014,40000,33.0
9,13,2,4,7.18,8.43,2017,12345,9.8
8,51,1,2,32.58,38.25,2022,18000,48.0
8,11,2,5,5.68,6.67,2010,23000,2.3
8,47,0,2,20.65,24.24,2019,18000,24.0
8,54,2,6,9.54,11.2,2016,20000,10.0
15,40,0,6,8.63,10.13,2016,60000,12.0
8,10,2,2,8.38,9.83,2002,18000,11.5
17,25,2,3,7.46,8.75,2012,35000,2.2
13,52,1,3,45.34,53.22,2022,5600,71.0
8,43,1,6,28.5,33.45,2014,100000,24.0
8,2,1,6,15.19,17.83,2014,0,16.0
8,13,2,2,6.78,7.96,2008,100000,2.0
8,54,2,6,9.95,11.68,2002,1,11.5
2,13,2,0,2.3,2.7,2010,50000,3.5
8,54,2,2,5.94,6.97,2010,50000,7.5
8,54,2,6,7.21,8.46,2007,20000,7.2
8,51,1,3,32.03,37.61,2021,32793,28.8
8,54,2,4,9.95,11.68,2002,1000,19.3
17,46,2,6,7.24,8.49,2013,399999,6.6
8,42,1,6,55.9,65.62,2017,100,57.0
14,3,1,8,3.11,3.65,2010,95400,3.0
8,54,2,6,10.4,12.2,2018,0,11.5
8,53,1,3,10.56,12.4,2012,50000,13.0
8,2,1,6,13.6,15.96,2013,250000,14.0
8,12,1,3,13.32,15.63,2006,35,7.0
8,53,1,6,27.84,32.68,2023,2000,3.58
13,50,1,6,60.64,71.19,2022,6000,61.0
8,51,1,6,51.28,60.19,2017,25000,52.5
8,42,1,6,44.59,52.35,2016,29000,33.0
14,13,1,7,3.23,3.79,2009,34567,3.6
8,2,1,6,9.06,10.64,2012,30000,12.5
8,54,2,2,6.76,7.94,2011,39000,8.6
14,13,2,6,6.83,8.02,2019,5000,1.2
13,52,1,6,9.74,11.44,2013,13051,12.0
8,10,2,2,6.65,7.8,1985,29999,4.0
8,10,2,2,5.62,6.6,1998,12345,5.7
17,46,2,6,6.93,8.14,2015,50000,8.0
8,57,0,6,23.44,27.52,2022,31000,26.9
8,51,1,6,51.28,60.19,2017,27000,54.0
8,54,2,6,12.48,14.66,2025,2800,18.0
8,2,1,6,32.36,37.99,2021,25000,35.0
8,19,2,3,25.54,29.98,2010,13000,1.8
8,54,2,6,11.43,13.42,2020,21068,11.0
8,51,1,6,31.97,37.53,2020,56000,28.0
15,40,0,6,17.58,20.64,2018,4,18.3
8,42,1,7,16.56,19.44,2001,20000,24.5
8,41,1,5,4.72,5.54,2007,100000,5.0
8,54,2,6,15.95,18.72,2024,2800,18.2
8,10,2,2,6.24,7.33,1999,7689,7.2
15,23,1,7,4.21,4.94,2012,99999,4.0
17,46,2,6,9.86,11.57,2020,30000,10.0
1,13,0,7,10.19,11.96,2017,19000,13.0
8,42,1,6,55.9,65.62,2017,30000,58.0
17,16,0,7,16.76,19.67,2018,30000,18.5
17,33,1,2,6.13,7.2,2013,650000,7.6
9,13,2,6,3.91,4.59,2005,1000,8.0
9,13,2,7,6.81,7.99,2016,25000,3.5
8,54,2,2,7.97,9.36,2014,25000,2.5
9,13,0,5,3.92,4.6,2011,6282,4.0
8,19,2,6,20.85,24.48,2019,31000,23.0
8,53,1,3,29.53,34.66,2024,3000,32.5
8,56,0,7,13.96,16.39,2016,50000,7.0
8,51,1,3,51.28,60.19,2017,27000,52.5
17,16,0,6,14.95,17.54,2016,55000,1.6e-05
8,27,1,6,15.39,18.06,2015,13312,20.0
8,54,2,2,6.76,7.94,2011,43000,8.0
8,2,1,6,9.85,11.56,2011,40000,8.0
17,32,1,6,6.79,7.97,2013,353000,7.5
8,19,2,6,26.5,31.11,2023,35000,36.0
8,57,0,2,17.08,20.05,2020,23000,3.0
16,13,0,7,165.6,194.4,2019,8000,278.0
8,53,1,2,10.9,12.8,2013,20000,9.5
8,42,1,6,74.21,87.11,2023,19492,85.0
8,13,1,2,17.72,20.8,2020,7979,23.5
9,13,1,6,12.05,14.15,2024,10000,39.5
8,42,1,7,66.3,77.83,2020,40000,78.0
8,2,1,6,13.6,15.96,2013,20000,15.5
8,2,1,6,15.19,17.83,2014,300000,12.0
17,16,0,3,16.76,19.67,2018,84300,26.0
17,46,2,2,7.25,8.51,2012,30000,3.5
8,2,1,6,24.1,28.29,2019,32000,20.0
17,16,0,7,41.61,48.85,2010,60000,35.0
8,54,2,5,6.77,7.94,2008,25000,6.0
17,32,1,7,6.41,7.52,2011,55555,6.0
8,56,0,2,13.75,16.14,2017,0,12.0
15,23,1,7,3.28,3.85,2008,9999,2.6
17,16,2,2,16.76,19.67,2018,40000,15.5
8,2,1,6,29.9,35.1,2020,40299,39.0
15,13,2,6,8.5,9.98,2012,7899,8.45
8,51,1,3,30.2,35.45,2019,44000,33.5
17,33,1,6,2.46,2.89,2005,898989,1.8
9,13,2,5,3.78,4.44,2008,683598,4.3
17,46,2,5,6.37,7.48,2011,100000,2.7
8,53,1,6,29.53,34.66,2024,6000,31.5
8,11,2,5,9.23,10.84,2002,20,5.0
8,54,2,6,10.0,11.74,2017,10000,3.5
8,42,1,6,38.82,45.57,2015,270000,45.0
8,56,0,2,13.75,16.14,2017,40000,16.5
17,33,1,2,6.13,7.2,2013,42000,7.2
8,54,2,6,6.76,7.94,2011,99000,8.3
15,40,0,6,17.58,20.64,2018,25000,25.0
8,19,2,4,25.54,29.98,2010,21000,60.0
17,46,2,6,6.48,7.61,2010,100,4.5
8,11,2,5,8.96,10.51,2005,334976,4.8
17,16,0,4,41.61,48.85,2010,62000,65.0
14,15,1,8,4.96,5.83,2014,55000,5.0
8,57,0,6,17.08,20.05,2020,40000,21.5
10,13,0,3,261.28,306.72,2024,163,350.0
17,16,0,6,41.61,48.85,2010,20000,6.0
8,42,1,6,74.21,87.11,2023,19000,85.0
8,54,2,2,7.97,9.36,2014,32000,4.3
8,13,2,2,37.2,43.67,1997,110,5.9
14,15,1,8,4.96,5.83,2014,55600,9.0
8,2,1,6,32.36,37.99,2021,14000,39.0
17,16,0,6,13.66,16.04,2012,25000,1.6e-05
8,54,2,2,6.76,7.94,2011,290000,8.5
17,46,2,0,7.25,8.51,2012,35000,2.6
8,51,1,6,32.03,37.61,2021,300000,30.0
8,53,1,6,27.84,32.68,2023,4400,32.5
8,5,2,6,9.5,11.15,2018,41449,9.5
8,10,2,2,8.38,9.83,2002,27899,5.9
13,52,1,3,5.19,6.09,2007,134052,5.3
17,16,0,6,15.17,17.81,2015,130000,16.5
8,54,2,6,6.99,8.21,2012,347527,5.5
14,14,2,3,4.51,5.29,2014,999999,4.9
8,10,2,2,11.1,13.03,1994,63,4.0
8,54,2,6,12.48,14.66,2025,55000,30.0
8,54,2,2,7.97,9.36,2014,32000,4.5
8,13,0,3,47.37,55.61,2021,4500,45.0
8,54,2,6,11.43,13.42,2020,100000,3.0
8,19,2,5,20.1,23.59,2006,10000,5.0
9,13,1,0,12.05,14.15,2024,2239,17.0
17,16,0,3,28.2,33.1,2023,6200,33.0
9,13,2,7,6.16,7.23,2012,111111,2.2
15,49,2,7,8.35,9.8,2020,10,147.0
8,2,1,6,33.65,39.5,2022,12000,0.0405
9,13,2,5,22.48,26.39,1980,50000,3.0
14,3,1,6,3.4,3.99,2011,4034,5.0
15,23,1,7,3.5,4.11,2011,83000,10.0
8,2,2,6,33.65,39.5,2022,0,17.5
8,54,2,2,10.0,11.74,2017,320000,8.5
8,27,1,6,24.11,28.3,2019,21,26.8
8,56,0,6,14.49,17.01,2018,32000,17.0
17,16,0,3,22.62,26.56,2020,58000,25.0
8,54,2,6,7.37,8.65,2013,100000,7.0
8,19,2,6,25.22,29.61,2022,16000,32.0
8,51,1,6,30.2,35.45,2019,44000,34.5
8,2,1,7,12.64,14.84,2010,30000,10.0
8,53,1,6,27.84,32.68,2023,19060,28.0
17,46,2,2,6.93,8.14,2015,85000,7.8
8,10,2,6,30.93,36.31,2022,7500,8.0
8,2,1,6,21.0,24.66,2017,80000,21.0
17,22,1,6,22.84,26.81,2019,30000,30.5
17,32,1,2,5.1,5.99,2009,1111,5.4
8,51,1,6,51.28,60.19,2017,39000,60.0
8,2,1,2,38.1,44.72,2024,2000,50.0
17,13,1,7,9.09,10.66,2012,80000,1.9
8,42,1,6,74.21,87.11,2023,19292,85.0
8,42,1,6,57.96,68.03,2018,22000,62.0
8,9,1,6,45.76,53.71,2017,150000,68.0
15,23,1,7,3.28,3.85,2008,40000,2.0
8,2,1,6,9.06,10.64,2012,56000,11.0
8,27,1,2,11.85,13.92,2013,60000,11.0
8,10,2,2,6.24,7.33,1999,2252,8.7
17,16,2,6,15.94,18.72,2011,350000,17.5
17,25,2,2,5.12,6.01,2003,5000,6.0
15,23,1,2,4.21,4.94,2012,30000,4.5
17,16,2,7,43.64,51.23,2009,20000,40.0
8,42,1,6,57.96,68.03,2018,20000,61.6
8,54,2,2,11.43,13.42,2020,20000,12.0
8,2,1,2,33.65,39.5,2022,22800,41.6
17,46,2,2,6.93,8.14,2015,600000,7.5
14,15,1,8,4.19,4.92,2012,29000,7.5
8,42,1,6,74.21,87.11,2023,19,85.0
9,13,2,0,3.92,4.6,2006,700000,7.2
8,11,2,5,5.29,6.21,1980,10876,2.5
8,51,2,6,36.06,42.33,2023,3749,42.0
8,2,1,6,9.06,10.64,2012,500000,9.5
9,13,2,0,4.37,5.13,2007,250000,2.6
8,53,1,6,29.53,34.66,2024,11000,32.5
8,19,2,6,23.51,27.6,2021,26000,28.0
8,57,0,6,17.63,20.69,2021,35000,19.399
8,51,1,6,30.2,35.45,2019,23000,29.3
17,46,2,6,7.55,8.86,2014,300000,7.2
0,13,0,9,189.77,222.77,2020,20091,420.0
9,13,0,7,21.96,25.78,2020,13000,40.0
8,27,1,6,22.86,26.83,2018,75000,27.0
15,23,1,2,4.44,5.22,2013,100000,5.5
17,46,2,6,7.55,8.86,2014,20000,7.5
17,16,0,6,13.66,16.04,2012,30000,7.0
13,50,1,6,61.85,72.61,2023,8000,65.0
8,27,1,6,6.0,7.05,2009,555555,4.8
17,29,1,2,5.29,6.21,2010,999,6.8
8,13,0,4,65.67,77.09,2018,50000,90.0
8,54,2,2,6.78,7.96,2009,90000,9.0
13,52,1,3,41.69,48.94,2019,12344,57.0
17,17,0,3,17.29,20.3,2016,63660,25.0
17,16,0,7,41.61,48.85,2010,10,5.5e-05
8,2,1,2,12.64,14.84,2010,71463,12.0
17,16,2,2,38.25,44.9,2007,999999,43.0
13,52,1,6,24.85,29.17,2016,90000,42.0
8,54,2,0,6.99,8.21,2012,100000,7.0
9,13,0,9,4.37,5.13,2007,1978,29.0
17,32,1,2,5.89,6.92,2010,5555,5.7
17,32,1,2,5.1,5.99,2009,32000,5.5
17,16,0,4,43.64,51.23,2009,38383,10.5
17,32,1,2,6.92,8.13,2012,3200,3.7
8,27,1,7,6.0,7.05,2009,500000,5.2
14,3,1,7,3.11,3.65,2010,18000,3.5
8,54,2,2,10.4,12.2,2018,35000,8.5
8,51,1,6,36.06,42.33,2023,15000,38.0
8,6,0,2,102.96,120.86,2024,20000,190.0
17,33,1,3,4.16,4.89,2011,24000,2.4
17,32,1,6,5.41,6.35,2006,70000,4.9
8,11,2,2,7.23,8.48,2007,99999,2.9
17,24,1,7,13.07,15.34,2017,10000,15.0
17,24,1,6,13.84,16.25,2018,34500,15.0
8,54,2,6,14.31,16.8,2022,35785,15.5
8,27,1,2,5.78,6.78,2008,5,5.2
17,46,2,7,6.93,8.14,2015,100000,8.2
8,54,2,6,6.77,7.94,2008,20000,0.009
8,53,1,6,20.8,24.42,2019,0,12.5
10,31,2,2,4.43,5.2,1999,310000,13.0
8,9,1,4,19.17,22.5,2013,23000,35.0
17,16,2,7,14.95,17.54,2016,40000,18.0
8,54,2,6,7.97,9.36,2014,60000,5.6
8,10,2,0,15.94,18.71,2021,20000,7.2
17,17,0,7,16.22,19.05,2014,400000,15.5
17,13,0,3,163.3,191.7,2023,9999,190.0
8,54,2,5,18.09,21.23,2000,250000,2.0
8,27,1,2,6.0,7.05,2009,45000,3.2
8,51,1,3,30.2,35.45,2019,53000,60.0
13,52,1,7,6.84,8.03,2009,10000,17.0
14,3,1,3,3.11,3.65,2010,199999,4.1
17,29,1,6,8.71,10.22,2015,48000,13.5
9,13,2,0,4.18,4.91,2004,10000,3.5
8,10,2,6,7.27,8.54,2017,11037,3.99
17,16,2,6,14.95,17.54,2016,99000,13.0
8,54,2,5,11.74,13.78,2004,80000,3.5
8,27,1,7,15.39,18.06,2015,89000,17.0
8,8,2,2,9.02,10.58,1999,7978,8.5
8,2,1,4,12.64,14.84,2010,30000,29.5
8,51,1,3,40.54,47.59,2018,70000,40.0
17,46,2,2,7.24,8.49,2013,40000,5.5
15,13,2,2,7.67,9.0,2015,47812,5.3
8,13,2,0,10.66,12.52,2010,30000,2.5
8,54,2,6,14.31,16.8,2022,25000,17.3
8,54,2,6,10.4,12.2,2018,27280,10.0
8,19,2,2,11.78,13.83,2012,245365,9.5
17,33,1,4,7.62,8.94,2015,10000,4.5
17,16,0,2,26.16,30.71,2021,24000,27.0
8,9,1,7,7.53,8.84,2010,1000,5.0
17,29,1,6,6.42,7.53,2012,98,7.5
8,48,1,2,22.33,26.21,2001,9999,13.8
15,13,1,2,13.62,15.98,2003,100000,2.3
14,13,2,6,8.56,10.04,2018,14000,12.0
14,3,1,8,3.06,3.59,2009,40000,2.65
8,53,1,6,20.8,24.42,2019,12000,24.5
17,22,2,4,8.46,9.94,2010,500000,8.0
17,32,1,2,6.41,7.52,2011,17443,3.8
13,28,1,6,24.18,28.39,2022,10000,37.0
8,38,2,2,22.91,26.89,2006,666666,12.5
8,53,1,2,21.77,25.55,2020,100,26.099
8,13,2,6,10.43,12.24,1997,1560,4.7
9,13,2,5,4.37,5.13,2007,21000,7.0
8,2,1,6,32.36,37.99,2021,7000,35.0
17,46,2,6,6.37,7.48,2011,30000,9.0
17,13,0,6,24.41,28.66,2017,85000,29.5
8,42,1,6,38.82,45.57,2015,20000,52.0
15,13,2,2,20.06,23.54,2019,15000,6.6
8,51,1,3,51.28,60.19,2017,10000,58.5
17,13,0,3,46.19,54.22,2021,14000,49.8
8,43,1,6,38.91,45.67,2019,24000,46.5
17,29,1,6,6.09,7.15,2011,45000,10.25
8,54,2,6,6.77,7.94,2008,30,23.0
17,24,1,7,17.23,20.23,2022,9954,25.0
8,43,1,6,49.59,58.22,2022,18816,49.0
8,57,0,6,17.63,20.69,2021,35000,20.0
8,38,1,3,9.07,10.65,2007,35000,17.5
8,51,1,3,30.2,35.45,2019,32000,36.5
8,54,2,6,14.31,16.8,2022,18000,15.0
17,32,1,6,5.52,6.48,2002,20000,6.5
8,2,1,4,32.36,37.99,2021,15000,33.5
14,15,1,8,3.28,3.85,2009,12345,3.7
17,16,0,6,26.16,30.71,2021,25538,22.0
8,56,0,6,14.49,17.01,2018,13000,19.85
14,13,0,8,11.48,13.48,2011,46000,9.0
8,13,1,2,14.26,16.74,2025,33000,122.0
8,54,2,4,12.23,14.36,1998,597900,11.3
8,0,0,2,8.72,10.23,1991,30000,27.0
8,57,0,6,23.44,27.52,2022,35000,17.0
8,42,1,7,74.21,87.11,2023,9000,116.0
8,27,1,6,24.11,28.3,2019,12000,28.5
17,16,0,6,15.94,18.72,2011,2000,20.0
8,2,1,7,33.65,39.5,2022,10000,48.0
8,42,1,7,77.17,90.59,2025,2000,140.0
8,51,1,2,32.58,38.25,2022,28000,40.0
11,13,1,7,10.95,12.85,2013,100000,7.0
17,34,1,6,8.8,10.33,2014,55000,10.5
8,53,1,6,16.83,19.75,2016,22000,18.5
13,52,1,3,5.72,6.72,2008,12345,99.999999
8,54,2,6,13.65,16.03,2021,28000,17.9
8,43,1,6,52.52,61.65,2023,15000,50.0
13,28,1,6,6.84,8.03,2012,23000,7.8
8,7,0,6,46.52,54.61,2024,750,48.0
14,13,1,8,3.23,3.79,2009,50000,4.5
9,13,0,3,46.92,55.08,2017,33000,51.0
8,13,1,2,4.6,5.4,1985,10000,5.0
17,33,1,6,6.5,7.63,2017,30000,14.0
8,42,1,3,109.65,128.72,2012,3000,85.0
17,33,1,7,2.46,2.89,2005,1,3.6
8,19,2,6,30.59,35.91,2025,400,37.0
17,35,1,6,36.2,42.5,2022,50000,45.0
8,42,1,7,33.69,39.55,2007,44444,31.5
8,47,0,6,22.99,26.98,2020,88932,23.0
15,44,0,3,19.29,22.64,2018,22000,28.0
8,1,1,7,7.58,8.9,2005,10000,9.5
8,53,1,2,24.5,28.77,2021,9000,29.5
13,26,1,7,6.9,8.1,2011,37000,10.0
17,16,0,6,14.53,17.05,2013,1000,15.0
8,53,1,2,16.83,19.75,2016,0,19.8
17,13,0,7,244.19,286.66,2016,20,2000.0
8,27,1,6,38.7,45.44,2024,8,44.0
8,54,2,2,11.43,13.42,2020,12345,16.0
8,11,2,8,9.23,10.84,2002,12453,5.5
13,52,0,3,49.2,57.76,1980,100000,38.0
17,46,2,6,8.28,9.72,2017,58000,9.9
8,42,1,3,109.65,128.72,2012,68686,155.0
17,16,0,6,14.53,17.05,2013,20000,7.6
13,50,1,7,52.32,61.42,2020,20000,52.5
17,13,0,7,26.85,31.52,2019,10000,80.0
9,13,2,5,4.08,4.79,1999,30000,6.0
8,0,0,6,14.97,17.58,2020,1111,18.0
8,13,0,7,17.72,20.8,2020,10000,90.0
8,43,1,7,33.74,39.61,2017,35000,35.0
13,52,1,6,17.23,20.23,2014,20000,29.9
8,42,1,3,95.08,111.62,2010,41895,150.0
8,12,1,3,13.32,15.63,2006,50000,12.5
8,56,0,6,14.49,17.01,2018,82405,19.25
15,13,1,3,13.06,15.34,2001,50000,14.2
17,16,0,2,15.17,17.81,2015,123456,16.0
14,13,0,2,14.39,16.89,2015,50000,18.0
8,13,0,2,9.94,11.67,1980,9999,110.0
8,2,1,6,36.71,43.1,2023,16000,47.0
8,11,2,7,17.41,20.44,1998,30000,15.0
8,54,2,6,11.69,13.72,2019,50000,14.5
8,42,1,6,55.9,65.62,2017,500,62.0
8,11,2,2,23.57,27.68,2022,2000,21.0
8,42,1,2,74.3,87.23,2022,6000,73.5
8,42,1,6,74.3,87.23,2022,5000,100.0
8,53,1,7,27.84,32.68,2023,1900,35.0
9,13,2,6,9.12,10.71,2019,21000,9.0
8,42,1,3,95.08,111.62,2010,20000,85.0
17,16,2,6,26.16,30.71,2021,4000,28.5
8,53,1,6,10.9,12.8,2013,0,10.0
8,19,2,2,11.78,13.83,2012,40000,12.5
17,46,2,2,8.93,10.49,2018,100000,11.0
17,32,1,2,6.41,7.52,2011,11000,3.6
8,42,1,6,55.9,65.62,2017,50000,62.0
8,57,0,6,17.08,20.05,2020,31000,19.0
8,13,0,2,37.2,43.67,1997,68686,82.0
8,2,1,6,12.64,14.84,2010,92581,11.0
8,54,2,6,9.54,11.2,2016,39200,3.5
8,36,1,6,26.49,31.09,2016,32000,32.0
8,42,1,6,38.82,45.57,2015,9999,41.0
15,44,2,2,19.29,22.64,2018,9999,22.0
8,11,2,6,13.8,16.21,2004,39700,3.5
8,19,2,6,12.98,15.24,2015,36100,2.5
8,11,2,8,13.8,16.21,2004,36700,3.1
8,56,0,6,13.96,16.39,2016,70000,15.8
8,42,1,7,70.02,82.2,2021,16000,73.0
17,33,1,5,4.16,4.89,2011,11810,4.8
8,53,1,6,24.5,28.77,2021,350000,30.0
8,57,2,6,16.31,19.15,2019,55000,22.0
8,11,2,6,13.8,16.21,2004,36400,2.5
8,11,2,4,15.9,18.67,1997,19900,25.0
8,9,1,4,32.91,38.64,2020,16789,55.5
8,2,1,6,9.85,11.56,2011,45000,13.6
17,33,1,6,4.6,5.4,2020,6001,2.99
17,33,1,6,3.34,3.92,2019,6089,3.0
17,18,1,7,17.87,20.98,2019,37800,19.5
8,19,2,6,20.85,24.48,2019,28000,22.000008
8,11,2,2,17.41,20.44,1998,39500,3.5
8,19,2,4,14.15,16.61,2000,52000,17.5
8,13,0,5,30.27,35.53,2021,25000,30.0
8,54,2,6,6.99,8.21,2012,26900,4.5
8,42,1,6,57.96,68.03,2018,200000,70.0
8,10,2,2,7.02,8.24,1981,39700,2.9
8,19,2,6,11.78,13.83,2012,34000,19.0
8,13,1,2,33.66,39.52,2019,12000,17.5
17,13,1,3,4.14,4.86,2006,8,5.5
8,47,0,7,19.85,23.3,2018,4000,32.0
8,42,1,6,74.21,87.11,2023,0,123.0
8,56,2,6,13.96,16.39,2016,87000,23.0
13,28,1,7,24.18,28.39,2022,13000,45.0
8,6,0,3,79.14,92.9,2021,55000,33.0
9,13,0,6,3.76,4.41,2000,1000,85.0
8,11,2,6,4.08,4.78,2018,39500,2.5
17,46,2,6,9.86,11.57,2020,75000,8.5
8,54,2,6,10.4,12.2,2018,39100,2.5
17,46,2,7,14.65,17.2,2024,9000,15.5
8,42,1,3,62.14,72.95,2019,1000,150.0
8,2,1,6,15.19,17.83,2014,30000,18.5
14,3,1,6,3.73,4.38,2012,51943,4.0
17,46,2,6,7.9,9.27,2016,39400,4.9
17,32,1,7,5.41,6.35,2006,123,11.5
17,16,0,3,19.81,23.26,2019,5900,26.0
13,13,1,6,4.85,5.69,2012,65000,5.9
8,11,2,2,6.56,7.7,2025,86863,46.8
8,51,1,3,30.2,35.45,2019,32000,36.0
8,53,1,6,18.56,21.79,2018,10000,21.5
8,54,2,6,10.4,12.2,2018,39700,2.5
8,42,1,7,33.69,39.55,2007,55555,33.5
8,10,2,6,8.92,10.47,1996,99999,8.5
8,11,2,6,14.05,16.49,2020,10000,3.0
8,51,1,7,31.97,37.53,2020,64000,36.3
8,51,1,6,40.54,47.59,2018,70000,31.0
8,12,1,2,8.51,9.99,2004,50000,12.5
8,2,1,6,9.06,10.64,2012,40987,12.0
8,11,2,6,9.23,10.84,2002,33333,16.0
8,42,1,6,62.14,72.95,2019,26000,76.0
17,33,1,8,3.15,3.69,2008,12345,2.9
8,42,1,2,66.96,78.61,2009,35000,128.0
8,2,1,6,29.9,35.1,2020,27000,37.5
8,2,1,6,15.97,18.75,2015,100000,14.0
8,53,1,2,18.56,21.79,2018,32000,17.5
8,56,0,6,14.49,17.01,2018,15000,11.0
15,40,0,2,10.85,12.74,2014,55000,10.5
8,54,2,6,11.43,13.42,2020,36900,2.5
8,2,1,6,15.19,17.83,2014,10000,19.2
8,11,2,2,15.9,18.67,1997,1000,12.0
14,3,1,8,3.73,4.38,2012,50000,3.6
8,10,2,2,11.08,13.01,2019,9000,9.5
8,27,1,6,7.87,9.24,2012,68686,10.8
8,2,1,7,21.0,24.66,2017,39,21.0
8,54,2,6,11.43,13.42,2020,70000,13.0
17,33,1,8,3.15,3.69,2008,12345,3.3
17,32,1,2,6.41,7.52,2011,12345,4.6
8,19,2,6,14.32,16.81,2001,55000,11.0
17,24,1,6,14.21,16.68,2019,31000,16.5
8,56,0,2,14.49,17.01,2018,25000,16.5
13,52,1,6,43.97,51.62,2020,19000,51.9
8,27,1,6,11.85,13.92,2013,57567,7.8
8,57,0,6,17.63,20.69,2021,500000,2.0
8,42,1,6,57.96,68.03,2018,52000,76.0
17,33,1,6,6.33,7.43,2018,6000,1.0
17,46,2,6,6.48,7.61,2010,39700,3.5
8,27,1,6,19.71,23.14,2017,400000,13.8
8,42,1,3,95.08,111.62,2010,11000,140.0
17,33,1,7,2.46,2.89,2005,32543,3.2
8,54,2,6,6.77,7.94,2008,1000,7.2
8,11,2,4,14.11,16.56,1995,56000,13.0
17,37,2,6,26.21,30.77,2024,4500,29.0
15,23,1,2,4.21,4.94,2012,75000,4.2
17,32,1,7,5.44,6.38,2004,12345,5.6
8,2,1,3,7.57,8.89,2008,100000,7.5
11,13,1,8,14.08,16.52,2021,10954,15.0
17,13,0,7,28.14,33.03,2017,36406,33.0
17,13,0,7,26.31,30.89,2019,12000,36.0
8,38,1,2,18.68,21.93,2008,20000,21.5
13,21,1,3,23.92,28.08,2014,70000,20.0
15,44,0,3,20.16,23.67,2019,18000,30.0
9,13,0,6,11.97,14.05,2023,5500,27.0
13,52,1,6,9.74,11.44,2013,28000,8.9
8,13,1,7,82.03,96.3,1992,99999,8.5
8,2,1,6,32.36,37.99,2021,4100,40.5
9,13,0,0,4.87,5.71,1998,70000,22.5
17,16,0,6,29.51,34.64,2024,15000,40.0
8,27,1,6,7.34,8.61,2011,25000,10.0
8,42,1,6,74.3,87.23,2022,4000,9e-06
15,13,1,2,13.32,15.64,2013,20000,10.0
17,46,2,2,5.12,6.01,2002,12345,3.9
8,54,2,6,14.19,16.66,2023,22320,14.5
8,47,0,2,20.65,24.24,2019,270000,18.0
17,34,1,7,8.81,10.34,2013,44,7.3
8,2,1,7,13.6,15.96,2013,36,10.8
17,17,0,2,18.07,21.22,2017,40000,16.8
8,13,1,4,33.66,39.52,2019,11000,66.0
8,27,1,6,15.31,17.98,2014,123456,13.5
8,57,0,2,23.44,27.52,2022,23000,25.0
14,3,1,7,2.74,3.21,2007,31576,2.9
8,48,1,2,22.33,26.21,2001,34567,55.5
8,42,1,6,62.14,72.95,2019,36000,70.0
8,19,2,7,23.51,27.6,2021,20000,27.0
8,2,1,6,8.66,10.17,2009,950000,9.5
8,7,0,6,39.17,45.99,2022,12000,97.5
12,13,1,9,22.96,26.96,2018,11000,28.5
15,13,1,2,13.06,15.34,2001,50,45.6
8,27,1,6,24.11,28.3,2019,39500,25.5
8,56,0,6,13.96,16.39,2016,30000,15.0
8,10,2,7,8.92,10.47,1996,60000,9.0
8,2,1,6,15.19,17.83,2014,370000,6.0
8,19,2,6,24.46,28.71,2011,35000,29.5
6,13,2,6,7.14,8.38,2019,228465,7.8
8,19,2,0,26.94,31.63,2008,3,3.68
14,15,1,7,3.28,3.85,2009,32516,3.5
15,23,1,7,3.5,4.11,2011,51,3.8
17,32,1,2,18.33,21.52,2021,12345,4.4
8,54,2,6,11.43,13.42,2020,34900,2.5
8,54,2,7,7.37,8.65,2013,40000,11.0
8,2,1,7,15.97,18.75,2015,26000,15.0
17,29,1,6,5.29,6.21,2010,70000,6.5
8,11,2,6,6.63,7.78,2009,30000,25.0
14,13,0,8,15.3,17.96,2018,29000,18.5
17,24,1,6,13.84,16.25,2018,55000,12.0
10,13,0,3,72.29,84.86,2018,40000,50.0
13,52,1,6,36.61,42.98,2018,30000,37.0
17,16,0,7,19.81,23.26,2019,43000,18.0
8,54,2,6,7.21,8.46,2007,20000,9.0
17,24,1,6,13.84,16.25,2018,50000,13.0
8,54,2,6,6.78,7.96,2009,32700,3.9
17,24,1,2,13.84,16.25,2018,24000,14.0
8,19,2,6,24.46,28.71,2011,78000,29.5
17,22,1,6,13.65,16.02,2015,42000,1.4
8,54,2,0,6.78,7.96,2009,1,3.5
17,46,2,6,14.65,17.2,2024,9000,15.5
9,13,0,1,54.28,63.72,2018,18000,55.0
8,2,1,6,29.9,35.1,2020,13000,32.0
13,52,1,3,36.61,42.98,2018,2222,48.8
8,2,1,6,36.71,43.1,2023,25000,38.0
8,2,1,2,7.57,8.89,2008,6868,6.868
8,19,2,4,14.32,16.81,2001,50000,15.5
8,54,2,5,6.78,7.96,2009,2222,4.0
8,54,2,7,13.65,16.03,2021,10000,20.0
8,13,0,2,39.43,46.29,1980,9999,29.0
17,46,2,6,6.13,7.2,2008,100000,9.0
8,54,2,6,14.19,16.66,2023,19000,15.0
9,13,2,5,3.35,3.93,2009,658099,6.5
9,13,2,5,3.51,4.12,2002,1500,2.8
17,37,2,6,26.21,30.77,2024,1000,28.0
8,11,2,6,18.04,21.18,2012,36200,2.5
8,54,2,8,8.65,10.15,2015,32000,3.3
17,16,0,6,14.95,17.54,2016,65000,14.0
8,54,2,0,9.54,11.2,2016,99999,5.0
8,2,1,7,24.1,28.29,2019,38000,25.5
9,13,1,4,3.68,4.32,2010,90000,20.0
17,33,1,2,6.13,7.2,2013,30,5.3
8,1,1,7,13.8,16.2,2022,32000,30.5
15,44,0,7,20.16,23.67,2019,58000,26.5
8,2,1,6,9.06,10.64,2012,63500,12.0
8,54,2,2,14.31,16.8,2022,68519,17.0
8,54,2,7,6.78,7.96,2009,20000,3.3
8,19,2,2,26.5,31.11,2023,22438,26.5
8,13,2,7,10.66,12.52,2010,35000,115.0
8,2,1,6,29.9,35.1,2020,1000,3.0
8,54,2,6,14.31,16.8,2022,35000,12.5
8,43,1,6,47.95,56.28,2021,29000,48.0
8,57,0,2,17.08,20.05,2020,21000,26.99
9,13,0,10,12.05,14.15,2024,100000,120.0
8,57,0,2,17.08,20.05,2020,42000,16.5
17,32,1,6,6.41,7.52,2011,100000,3.9
8,2,1,4,12.64,14.84,2010,30000,23.5
14,15,1,8,3.41,4.0,2008,12345,3.6
13,52,1,6,5.28,6.2,2010,9000,5.7
17,13,0,6,26.85,31.52,2019,40000,27.999999
8,19,2,2,20.85,24.48,2019,270000,23.0
2,13,2,0,3.59,4.21,2014,27085,5.8
8,2,1,6,7.06,8.28,2007,10000,8.0
8,43,1,6,38.91,45.67,2019,46000,43.5
8,11,2,6,13.8,16.21,2004,36400,2.3
17,18,1,6,18.73,21.98,2020,11000,22.5
8,54,2,6,15.95,18.72,2024,20000,16.0
17,16,2,6,28.44,33.39,2022,1670,35.0
8,53,1,6,17.47,20.51,2017,7000,20.5
8,2,1,6,15.97,18.75,2015,400000,16.0
8,42,1,6,62.14,72.95,2019,18000,79.0
17,13,1,8,10.11,11.86,2013,40000,17.0
17,25,2,2,5.12,6.01,2003,20000,6.0
8,48,1,2,19.24,22.59,2003,0,4.5
3,13,0,5,5.67,6.66,2016,400000,4.5
8,54,2,6,9.54,11.2,2016,32800,2.3
8,19,2,2,20.85,24.48,2019,27000,23.0
14,13,1,7,4.42,5.18,2008,24358,2.9
12,13,1,3,22.28,26.15,2017,11000,28.5
8,54,2,6,11.43,13.42,2020,36700,2.5
8,51,1,6,35.85,42.08,2024,10000,60.0
8,2,1,6,9.06,10.64,2012,20000,4.9
8,51,1,2,36.06,42.33,2023,15800,42.0
8,42,1,6,74.21,87.11,2023,55625,65.0
8,54,2,6,11.69,13.72,2019,30000,13.5
8,54,2,2,15.95,18.72,2024,12345,15.0
11,13,1,8,7.36,8.64,2017,95000,5.0
17,29,1,7,7.94,9.32,2014,30000,4.5
8,42,1,6,44.59,52.35,2016,37000,45.8
8,11,2,6,8.08,9.48,2008,70000,2.7
8,53,1,7,12.27,14.4,2014,34268,12.0
8,54,2,2,9.95,11.68,2002,123456,9.8
8,53,1,6,10.56,12.4,2012,50000,11.5
5,13,0,4,26.22,30.78,2018,30000,25.0
14,15,1,7,4.1,4.81,2011,12345,4.7
8,54,2,6,10.4,12.2,2018,39400,1.9
8,54,2,5,10.24,12.02,2005,100000,2.6
8,19,2,6,22.72,26.68,2020,20000,23.0
3,13,2,7,6.63,7.79,2020,7500,12.8
8,13,1,6,47.37,55.61,2021,9456,12.5
8,0,0,7,11.97,14.06,1980,11111,6.5
17,46,2,2,5.28,6.2,2004,551926,7.0
8,42,1,6,55.9,65.62,2017,60000,45.0
8,12,1,3,6.25,7.33,2002,5000,22.0
14,3,1,7,2.91,3.42,2008,720000,2.0
13,26,1,6,5.27,6.19,2009,15000,5.5
8,54,2,6,5.94,6.97,2010,10000,10.5
8,51,1,3,40.54,47.59,2018,71,48.0
8,51,1,3,30.2,35.45,2019,55000,31.0
8,42,1,6,44.59,52.35,2016,25000,44.0
8,48,1,2,22.33,26.21,2001,43000,33.0
8,2,1,6,36.71,43.1,2023,15900,36.3
8,42,1,6,55.9,65.62,2017,10000,32.5
14,13,2,8,6.44,7.56,2015,100000,3.2
8,42,1,6,62.14,72.95,2019,256000,76.0
17,16,0,6,15.17,17.81,2015,50577,25.0
17,24,1,6,13.07,15.34,2017,10000,10.5
8,54,2,4,11.43,13.42,2020,14000,58.5
8,27,1,2,6.64,7.79,2010,45678,7.9
8,54,2,6,7.97,9.36,2014,32000,8.0
8,54,2,2,6.78,7.96,2009,0,14.2
8,30,0,4,16.72,19.63,2017,30000,25.0
8,53,1,7,10.9,12.8,2013,67000,11.0
8,51,1,6,51.28,60.19,2017,35000,35.0
8,13,1,2,9.16,10.76,2000,100000,22.222222
8,10,2,2,8.92,10.47,1996,0,46.0
8,48,1,7,19.75,23.19,2000,45247,33.0
8,13,1,6,38.39,45.07,2024,8000,82.0
8,51,1,3,31.97,37.53,2020,30,27.0
8,54,2,7,10.4,12.2,2018,15000,9.5
9,13,2,0,6.74,7.92,1995,20000,15.0
8,43,1,6,53.71,63.05,2024,120,66.0
8,57,0,7,16.31,19.15,2019,30000,17.5
14,15,1,7,3.41,4.0,2008,18426,2.3
8,53,1,6,26.26,30.82,2022,27793,30.0
8,10,2,3,11.08,13.01,2019,100000,4.3
14,3,1,6,3.11,3.65,2010,38000,3.2
17,34,1,7,8.97,10.53,2015,36,7.8
17,32,1,7,6.41,7.52,2011,39,4.6
17,33,1,2,5.04,5.92,2012,70000,7.0
8,11,2,4,13.97,16.4,1996,8888,17.999999
8,42,1,6,44.59,52.35,2016,30000,47.0
14,13,0,7,11.48,13.48,2011,100,17.5
8,12,1,6,8.01,9.41,2005,30000,16.8
8,54,2,6,10.4,12.2,2018,32800,2.5
8,42,1,7,74.3,87.23,2022,9000,122.8
17,32,1,6,6.08,7.14,2020,30000,23.0
13,52,1,2,8.39,9.84,2012,430000,7.8
8,9,1,4,11.08,13.01,2012,75000,26.0
8,51,1,3,36.06,42.33,2023,10000,39.0
8,9,1,7,7.65,8.98,2011,36,10.5
8,54,2,6,10.24,12.02,2005,70000,1.9
8,2,1,7,20.04,23.53,2016,40000,20.5
17,46,2,5,6.37,7.48,2011,3000,7.0
8,48,1,2,24.52,28.78,2005,700000,25.0
8,27,1,6,15.39,18.06,2015,170000,6.5
15,13,1,0,13.32,15.64,2013,1210,1.4
8,2,1,6,9.06,10.64,2012,32000,10.5
3,13,2,6,10.05,11.8,2022,900,12.0
8,56,0,6,13.96,16.39,2016,25984,20.0
8,42,1,3,95.08,111.62,2010,13000,142.0
8,27,1,6,7.34,8.61,2011,66666,7.0
17,33,1,6,7.62,8.94,2015,54120,11.0
8,42,1,7,75.95,89.16,2024,20000,120.0
8,13,0,7,10.49,12.32,2012,30000,18.6
8,42,1,3,44.64,52.4,2006,35000,86.0
17,35,1,6,19.6,23.0,2017,61000,18.0
16,13,0,7,191.31,224.58,2020,15000,320.0
8,27,1,7,11.85,13.92,2013,10000,10.0
2,13,0,0,9.02,10.58,1996,686868,9.8
8,43,1,6,49.59,58.22,2022,18000,55.0
8,42,1,6,75.95,89.16,2024,21800,101.0
17,33,1,6,8.35,9.8,2016,45000,12.4
8,42,1,3,40.73,47.82,2008,50000,63.0
13,52,1,7,17.23,20.23,2014,48000,30.0
17,29,1,2,6.09,7.15,2011,45678,8.0
8,2,1,6,13.6,15.96,2013,92000,15.5
17,16,0,6,13.61,15.98,2014,5000,15.5
8,36,1,7,26.49,31.09,2016,81000,25.0
8,2,1,6,15.97,18.75,2015,45,14.5
15,13,0,2,20.06,23.54,2019,120000,19.5
8,9,1,6,7.22,8.48,2009,100000,8.2
7,13,2,3,308.2,361.8,2022,7000,350.0
8,2,1,6,9.06,10.64,2012,12345,9.0
8,42,1,6,111.75,131.19,2011,35000,73.0
8,2,1,7,9.06,10.64,2012,16000,10.0
15,23,1,2,3.5,4.11,2011,78752,3.3
8,53,1,6,26.26,30.82,2022,3000,31.3
8,54,2,5,10.24,12.02,2005,999999,4.5
8,54,2,4,22.73,26.69,1999,0,26.0
8,53,1,4,10.56,12.4,2012,15000,12.7
8,42,1,3,111.75,131.19,2011,9000,75.0
8,51,1,7,40.54,47.59,2018,58000,22.5
8,27,1,6,6.64,7.79,2010,15000,9.0
11,13,1,7,11.68,13.72,2019,40000,8.0
8,0,0,2,14.97,17.58,2020,12345,59.0
8,42,1,6,62.14,72.95,2019,190000,70.0
17,24,1,7,13.07,15.34,2017,40,11.0
17,46,2,2,6.3,7.39,2009,45000,6.0
17,16,0,7,13.66,16.04,2012,22,16.0
8,11,2,6,15.43,18.12,1999,35000,8.5
8,57,0,6,24.85,29.17,2023,2000,27.9
8,19,2,4,14.32,16.81,2001,15000,14.8
14,3,1,6,2.91,3.42,2008,10000,3.5
8,2,1,7,24.1,28.29,2019,46000,23.0
9,13,1,3,6.16,7.23,2012,44000,6.0
8,56,2,6,14.49,17.01,2018,53000,17.0
8,54,2,7,7.97,9.36,2014,12345,10.8
8,53,1,6,24.5,28.77,2021,24000,27.5
17,16,0,6,13.61,15.98,2014,9000,10.5
17,16,0,6,15.73,18.46,2017,50,18.0
8,9,1,4,19.17,22.5,2013,4600,30.0
8,42,1,3,95.08,111.62,2010,18999,143.0
17,46,2,7,6.02,7.06,2007,50000,49.0
17,16,0,7,26.16,30.71,2021,19000,37.0
8,54,2,3,10.4,12.2,2018,32000,11.5
17,33,1,7,5.23,6.14,2014,0,7.0
8,42,2,6,57.96,68.03,2018,7000,80.0
17,58,0,6,57.07,67.0,2022,10000,57.5
17,16,0,6,15.73,18.46,2017,45,14.8
8,54,2,4,6.99,8.21,2012,15000,8.2
8,57,0,6,17.08,20.05,2020,21000,20.0
17,24,1,6,13.07,15.34,2017,17000,17.5
8,13,0,2,86.48,101.52,1998,72000,94.0
8,53,1,6,20.8,24.42,2019,12000,21.5
8,42,1,7,24.18,28.39,2005,20000,35.0
8,13,1,2,9.16,10.76,2000,686868,14.0
8,48,1,2,15.33,17.99,1997,13000,25.0
8,42,1,7,24.18,28.39,2005,2000,33.0
14,3,1,8,3.11,3.65,2010,36000,3.3
8,51,1,6,30.2,35.45,2019,50000,31.5
8,0,0,2,41.4,48.6,2019,12345,45.0
17,46,2,2,6.93,8.14,2015,78576,9.0
8,6,0,2,303.6,356.4,2006,5000,330.0
8,56,0,6,13.75,16.14,2017,100000,16.0
17,35,1,2,19.62,23.03,2018,26000,26.0
8,13,1,7,9.94,11.67,1980,10000,29.0
17,25,2,6,6.22,7.3,2004,76102,8.0
14,14,2,7,5.42,6.37,2011,3000,6.5
8,54,2,2,15.95,18.72,2024,237,18.0
17,22,1,7,22.84,26.81,2019,47000,27.0
8,42,1,7,33.69,39.55,2007,0,25.0
8,42,1,6,38.82,45.57,2015,48000,46.5
17,16,2,4,41.72,48.97,2008,5000,46.0
8,42,1,2,75.95,89.16,2024,1000,74.0
13,50,1,6,63.35,74.37,2024,1300,65.0
8,27,1,6,15.31,17.98,2014,12368,14.5
17,16,0,7,41.61,48.85,2010,4000,59.0
8,42,1,6,46.96,55.13,2013,450000,40.0
8,19,2,6,12.98,15.24,2015,10000,8.0
17,32,1,2,5.1,5.99,2009,12345,5.0
8,42,1,6,70.02,82.2,2021,40000,85.0
8,57,0,3,23.44,27.52,2022,25000,25.0
17,32,1,6,6.41,7.52,2011,50000,6.8
17,16,2,3,41.94,49.23,2006,100000,65.0
17,13,0,3,54.65,64.15,2017,16000,56.0
8,11,2,6,6.63,7.78,2009,123456,16.999999
15,20,0,3,26.38,30.97,2019,7000,30.0
8,13,0,3,17.72,20.8,2020,40000,19.8
8,19,2,5,14.27,16.75,2002,10000,4.0
8,19,2,4,14.32,16.81,2001,31000,13.5
17,16,0,6,26.16,30.71,2021,4900,37.0
8,27,1,6,7.87,9.24,2012,50000,10.2
8,54,2,6,15.95,18.72,2024,687,21.0
8,42,1,6,62.14,72.95,2019,18000,65.0
15,4,0,2,7.25,8.51,2017,90000,8.5
8,2,1,7,21.0,24.66,2017,34000,20.0
8,13,1,2,11.94,14.02,2001,779339,12.0
17,32,1,6,5.89,6.92,2010,99999,7.5
8,2,1,6,9.06,10.64,2012,53121,11.5
8,11,2,2,15.43,18.12,1999,35000,8.5
8,53,1,6,15.49,18.18,2015,95889,20.5
8,42,1,7,74.21,87.11,2023,39000,81.0
8,42,1,6,74.21,87.11,2023,3700,95.0
9,13,2,7,11.97,14.05,2023,6600,9.5
17,16,2,6,28.44,33.39,2022,22000,33.0
17,33,1,2,6.13,7.2,2013,999999,7.2
8,53,1,2,12.27,14.4,2014,40,13.6
8,2,1,6,9.85,11.56,2011,30000,9.0
8,42,1,3,95.08,111.62,2010,50000,148.0
8,42,1,6,70.02,82.2,2021,10000,90.0
17,24,1,7,13.07,15.34,2017,30,18.0
8,42,1,6,62.14,72.95,2019,8900,60.0
3,13,0,6,6.84,8.03,2018,300,13.888888
13,52,1,7,5.19,6.09,2007,24198,4.0
8,56,0,6,13.75,16.14,2017,12345,17.0
8,19,2,6,11.78,13.83,2012,0,13.0
8,11,2,4,14.11,16.56,1995,0,22.0
8,56,0,6,13.75,16.14,2017,48000,10.0
8,42,1,6,44.59,52.35,2016,20000,46.8
8,42,1,7,111.75,131.19,2011,200000,148.0
17,16,2,6,28.2,33.1,2023,22000,35.0
8,47,0,4,22.72,26.67,2021,8300,24.8
8,51,1,3,31.97,37.53,2020,70000,35.0
8,27,1,6,27.17,31.89,2020,25000,18.0
8,57,0,6,17.63,20.69,2021,45,16.8
8,51,1,7,40.54,47.59,2018,45000,80.0
8,2,1,2,7.06,8.28,2007,67899,6.8
8,42,1,6,38.82,45.57,2015,30,60.0
8,27,1,6,38.7,45.44,2024,1100,48.0
15,44,0,3,20.16,23.67,2019,0,38.0
8,42,1,6,62.14,72.95,2019,40000,68.5
8,57,0,6,16.31,19.15,2019,19000,20.0
8,57,0,6,24.85,29.17,2023,5000,24.5
8,7,0,3,39.17,45.99,2022,10000,41.0
8,56,0,7,15.55,18.25,2019,28000,15.5
13,52,1,3,45.34,53.22,2022,7761,62.0
8,53,1,6,16.83,19.75,2016,1000,18.5
17,16,0,6,19.81,23.26,2019,27000,29.0
13,26,1,9,8.66,10.17,2012,80000,8.5
8,42,1,6,38.82,45.57,2015,48600,42.0
8,2,1,6,13.6,15.96,2013,40000,15.5
8,42,1,6,62.14,72.95,2019,250000,78.0
8,47,0,3,25.95,30.46,2022,2550,45.0
9,13,1,7,73.6,86.4,2024,20,80.0
8,27,1,2,7.34,8.61,2011,66600,7.3
13,50,1,3,28.55,33.52,2015,18000,34.5
8,53,1,6,20.8,24.42,2019,31000,25.0
17,16,0,2,19.81,23.26,2019,430000,28.0
17,16,2,6,28.2,33.1,2023,2000,26.5
17,37,2,2,26.21,30.77,2024,3851,29.0
8,42,1,6,62.14,72.95,2019,10,59.0
13,26,1,6,6.9,8.1,2011,28613,6.0
8,57,0,6,17.63,20.69,2021,20000,19.5
8,36,1,6,16.87,19.8,2012,82000,20.0
8,57,0,6,17.08,20.05,2020,37000,20.0
8,42,1,3,111.75,131.19,2011,32000,139.0
8,11,2,8,13.8,16.21,2004,124546,8.0
8,19,2,6,22.72,26.68,2020,50000,25.0
8,19,2,6,22.72,26.68,2020,55000,25.0
17,34,1,6,25.53,29.97,2021,39967,29.0
8,51,1,6,32.03,37.61,2021,17000,50.0
8,5,1,7,18.66,21.91,2011,100000,16.0
8,27,1,6,6.64,7.79,2010,650000,8.5
4,13,0,3,115.38,135.44,2016,34500,125.0
8,42,1,4,36.71,43.09,2014,78000,43.5
8,42,1,6,36.71,43.09,2014,15000,65.0
17,35,1,2,19.62,23.03,2018,41000,20.0
8,42,1,6,38.82,45.57,2015,26760,40.0
8,51,1,3,30.2,35.45,2019,2,32.4
17,33,1,3,7.62,8.94,2015,0,4.8
8,56,0,6,13.96,16.39,2016,50000,18.5
17,16,0,6,14.53,17.05,2013,38000,20.5
8,54,2,5,10.03,11.77,2003,49,3.5
17,46,2,6,6.48,7.61,2010,35000,8.0
8,13,0,2,39.43,46.29,1980,99999,28.0
8,42,1,3,111.75,131.19,2011,18000,166.666666
8,6,0,2,79.14,92.9,2021,20000,78.0
8,36,1,4,16.01,18.79,2011,100000,18.5
8,12,1,6,7.75,9.1,2010,100000,13.5
17,16,0,7,15.73,18.46,2017,28000,14.5
8,51,1,10,35.85,42.08,2024,1350,50.0
8,51,1,6,30.2,35.45,2019,24000,36.5
8,11,2,4,9.23,10.84,2002,50000,48.0
8,9,1,6,7.33,8.6,2007,30000,7.999999
8,12,1,2,12.42,14.58,2015,59000,12.0
8,53,1,6,10.56,12.4,2012,15000,10.8
8,42,1,2,109.65,128.72,2012,100,185.0
8,42,1,6,75.95,89.16,2024,550,67.0
8,11,2,6,10.79,12.67,2015,30000,17.9
17,16,0,2,15.73,18.46,2017,45,17.0
8,54,2,2,6.78,7.96,2009,36000,8.5
13,50,1,6,35.5,41.67,2017,21000,49.0
8,42,1,3,95.08,111.62,2010,7500,98.0
8,42,1,6,74.3,87.23,2022,173000,85.0
8,42,1,3,111.75,131.19,2011,16000,82.0
8,51,1,3,51.28,60.19,2017,33000,60.0
8,54,2,6,6.99,8.21,2012,360000,10.3
8,51,1,3,47.19,55.39,2016,49000,48.0
8,5,2,6,13.47,15.82,2022,36400,11.8
8,5,1,6,15.18,17.82,2023,8800,38.0
13,52,1,3,45.34,53.22,2022,1086,65.0
8,42,1,6,57.96,68.03,2018,13542,68.5
17,32,1,2,19.53,22.92,2022,13458,22.5
8,57,0,2,17.08,20.05,2020,30000,17.5
17,16,0,6,15.17,17.81,2015,50000,11.7
14,3,1,6,3.4,3.99,2011,60000,3.75
8,2,1,2,8.66,10.17,2009,80000,8.0
8,27,1,6,7.87,9.24,2012,55000,8.5
10,13,0,10,3.22,3.78,2007,70000,9.9
17,16,0,6,19.81,23.26,2019,55000,23.0
8,54,2,6,7.21,8.46,2007,25200,13.5
8,42,1,6,75.95,89.16,2024,3000,120.0
17,16,0,2,15.73,18.46,2017,45,16.0
8,9,1,4,27.71,32.53,2014,50000,28.5
13,52,1,6,9.74,11.44,2013,6206,17.8
8,19,2,6,11.78,13.83,2012,70000,12.0
8,2,1,3,9.06,10.64,2012,50000,9.5
8,2,1,6,29.9,35.1,2020,101200,26.0
17,33,1,2,5.04,5.92,2012,80000,8.0
8,5,1,6,11.54,13.55,2010,714882,11.5
8,2,1,6,7.57,8.89,2008,86000,6.9
17,33,1,2,4.04,4.74,2010,75000,4.2
13,52,1,6,22.2,26.06,2015,1,34.8
17,16,0,6,15.94,18.72,2011,20000,11.0
17,32,1,6,5.75,6.75,2007,100000,6.0
17,16,0,6,19.81,23.26,2019,80000,15.0
8,57,0,6,17.63,20.69,2021,30000,20.0
6,13,1,6,11.15,13.1,2023,10194,9.0
8,53,1,6,10.9,12.8,2013,15000,13.2
17,24,1,6,13.84,16.25,2018,123456,12.8
8,42,1,6,95.08,111.62,2010,5464,180.0
8,27,1,7,38.7,45.44,2024,7000,59.5
8,5,1,6,13.65,16.02,2021,37,38.0
8,54,2,6,9.95,11.68,2002,36000,14.6
8,19,2,2,21.86,25.66,2007,380000,24.8
8,2,1,6,15.97,18.75,2015,60000,16.8
8,2,1,6,9.85,11.56,2011,50000,10.0
14,13,1,6,3.37,3.96,2008,40000,5.8
17,33,1,6,4.6,5.4,2020,10000,4.5
9,13,2,0,3.78,4.44,2008,10000,2.75
2,10,2,3,6.44,7.56,2020,20000,3.9
8,54,2,4,22.73,26.69,1999,20000,46.8
8,2,1,7,9.06,10.64,2012,125000,7.5
8,51,1,3,30.2,35.45,2019,32500,28.0
8,42,1,4,74.3,87.23,2022,7500,180.0
17,16,0,2,15.94,18.72,2011,99999,11.5
17,16,0,6,13.61,15.98,2014,30000,16.5
17,24,1,6,17.23,20.23,2022,2000,25.0
17,33,1,6,3.15,3.69,2008,25000,2.3
9,13,2,5,3.92,4.6,2006,600000,3.5
13,28,1,9,9.81,11.51,2015,60000,3.0
13,52,1,7,45.34,53.22,2022,20489,45.0
8,51,1,6,30.2,35.45,2019,40000,32.0
14,13,1,8,3.83,4.5,2010,99999,4.5
8,54,2,7,6.99,8.21,2012,200000,9.5
8,2,1,6,21.96,25.78,2018,130000,21.0
13,50,1,6,44.41,52.14,2019,6500,51.0
14,3,1,0,3.4,3.99,2011,500000,4.0
13,52,1,6,45.34,53.22,2022,27000,62.0
8,30,0,4,16.72,19.63,2017,26000,28.0
15,20,0,3,20.82,24.43,2017,26402,24.5
9,13,2,5,3.68,4.32,2010,30000,2.0
8,42,1,6,66.3,77.83,2020,36000,78.0
8,5,2,4,9.51,11.16,2017,54697,10.5
8,42,1,4,74.21,87.11,2023,3000,125.0
17,25,2,6,6.23,7.31,2010,6868,6.5
17,16,0,3,14.53,17.05,2013,100000,16.5
15,49,0,2,202.63,237.87,2021,9832,25.0
17,46,2,2,6.13,7.2,2008,70000,7.2
14,15,1,6,4.1,4.81,2011,500000,4.5
17,46,2,7,6.13,7.2,2008,15000,7.5
17,32,1,6,4.64,5.44,2008,60,6.8
8,9,1,6,7.33,8.6,2007,82888,8.0
8,2,1,2,24.1,28.29,2019,45000,25.5
8,57,0,2,17.63,20.69,2021,45,17.0
13,28,1,2,9.81,11.51,2015,12345,8.5
1,13,0,7,17.78,20.87,2018,20000,68.0
17,16,0,6,13.61,15.98,2014,0,5.8
8,2,1,2,20.04,23.53,2016,30000,23.5
17,13,0,2,43.1,50.59,2023,13000,72.0
17,33,1,3,6.5,7.63,2017,238469,2.68
8,42,1,6,46.96,55.13,2013,10000,42.0
8,57,0,6,17.08,20.05,2020,29600,19.0
17,46,2,4,6.02,7.06,2007,66666,6.8
8,42,1,6,74.3,87.23,2022,30000,80.0
8,42,1,7,36.71,43.09,2014,30000,35.0
8,7,0,7,46.52,54.61,2024,4000,63.0
9,13,2,5,5.43,6.37,1990,999999,2.5
8,2,1,0,21.96,25.78,2018,250000,25.5
17,16,0,6,41.61,48.85,2010,40000,43.5
13,52,1,3,5.28,6.2,2010,66666,6.0
8,30,0,4,13.8,16.2,2014,25000,40.0
8,54,2,2,5.94,6.97,2010,30000,6.0
3,13,2,6,3.67,4.31,2020,21000,6.5
13,28,1,6,14.38,16.88,2016,25000,19.8
17,32,1,4,5.41,6.35,2006,480000,5.4
8,2,1,2,7.57,8.89,2008,244,8.2
8,56,0,6,13.75,16.14,2017,130000,15.0
8,6,0,2,104.4,122.56,2020,13000,145.0
8,42,1,6,66.3,77.83,2020,28000,68.0
8,57,0,7,17.08,20.05,2020,30000,19.7
17,29,1,6,6.81,8.0,2013,100000,6.0
13,28,1,3,16.25,19.08,2017,1700,29.0
8,0,2,2,14.97,17.58,2020,12345,55.0
8,54,2,2,11.43,13.42,2020,30000,12.5
8,51,1,6,35.85,42.08,2024,10000,40.0
13,52,1,3,8.39,9.84,2012,20,12.8
17,33,1,2,4.04,4.74,2010,60,4.0
8,19,2,6,25.22,29.61,2022,17000,27.0
17,16,0,2,13.66,16.04,2012,100000,16.0
8,19,2,5,14.32,16.81,2001,10000,4.0
17,16,0,6,14.53,17.05,2013,40000,23.0
8,13,2,2,9.94,11.67,1980,10000,4.5
8,19,2,6,14.32,16.81,2001,22500,20.5
8,2,1,2,13.6,15.96,2013,105000,13.0
17,33,1,7,4.04,4.74,2010,6129,3.0
17,24,1,6,13.84,16.25,2018,123456,12.9
17,25,2,4,6.22,7.3,2004,40000,5.0
17,33,1,4,5.04,5.92,2012,40000,6.7
13,52,1,6,8.39,9.84,2012,56000,3.0
13,28,1,3,9.74,11.44,2014,15000,4.5
8,2,1,2,13.6,15.96,2013,100,17.0
8,53,1,6,17.47,20.51,2017,50000,16.89
8,2,1,2,8.66,10.17,2009,12389,9.8
14,3,1,3,5.68,6.66,2015,48084,5.0
8,57,0,2,16.31,19.15,2019,333333,16.1
17,24,1,7,13.84,16.25,2018,40000,15.8
13,52,1,7,5.28,6.2,2010,9999,5.6
8,54,2,2,6.99,8.21,2012,45000,8.0
8,57,0,2,17.08,20.05,2020,40000,14.5
8,54,2,6,10.4,12.2,2018,6666,4.0
8,11,2,0,10.79,12.67,2015,100,13.0
8,30,0,7,16.72,19.63,2017,37000,23.0
8,51,1,3,40.54,47.59,2018,40000,43.5
7,13,0,1,300.23,352.44,2020,1485,350.0
8,54,2,2,6.77,7.94,2008,86000,12.8
17,16,0,6,22.62,26.56,2020,30000,27.0
8,2,1,6,29.9,35.1,2020,104000,43.0
8,36,1,2,16.87,19.8,2012,75000,18.5
8,51,1,6,30.2,35.45,2019,56300,34.0
8,27,1,3,15.31,17.98,2014,35000,13.5
8,43,1,6,53.71,63.05,2024,10,69.0
8,42,1,1,44.64,52.4,2006,48000,59.0
8,1,1,2,13.16,15.44,2013,12000,3.49
8,2,1,6,21.0,24.66,2017,50000,22.9
8,6,0,4,104.4,122.56,2020,17000,129.0
8,19,2,6,20.85,24.48,2019,10000,30.0
9,13,2,5,3.68,4.32,2010,10000,2.0
17,39,0,2,31.14,36.55,2019,38000,28.0
8,51,1,3,47.19,55.39,2016,30,49.0
8,42,1,6,75.95,89.16,2024,3000,104.0
8,54,2,2,6.78,7.96,2009,45,5.6
17,46,2,6,6.93,8.14,2015,56000,7.5
14,13,1,8,3.52,4.13,2011,2000,4.0
8,2,1,6,7.57,8.89,2008,35000,9.3
8,54,2,2,7.21,8.46,2007,40000,8.5
8,2,1,2,7.57,8.89,2008,26868,7.2
8,19,2,6,25.54,29.98,2010,63333,37.0
8,42,1,6,57.96,68.03,2018,30000,70.0
8,54,2,6,7.21,8.46,2007,24500,14.3
17,16,0,7,14.95,17.54,2016,3400,11.5
8,2,1,6,32.36,37.99,2021,31000,24.0
13,52,1,7,36.61,42.98,2018,3000,6.0
17,25,2,2,7.91,9.28,2013,123456,9.8
8,19,2,2,26.94,31.63,2008,80000,18.0
8,42,1,3,109.65,128.72,2012,20000,139.0
9,13,1,8,3.92,4.6,2006,10000,7.5
8,51,1,3,32.58,38.25,2022,25800,38.0
8,57,0,6,24.85,29.17,2023,28000,19.0
8,42,1,6,38.82,45.57,2015,25000,53.0
8,19,2,6,14.15,16.61,2000,22500,22.5
8,19,2,2,26.94,31.63,2008,40000,42.0
8,54,2,5,5.94,6.97,2010,10000,2.2
8,13,1,2,11.94,14.02,2001,20,21.0
8,57,0,6,17.63,20.69,2021,50000,20.0
8,19,2,6,13.9,16.32,2016,25465,16.0
8,54,2,3,10.4,12.2,2018,50000,15.999999
8,2,1,2,15.19,17.83,2014,17300,1.65
13,13,1,3,4.37,5.13,2014,34000,8.0
8,13,0,2,6.78,7.96,2008,24000,320.0
9,13,2,7,6.5,7.63,2018,3200,3.0
8,2,1,6,9.85,11.56,2011,30000,9.4
10,13,0,2,172.31,202.28,2016,40000,182.0
17,33,1,7,5.04,5.92,2012,700000,7.5
8,54,2,2,7.97,9.36,2014,31000,9.0
8,27,1,6,22.86,26.83,2018,23,22.5
8,19,2,6,14.32,16.81,2001,44612,8.0
8,54,2,6,9.95,11.68,2002,96358,11.5
8,53,1,6,21.77,25.55,2020,30000,25.0
17,16,0,2,15.73,18.46,2017,49000,18.0
17,46,2,2,7.24,8.49,2013,88000,7.0
17,39,0,3,30.79,36.15,2020,20474,34.9
8,11,2,2,14.11,16.56,1995,1000,82.0
8,13,1,3,6.85,8.04,2004,80000,16.0
17,39,0,6,31.14,36.55,2019,38000,28.5
17,16,0,2,19.81,23.26,2019,20000,23.0
17,16,0,6,14.95,17.54,2016,39075,12.0
8,10,2,6,7.17,8.41,2007,1956,3.0
14,15,1,8,3.41,4.0,2008,12345,2.5
8,42,1,2,44.64,52.4,2006,55000,39.0
8,13,2,2,6.55,7.69,1999,12690,10.8
8,54,2,6,14.31,16.8,2022,31000,16.0
8,43,1,6,27.65,32.46,2015,12345,0.06
17,46,2,6,9.86,11.57,2020,0,11.8
8,54,2,6,14.31,16.8,2022,32000,16.0
13,50,1,6,29.77,34.95,2016,40000,40.0
13,28,1,3,7.27,8.53,2013,47000,9.0
17,16,0,6,19.81,23.26,2019,1,18.0
8,27,1,6,6.64,7.79,2010,72000,8.0
8,2,1,6,7.57,8.89,2008,96322,8.0
8,42,1,3,44.64,52.4,2006,50000,60.0
8,42,1,6,57.96,68.03,2018,30000,68.0
8,54,2,7,9.54,11.2,2016,200,1.5
9,13,2,5,3.76,4.41,2000,100,2.5
8,56,0,7,14.49,17.01,2018,70000,11.0
8,51,1,6,36.06,42.33,2023,17000,39.0
17,25,2,6,18.47,21.68,2022,26000,20.0
17,33,1,2,5.04,5.92,2012,9999,5.4
8,2,1,6,20.04,23.53,2016,80000,16.0
8,11,2,4,13.97,16.4,1996,100000,9.5
8,10,2,6,6.31,7.41,1980,99999,2.999999
8,56,0,6,14.49,17.01,2018,30000,19.5
9,13,2,2,3.35,3.93,2009,50000,9.0
17,16,0,6,15.17,17.81,2015,500000,14.8
8,51,1,2,35.85,42.08,2024,10000,38.5
17,16,0,6,22.62,26.56,2020,20000,37.0
17,16,0,2,19.81,23.26,2019,9000,30.0
8,54,2,6,14.31,16.8,2022,31000,16.6
8,53,1,7,12.27,14.4,2014,7000,8.5
17,16,0,2,13.66,16.04,2012,2000,16.8
8,0,0,5,11.97,14.06,1980,999999,3.5
17,33,1,6,4.16,4.89,2011,66000,4.2
8,2,1,6,9.85,11.56,2011,28000,9.3
8,54,2,5,18.09,21.23,2000,100000,4.5
8,13,2,2,9.38,11.01,1999,56834,4.0
8,19,2,6,26.94,31.63,2008,20000,25.0
15,13,2,2,4.76,5.59,2008,12345,5.5
8,27,1,6,7.87,9.24,2012,36000,10.5
8,2,1,6,32.36,37.99,2021,10500,27.0
17,46,2,6,11.62,13.64,2022,9000,13.0
8,54,2,2,6.99,8.21,2012,10000,7.5
8,57,0,2,24.85,29.17,2023,7900,29.8
8,2,1,2,33.65,39.5,2022,33,36.5
9,13,2,6,3.92,4.6,2011,67000,8.5
9,13,2,5,3.92,4.6,2006,88888,3.2
8,19,2,0,21.86,25.66,2007,36000,4.3
8,54,2,6,9.95,11.68,2002,1000,12.5
8,5,2,6,13.89,16.31,2024,5500,19.0
10,13,0,4,34.82,40.88,2019,7000,46.6
8,11,2,0,18.04,21.18,2012,345678,4.8
17,33,1,7,4.04,4.74,2010,150000,1.9
14,15,1,7,3.28,3.85,2009,9888,4.8
8,42,1,7,74.3,87.23,2022,20000,72.0
8,2,1,2,9.85,11.56,2011,10000,10.0
8,11,2,5,7.23,8.48,2007,12000,2.3
17,13,0,7,26.44,31.04,2019,100000,25.0
13,52,1,6,8.59,10.08,2012,40000,16.8
17,24,1,6,12.97,15.23,2017,10000,14.0
17,32,1,4,5.51,6.47,2004,45000,19.5
8,42,1,2,73.25,85.99,2023,2000,70.0
8,27,1,7,15.31,17.97,2014,27000,18.5
8,47,0,7,20.93,24.56,2019,2700,34.5
8,42,1,3,44.05,51.71,2006,40000,50.0
8,27,1,7,19.38,22.75,2017,13123,30.0
8,27,1,6,7.25,8.51,2011,40000,15.0
8,56,0,6,14.57,17.1,2018,8386,14.3
13,26,1,6,12.1,14.2,2014,38000,21.0
8,42,1,3,55.2,64.8,2017,1400,285.0
17,13,0,3,26.44,31.04,2019,130000,40.0
8,42,1,3,69.27,81.32,2021,20000,320.0
8,27,1,7,15.31,17.97,2014,90000,16.0
15,13,0,2,34.5,40.5,2019,20000,37.5
10,13,0,4,36.6,42.96,2022,15000,29.0
8,53,1,6,21.87,25.67,2020,28000,28.5
8,42,1,2,98.4,115.51,2010,22000,96.0
8,48,1,2,31.2,36.62,2002,15000,39.0
13,52,1,6,22.27,26.15,2015,0,15.0
8,12,1,2,9.44,11.08,2004,1234,9.5
8,43,1,2,27.41,32.18,2015,50000,31.0
13,52,0,7,49.12,57.66,1980,10000,54.0
9,13,1,3,3.95,4.64,2008,40000,5.5
8,57,0,6,24.75,29.06,2023,10000,27.8
8,13,2,6,9.04,10.61,2000,99000,9.0
8,54,2,6,6.06,7.11,2010,30000,9.0
8,10,2,4,8.41,9.88,1986,30000,14.0
13,52,1,6,59.58,69.94,2023,9000,60.0
8,57,2,6,17.83,20.93,2021,25316,21.0
8,42,1,3,65.28,76.63,2009,19000,60.0
8,2,1,3,12.59,14.78,2010,20000,29.5
13,50,1,7,61.85,72.6,2023,3686,59.9
17,13,1,5,23.78,27.91,2017,10000,3.5
8,42,1,3,111.87,131.33,2011,19000,159.0
17,16,0,7,19.92,23.38,2019,298000,24.0
8,54,2,6,10.08,11.83,2003,20000,26.0
8,10,2,7,13.41,15.74,2021,28000,40.0
8,2,1,6,37.85,44.43,2024,1000,42.0
15,13,0,6,14.8,17.37,2018,31400,23.0
8,53,1,2,26.31,30.89,2022,14673,29.5
8,13,1,2,10.91,12.81,2010,25000,11.223344
8,13,1,2,85.51,100.39,2011,25000,13.456789
8,19,2,7,21.51,25.25,2007,80000,35.0
14,13,2,7,5.15,6.05,2008,120000,9.0
13,52,1,6,59.58,69.94,2023,9000,65.0
14,3,1,8,3.82,4.48,2012,390000,5.8
14,15,1,0,3.61,4.24,2009,2000,8.0
4,13,0,7,71.76,84.24,2014,22000,78.0
8,57,0,6,24.75,29.06,2023,8000,29.8
17,32,1,6,6.47,7.59,2011,9000,5.5
8,57,0,6,29.43,34.55,2025,115,38.9
15,23,1,7,3.25,3.81,2008,50000,3.7
8,19,2,6,23.33,27.39,2021,40000,26.0
8,48,1,2,23.0,27.0,1994,25000,25.0
8,57,0,6,23.44,27.51,2022,23000,27.5
8,36,1,6,16.03,18.82,2011,250000,16.8
8,42,1,6,36.48,42.83,2014,43000,30.0
17,16,0,7,28.79,33.8,2022,40000,32.0
8,54,2,6,6.87,8.06,2012,18,21.0
14,3,1,8,2.4,2.81,2005,28000,2.5
15,49,0,4,58.73,68.95,1999,6000,24.5
14,3,1,6,4.34,5.09,2013,40000,4.6
15,23,1,2,4.18,4.9,2012,790000,5.8
8,42,1,3,20.02,23.5,2002,30000,38.0
8,48,1,2,19.03,22.34,1997,77000,23.5
8,57,2,6,17.08,20.05,2020,23145,21.0
8,54,2,2,6.06,7.11,2010,7979,4.7
8,51,1,6,30.13,35.37,2019,34000,39.0
14,13,2,7,4.46,5.24,2003,80000,3.2
15,23,1,6,4.18,4.9,2012,40000,5.0
8,42,1,2,55.2,64.8,2017,35000,0.066
8,54,2,2,7.94,9.32,2014,6666,6.5
8,2,1,7,7.62,8.94,2008,2000,7.5
8,42,1,6,39.18,45.99,2015,50000,33.0
8,19,2,7,27.04,31.74,2008,10000,32.0
17,32,1,2,4.62,5.42,2008,30000,3.6
8,54,2,2,9.73,11.42,2016,35000,8.5
17,18,1,2,19.2,22.55,2021,9000,22.5
8,42,1,6,58.13,68.25,2018,46000,78.0
14,15,1,6,3.96,4.65,2011,50000,4.0
8,27,1,7,15.31,17.97,2014,9700,16.0
17,25,2,6,17.81,20.91,2023,10000,19.0
8,57,0,6,24.75,29.06,2023,8000,32.5
8,10,2,6,6.61,7.76,1981,9999,3.5
8,57,0,7,23.44,27.51,2022,19000,25.5
17,34,1,2,8.92,10.47,2014,6666,6.5
8,54,2,2,9.73,11.42,2016,15000,8.0
8,53,1,6,10.54,12.37,2012,12000,13.0
17,32,1,2,6.08,7.14,2016,52000,4.5
8,36,1,4,16.03,18.82,2011,127000,13.0
8,57,0,6,24.75,29.06,2023,9000,30.5
17,46,2,2,13.82,16.22,2024,1500,16.0
8,53,1,7,18.47,21.68,2018,40000,22.0
8,19,2,6,13.59,15.96,2016,10000,25.0
14,3,1,6,3.24,3.8,2010,100000,3.5
8,42,1,6,55.2,64.8,2017,28000,72.0
13,52,1,6,43.05,50.54,2022,2400,59.0
8,11,2,4,14.49,17.01,1996,43500,14.0
8,0,0,7,11.96,14.04,2017,99999,38.0
9,13,2,5,7.96,9.34,2020,12000,9.5
17,25,2,6,13.96,16.39,2024,9940,22.5
13,52,1,6,22.27,26.15,2015,35833,25.0
8,51,1,4,50.14,58.86,2017,10000,30.0
8,30,0,4,19.27,22.63,2017,56999,21.5
17,33,1,2,5.1,5.98,2012,30000,2.9
8,53,1,2,16.92,19.86,2017,30000,16.5
17,13,2,7,70.52,82.79,2024,4800,35.0
17,58,0,7,61.32,71.98,2023,4156,67.5
8,13,1,4,29.98,35.19,2022,28900,29.125
8,53,1,6,16.92,19.86,2017,29000,20.3
8,19,2,6,13.94,16.37,2001,22000,9.7
8,42,1,6,98.4,115.51,2010,30000,75.0
8,27,1,6,27.9,32.76,2021,10000,25.0
17,16,0,7,41.9,49.18,2010,44999,55.0
15,13,2,2,8.5,9.98,2012,50000,5.6
8,54,2,6,13.66,16.04,2021,4400,18.0
8,42,1,7,69.27,81.32,2021,26000,64.5
17,16,0,6,28.79,33.8,2022,4754,36.0
17,25,2,2,6.16,7.23,2004,20000,5.9
8,2,1,2,7.62,8.94,2008,36000,8.35
15,13,2,2,6.82,8.01,2013,40000,6.5
13,21,1,7,58.91,69.15,2019,26000,41.0
8,27,1,7,11.67,13.7,2013,42333,9.6
17,22,1,7,15.52,18.22,2016,45333,17.2
8,27,1,7,7.98,9.37,2012,83333,7.6
17,13,0,2,28.85,33.87,2017,17000,31.0
13,52,1,7,59.58,69.94,2023,8000,70.0
8,10,2,2,7.2,8.45,1998,10,16.0
17,13,0,10,28.85,33.87,2017,30000,29.9
8,2,1,4,38.07,44.69,2025,12399,1.0
8,42,1,6,111.87,131.33,2011,53000,80.0
13,26,1,3,4.94,5.8,2010,200000,6.0
17,35,1,6,44.02,51.68,2024,10000,42.0
8,51,1,3,32.95,38.68,2022,22000,33.0
8,11,2,4,11.04,12.96,1992,100000,27.0
8,43,1,6,35.93,42.18,2018,50000,68.686
8,43,1,6,52.54,61.68,2023,30000,60.0
8,54,2,7,11.68,13.71,2019,9000,16.5
8,43,1,6,30.1,35.33,2016,20000,34.5
8,54,2,7,16.31,19.14,2024,851,75.0
8,13,0,6,52.61,61.76,2023,9300,3.0
8,10,2,2,6.82,8.01,1980,999,7.5
8,42,1,6,74.57,87.54,2022,34000,64.0
8,12,1,4,11.43,13.42,2015,680000,13.5
17,16,2,2,14.51,17.04,2013,9000,29.0
17,46,2,3,8.97,10.53,2018,50000,10.2
8,27,1,6,16.53,19.41,2016,25000,19.0
8,27,1,7,23.96,28.12,2019,15000,29.8
14,15,1,6,4.87,5.71,2014,50000,5.7
17,16,0,6,41.9,49.18,2010,45000,57.8
8,2,1,6,8.99,10.56,2012,81000,11.0
8,30,0,4,30.0,35.22,2021,7700,48.0
17,24,1,6,19.93,23.4,2023,8000,20.8
8,42,1,3,101.46,119.11,2012,38000,172.0
8,42,1,6,55.2,64.8,2017,35970,70.0
17,35,1,2,36.78,43.18,2022,14500,28.0
14,3,1,8,3.0,3.52,2008,55555,4.0
8,2,1,6,34.12,40.05,2022,23000,41.0
8,53,2,3,28.0,32.86,2023,80000,29.0
8,42,1,6,74.57,87.54,2022,1092,136000.0
8,27,1,6,38.54,45.24,2024,6400,45.0
8,19,2,6,14.3,16.79,2002,2869,14.0
8,5,1,6,8.9,10.45,2017,10000,25.0
8,19,2,6,25.66,30.12,2010,30000,31.0
8,54,2,2,10.55,12.38,2002,3000,18.0
8,2,1,7,10.02,11.76,2011,57000,8.9
8,2,1,7,29.93,35.13,2020,19,32.5
8,42,1,4,73.25,85.99,2023,5000,117.5
8,42,1,3,111.87,131.33,2011,11800,185.0
15,23,1,6,3.25,3.81,2008,450000,3.8
15,20,0,6,23.17,27.2,2018,10000,30.0
8,19,2,6,25.66,30.12,2010,36792,29.0
8,19,2,7,25.66,30.12,2010,36792,29.0
9,13,0,7,21.39,25.11,1980,1000,55.0
14,13,0,8,15.3,17.96,2018,30000,18.0
10,13,0,2,133.06,156.2,2014,250000,143.333333
8,56,0,6,13.38,15.71,2017,50,14.0
8,42,1,7,55.2,64.8,2017,70000,66.0
17,16,0,6,15.75,18.49,2017,83000,16.0
14,13,0,8,18.4,21.6,1998,50000,20.0
8,53,1,7,10.54,12.37,2012,2,10.8
17,33,1,6,3.58,4.2,2009,29999,5.9
8,12,1,7,9.44,11.08,2004,110000,10.0
8,42,1,6,62.76,73.68,2019,28000,75.0
8,2,1,4,10.02,11.76,2011,50000,31.0
8,48,1,2,7.74,9.09,2005,43941,80.0
8,54,2,2,6.82,8.01,2008,30000,8.2
17,46,2,6,10.11,11.87,2020,20000,12.0
9,13,2,6,3.55,4.17,2010,9000,35.0
17,32,1,2,5.1,5.99,2009,30000,8.0
8,51,1,3,30.13,35.37,2019,30000,29.5
13,52,1,6,19.01,22.32,2014,64446,31.0
8,42,1,2,101.46,119.11,2012,65000,200.0
8,2,1,4,12.59,14.78,2010,34000,40.0
17,46,2,2,7.31,8.58,2012,149494,8.0
10,13,0,7,36.92,43.34,2018,18700,42.0
8,5,2,6,9.35,10.98,2018,35000,9.5
8,42,1,6,62.76,73.68,2019,19000,68.0
8,42,1,6,58.13,68.25,2018,24000,56.8
8,2,1,7,8.99,10.56,2012,46000,9.5
17,32,1,7,5.1,5.99,2009,50000,5.5
17,46,2,7,7.61,8.93,2014,65000,8.0
17,46,2,6,7.61,8.93,2014,123456,9.5
13,52,1,6,10.01,11.75,2013,40000,12.5
8,42,1,6,62.76,73.68,2019,25,73.0
8,48,1,2,39.79,46.71,2008,26000,90.0
17,46,2,3,13.82,16.22,2024,200000,18.0
8,42,1,7,55.2,64.8,2017,7000,70.0
8,57,0,2,24.75,29.06,2023,15000,27.0
8,42,1,6,101.46,119.11,2012,180000,33.0
8,13,1,2,69.83,81.97,1992,50000,125.0
8,5,2,2,9.35,10.98,2018,38000,12.99
13,52,1,6,38.21,44.86,2018,27000,41.0
8,42,1,7,62.76,73.68,2019,38000,78.0
8,2,1,2,12.59,14.78,2010,60000,8.9
8,51,1,6,30.13,35.37,2019,14000,38.5
17,25,2,2,6.39,7.5,2011,30000,7.2
8,42,1,3,101.46,119.11,2012,9999,110.0
8,42,1,6,58.13,68.25,2018,240000,60.0
8,2,1,6,13.83,16.24,2013,65000,17.5
17,13,1,3,47.77,56.08,2023,18000,23.0
8,53,1,6,28.0,32.86,2023,4179,33.0
8,53,1,6,28.0,32.86,2023,4178,33.0
17,13,0,3,31.23,36.66,2015,32000,19.0
17,34,1,6,41.4,48.6,2024,512,45.0
8,2,1,7,19.98,23.46,2016,29000,19.0
8,42,1,3,98.4,115.51,2010,81000,200.0
8,13,0,6,127.87,150.11,2023,3000,140.0
8,42,1,6,111.87,131.33,2011,32000,125.0
8,12,1,2,9.44,11.08,2004,6667,0.0185
8,5,2,6,19.24,22.58,2021,40000,12.5
8,42,1,3,33.2,38.97,2007,70000,70.0
14,13,2,6,9.33,10.95,2019,21850,12.0
17,34,1,6,8.21,9.64,2012,17000,7.268688
3,13,2,6,12.42,14.58,2025,150,13.5
8,9,1,6,28.8,33.8,2014,1000,8.5
8,11,2,7,15.61,18.32,1999,200000,20.0
8,54,2,6,6.58,7.72,2011,23000,9.5
8,55,0,3,18.05,21.19,1994,53000,10.0
17,24,1,6,13.85,16.26,2018,33950,13.5
8,2,1,6,23.78,27.91,2019,93934,23.5
8,7,0,7,60.19,70.66,2021,15000,172.0
17,24,1,2,17.18,20.17,2022,25100,21.5
8,36,1,7,40.04,47.0,2018,30000,40.5
8,13,1,2,13.7,16.08,2020,10000,25.0
8,7,0,7,27.45,32.22,2017,19000,35.0
8,51,1,6,30.13,35.37,2019,60000,27.0
13,26,1,7,8.83,10.36,2012,20000,9.0
8,53,1,6,21.1,24.77,2019,40000,26.5
17,16,0,2,16.16,18.97,2015,30000,22.5
8,1,2,2,8.25,9.68,2018,41000,11.8
8,2,1,4,12.59,14.78,2010,5000,50.0
8,27,1,2,7.25,8.51,2011,35000,8.9
8,42,1,3,55.2,64.8,2017,48000,160.0
8,55,2,3,15.81,18.56,1997,20000,10.5
8,27,1,2,7.98,9.37,2012,45890,8.0
8,54,2,2,9.83,11.54,2017,54000,8.0
8,54,2,2,5.52,6.48,1995,82590,6.0
17,25,2,6,6.01,7.06,2010,50000,4.5
8,57,0,6,17.08,20.05,2020,26000,16.0
8,42,1,6,73.25,85.99,2023,5200,69.0
8,27,1,2,11.67,13.7,2013,35363,16.0
9,13,1,6,9.92,11.65,2021,23000,9.2
14,3,1,6,2.59,3.04,2006,12345,2.9
17,25,2,4,8.5,9.98,2007,50000,15.5
8,56,0,6,14.57,17.1,2018,400000,17.0
17,13,2,2,4.23,4.97,2020,11000,4.5
8,42,1,7,73.25,85.99,2023,5100,70.0
8,27,1,7,27.9,32.76,2021,220000,38.5
17,13,0,3,28.14,33.04,2018,23000,31.0
17,29,1,2,5.98,7.02,2011,40000,6.0
8,10,2,7,6.82,8.01,1980,20000,5.0
8,10,2,2,8.61,10.1,1989,8000,8.0
8,2,1,6,36.71,43.1,2023,37,38.0
17,33,1,6,7.47,8.77,2015,10000,3.2
15,4,0,6,6.99,8.2,2017,80000,5.0
8,54,2,6,14.27,16.76,2023,23000,16.0
8,19,2,2,11.0,12.91,2013,950000,30.0
9,13,1,3,8.62,10.11,2021,10000,8.0
8,43,1,7,30.1,35.33,2016,55000,35.0
15,13,0,2,11.15,13.1,1996,88888,18.0
17,16,0,6,15.75,18.49,2017,24000,15.0
8,19,2,6,20.77,24.39,2019,12000,12.0
8,27,1,6,27.9,32.76,2021,250000,41.5
8,43,1,7,47.9,56.24,2021,17000,53.5
8,19,2,2,14.16,16.63,2000,15,9.9
8,53,1,2,18.47,21.68,2018,50000,22.5
8,19,2,6,18.32,21.5,2018,105000,18.5
13,26,1,3,8.83,10.36,2012,800000,9.5
8,1,2,6,3.62,4.26,2010,30000,12.0
15,13,1,3,1.56,1.84,2002,30,23.5
8,53,1,6,21.1,24.77,2019,48775,21.0
8,54,2,7,8.28,9.73,2015,123456,7.7
8,53,1,6,21.1,24.77,2019,30000,24.0
8,10,2,2,39.02,45.81,2023,42000,18.0
8,2,1,7,8.99,10.56,2012,50000,8.5
8,2,1,6,15.19,17.83,2014,30000,14.8
8,53,1,6,21.1,24.77,2019,48775,21.5
8,53,1,3,26.31,30.89,2022,5000,29.0
17,24,1,6,14.02,16.46,2020,16000,14.5
8,53,1,2,11.03,12.95,2013,30000,9.0
8,42,1,6,55.2,64.8,2017,19000,37.0
8,2,1,6,8.99,10.56,2012,63000,10.0
8,57,0,6,17.08,20.05,2020,60000,19.0
8,42,1,6,75.76,88.93,2024,3500,76.0
14,14,2,6,3.42,4.02,2010,20000,1.8
8,53,1,7,21.1,24.77,2019,19000,26.5
8,42,1,3,111.87,131.33,2011,18000,173.0
15,40,0,6,17.35,20.37,2018,58000,22.0
8,42,1,3,65.28,76.63,2009,100000,115.0
8,42,1,3,65.28,76.63,2009,100000,110.0
17,46,2,0,8.35,9.81,2017,2000,6.0
17,16,0,6,14.51,17.04,2013,93966,15.0
8,57,0,6,23.44,27.51,2022,5640,30.0
8,13,1,2,9.2,10.8,2005,23000,3.0
8,53,1,6,11.03,12.95,2013,39931,8.0
8,27,1,7,11.67,13.7,2013,50000,16.5
10,13,0,7,82.34,96.66,2018,1200,91.9
17,32,1,0,7.06,8.28,2012,100000,5.5
17,24,1,7,13.85,16.26,2018,28615,14.0
8,19,2,3,17.14,20.13,2005,98612,3.7
5,13,0,4,12.14,14.26,2021,20000,22.0
8,2,1,7,20.71,24.32,2017,39000,22.8
8,7,0,6,39.06,45.86,2022,10000,40.0
8,42,1,6,74.57,87.54,2022,11000,66.0
13,52,1,6,6.74,7.91,2011,13000,15.0
13,28,1,6,7.45,8.74,2013,20000,9.0
9,13,2,7,4.79,5.62,2014,999,4.0
8,27,1,6,32.75,38.45,2022,2700,42.0
10,13,0,2,82.34,96.66,2018,23000,84.999999
8,42,1,3,98.4,115.51,2010,40000,91.0
8,27,1,6,6.1,7.16,2009,50000,7.7
8,11,2,0,13.39,15.72,2004,250000,4.0
8,5,2,2,9.35,10.98,2018,38000,12.9
8,56,0,2,14.57,17.1,2018,460000,12.0
14,13,0,7,3.96,4.64,2016,40000,4.0
8,42,1,6,73.25,85.99,2023,5000,127.0
8,2,1,6,8.99,10.56,2012,77000,12.6
8,13,0,6,79.75,93.62,2019,6900,81.5
13,52,1,6,59.58,69.94,2023,733,70.0
8,51,1,3,30.13,35.37,2019,40000,33.0
17,16,0,7,28.79,33.8,2022,16000,35.0
17,46,2,2,7.61,8.93,2014,55500,6.5
8,19,2,6,18.32,21.5,2018,0,14.8
8,2,1,7,13.83,16.24,2013,69000,16.0
8,2,1,7,23.78,27.91,2019,68886,13.0
17,16,0,7,15.75,18.49,2017,78000,14.0
17,16,0,6,19.92,23.38,2019,27000,23.0
8,27,1,2,6.1,7.16,2009,100000,7.5
8,13,0,2,6.31,7.4,2008,100000,10.2
13,28,1,6,14.98,17.58,2016,100000,6.9
8,43,1,6,47.9,56.24,2021,17386,5.4
9,13,1,6,12.56,14.75,2024,6000,41.5
17,25,2,6,11.95,14.03,2016,69000,13.0
8,11,2,5,9.62,11.3,2003,99999,4.2
13,50,1,3,64.29,75.47,2024,11000,68.0
8,53,1,2,16.88,19.81,2016,18000,16.0
8,54,2,5,6.93,8.14,2006,30000,3.3
8,2,1,7,34.12,40.05,2022,9500,49.999999
7,13,0,7,333.96,392.04,2016,20000,322.0
8,19,2,6,26.58,31.2,2023,222360,31.5
17,32,1,4,5.1,5.99,2009,100000,6.0
8,27,1,6,32.75,38.45,2022,7224,38.0
8,27,1,6,27.45,32.22,2020,200000,29.0
17,16,0,7,28.79,33.8,2022,90000,18.5
8,2,1,6,12.59,14.78,2010,97000,14.0
17,16,0,6,19.92,23.38,2019,28500,26.0
8,11,2,4,10.41,12.22,2005,21000,18.0
17,16,2,4,42.81,50.25,2006,17000,59.0
8,54,2,2,9.83,11.54,2017,979425,8.0
8,2,1,7,15.19,17.83,2014,0,1.8
8,42,1,6,58.13,68.25,2018,25000,75.0
8,2,1,7,34.12,40.05,2022,123456,35.0
8,42,1,6,75.76,88.93,2024,7500,85.0
8,56,0,6,14.57,17.1,2018,200000,16.0
10,31,2,2,4.33,5.09,1999,999998,7.0
17,13,1,2,151.93,178.35,2024,950,139.0
17,16,0,7,15.75,18.49,2017,29000,13.5
17,32,1,2,6.21,7.29,2005,50000,1.0
17,32,1,4,6.09,7.15,2007,30000,3.8
8,51,1,3,30.13,35.37,2019,500000,33.0
13,52,1,3,72.53,85.14,2024,7000,115.0
8,13,1,3,10.12,11.88,2012,30000,280.0
8,27,1,6,6.68,7.84,2010,45000,7.5
17,46,2,7,10.17,11.94,2021,10000,11.0
17,13,0,2,51.29,60.21,2019,15000,220.0
8,10,2,6,8.52,10.0,1996,1300,5.5
8,19,2,6,14.3,16.79,2002,30000,14.0
8,12,1,2,11.43,13.42,2015,61000,25.0
8,53,1,7,29.9,35.1,2024,4000,32.49
17,16,0,7,41.9,49.18,2010,20000,53.0
8,54,2,6,11.68,13.71,2019,39000,10.5
17,16,0,6,19.92,23.38,2019,24998,26.0
8,56,0,7,14.57,17.1,2018,44000,5.0
8,54,2,6,7.94,9.32,2014,45000,7.9
8,2,1,6,10.02,11.76,2011,32000,12.0
17,16,0,6,14.62,17.16,2016,100000,15.5
14,15,1,8,4.23,4.97,2012,23456,2.5
8,11,2,2,11.14,13.08,2015,30600,39.0
8,53,1,6,29.9,35.1,2024,300,37.0
8,13,1,5,11.21,13.16,2006,51000,6.0
17,13,1,6,10.73,12.6,2017,30000,9.0
8,53,1,7,29.9,35.1,2024,4000,32.9
8,53,1,7,29.9,35.1,2024,4000,33.9
8,53,1,6,29.5,34.63,2025,4000,34.5
8,10,2,6,39.02,45.81,2023,1100,13.0
8,2,1,6,15.19,17.83,2014,600000,17.0
8,27,1,6,7.25,8.51,2011,60,6.8
8,51,1,3,30.13,35.37,2019,20000,42.5
8,27,1,6,27.45,32.22,2020,35500,29.5
8,2,1,4,10.02,11.76,2011,54000,32.0
8,2,1,6,8.99,10.56,2012,35000,10.5
8,56,0,6,14.57,17.1,2018,60000,14.8
8,27,1,6,27.45,32.22,2020,35500,31.5
15,13,0,2,9.31,10.92,2013,50000,30.0
5,13,0,4,12.14,14.26,2021,12531,17.5
8,2,1,6,22.35,26.24,2018,48000,39.0
13,52,1,3,10.01,11.75,2013,31000,8.5
8,54,2,7,16.31,19.14,2024,5500,25.0
13,52,1,6,38.21,44.86,2018,20000,40.499
17,39,0,7,43.32,50.85,2022,12750,31.5
10,13,0,2,30.54,35.86,2018,52000,35.0
8,53,1,6,21.1,24.77,2019,45000,19.5
8,2,1,2,23.78,27.91,2019,55000,23.5
8,2,1,6,29.93,35.13,2020,14000,38.888888
14,15,1,7,4.32,5.07,2015,18000,6.5
8,51,1,7,30.13,35.37,2019,400000,33.0
14,15,1,6,4.87,5.71,2014,12345,5.8
8,2,1,6,32.29,37.91,2021,32000,33.0
8,54,2,2,6.93,8.14,2006,23000,11.5
8,54,2,6,9.73,11.42,2016,14000,10.0
8,36,1,6,40.04,47.0,2018,13444,42.0
8,36,1,6,24.09,28.28,2015,80000,27.0
8,6,0,7,81.44,95.6,2019,60000,24.0
8,42,1,6,74.57,87.54,2022,2325,100.0
9,13,1,8,7.96,9.34,2020,100000,4.7
8,2,1,6,12.59,14.78,2010,900000,12.5
8,2,1,6,20.71,24.32,2017,45000,19.5
14,13,2,7,10.6,12.44,2022,10000,13.5
8,54,2,6,10.39,12.2,2018,11111,9.0
13,52,1,6,43.1,50.6,2020,9300,55.0
8,2,1,2,8.99,10.56,2012,52000,12.0
17,29,1,0,5.98,7.02,2011,15000,7.5
17,46,2,6,9.64,11.32,2019,70000,7.0
8,13,2,8,6.45,7.57,2009,20000,3.3
17,25,2,2,11.95,14.03,2016,55000,8.5
8,36,1,2,40.04,47.0,2018,35000,29.8
17,24,1,6,16.1,18.9,2021,17070,20.0
8,11,2,4,10.19,11.97,1990,20000,13.5
8,2,1,2,15.19,17.83,2014,80000,14.0
13,52,1,6,51.39,60.33,2021,2762,58.0
8,19,2,6,14.15,16.61,2000,12000,15.3
15,20,0,7,26.38,30.97,2019,55000,26.99
13,52,1,6,34.36,40.34,2017,30000,45.0
8,42,1,2,44.59,52.35,2016,100000,38.0
17,13,2,2,4.65,5.45,2010,500000,5.5
8,6,0,3,142.6,167.4,2014,50000,130.0
17,22,1,6,16.36,19.2,2017,23000,19.5
13,59,1,3,5.27,6.19,2010,19658,5.5
8,51,1,3,40.54,47.59,2018,1830,95.0
8,2,1,6,36.71,43.1,2023,5000,57.0
8,11,2,4,15.9,18.67,1997,6789,46.0
13,52,1,3,9.74,11.44,2013,25000,11.0
15,49,0,7,39.46,46.33,2000,100000,25.0
8,43,1,6,52.52,61.65,2023,2800,58.5
8,9,1,6,6.88,8.07,2008,55,9.5
13,13,1,3,11.04,12.96,2000,27000,12.0
8,42,1,3,111.75,131.19,2011,100000,115.0
15,49,0,7,202.63,237.87,2021,9999,285.0
15,13,1,7,8.1,9.5,2014,34567,7.9
8,2,1,6,8.66,10.17,2009,737486,5.0
8,19,2,6,11.61,13.62,2014,35,14.1
8,54,2,4,13.65,16.03,2021,100000,65.0
17,16,0,6,22.62,26.56,2020,30000,24.0
17,16,0,6,15.94,18.72,2011,666666,20.0
17,13,0,6,26.85,31.52,2019,5000,36.0
17,34,1,6,8.81,10.34,2013,25000,12.8
8,13,1,4,22.14,25.99,2019,9000,43.5
8,42,1,7,38.82,45.57,2015,200000,48.0
8,11,2,4,13.97,16.4,1996,99999,7.5
8,42,1,3,44.64,52.4,2006,30000,58.0
8,41,1,7,5.18,6.08,2009,1,5.2
17,58,0,7,62.96,73.91,2024,800,71.0
13,50,1,7,28.55,33.52,2015,6000,39.0
8,19,2,4,26.94,31.63,2008,40,49.0
8,57,0,6,23.44,27.52,2022,24000,27.0
8,10,2,2,7.87,9.24,2009,5820,26.5
13,28,1,6,6.59,7.73,2011,9999,9.0
7,13,0,1,216.2,253.8,2020,4985,235.0
15,44,0,6,20.16,23.67,2019,31334,25.0
17,16,0,7,14.53,17.05,2013,33333,33.5
8,57,0,6,17.08,20.05,2020,29000,20.0
8,10,2,2,6.5,7.63,1982,39000,12.0
13,50,1,6,41.71,48.96,2018,4000,55.0
8,42,1,6,75.95,89.16,2024,10500,72.5
8,42,1,6,66.3,77.83,2020,21000,82.5
17,32,1,6,5.44,6.38,2004,10000,5.2
8,2,1,6,15.97,18.75,2015,60000,55.0
8,9,1,3,6.88,8.07,2008,33000,8.999999
8,54,2,7,6.77,7.94,2008,150,12.0
6,13,2,2,11.15,13.1,2023,2000,12.5
8,54,2,4,22.73,26.69,1999,100000,13.0
8,10,2,6,5.62,6.6,1998,30000,9.8
8,51,1,3,40.54,47.59,2018,2500,85.0
8,42,1,7,57.96,68.03,2018,20000,68.9
8,19,2,6,20.85,24.48,2019,47000,22.999999
8,51,1,3,30.2,35.45,2019,20000,36.0
8,56,0,6,20.01,23.49,2022,16000,28.5
10,13,0,2,92.39,108.46,2015,26000,100.0
9,13,0,7,87.4,102.6,2024,850,95.0
17,33,1,2,4.16,4.89,2011,68000,5.5
17,16,0,6,15.73,18.46,2017,61000,19.5
17,13,2,4,30.13,35.37,2016,17000,98.0
17,16,2,7,41.94,49.23,2006,40000,45.0
8,54,2,0,7.21,8.46,2007,50000,5.7
8,54,2,2,10.0,11.74,2017,51000,11.5
17,16,0,2,15.73,18.46,2017,61000,21.0
8,9,1,6,6.88,8.07,2008,30000,12.5
8,51,1,7,36.06,42.33,2023,0,39.0
15,40,0,3,17.58,20.64,2018,26800,22.0
8,54,2,6,9.54,11.2,2016,64000,12.0
8,54,2,6,11.43,13.42,2020,18000,12.5
17,32,1,2,6.19,7.26,2016,69999,8.5
17,16,2,4,41.61,48.85,2010,15000,49.0
13,50,1,3,44.41,52.14,2019,8000,55.5
11,13,1,8,6.94,8.14,2010,12345,8.2
8,7,0,4,32.43,38.07,2013,77000,23.0
17,16,0,6,19.81,23.26,2019,30000,40.0
8,42,1,2,74.3,87.23,2022,18600,100.0
12,13,1,3,22.28,26.15,2017,20000,0.023
8,2,1,2,7.06,8.28,2007,9999,6.8
8,42,1,3,38.82,45.57,2015,20000,190.0
8,2,1,6,9.85,11.56,2011,610000,13.0
8,13,2,2,4.6,5.4,1982,32000,150.0
8,51,1,3,31.97,37.53,2020,49000,32.0
8,13,2,2,9.16,10.76,2000,32000,82.0
8,11,2,4,15.9,18.67,1997,20000,23.5
17,16,2,6,28.44,33.39,2022,1234,34.0
17,35,1,6,19.6,23.0,2017,63000,21.5
14,3,1,7,12.7,14.9,2024,2154,25.0
8,2,1,7,20.04,23.53,2016,38000,18.5
17,34,1,6,8.81,10.34,2013,300000,10.0
17,16,0,7,15.73,18.46,2017,50000,17.7
8,2,1,6,8.66,10.17,2009,100000,9.0
17,16,0,7,15.73,18.46,2017,50000,17.54
8,57,0,6,17.08,20.05,2020,34300,20.0
17,35,1,6,19.6,23.0,2017,12000,22.5
8,57,0,2,17.08,20.05,2020,30000,21.0
14,3,1,6,2.42,2.84,2006,37041,2.5
8,19,2,6,14.3,16.79,2017,74000,15.0
8,27,1,7,15.39,18.06,2015,50000,19.0
17,16,2,2,43.64,51.23,2009,30000,58.0
17,35,1,6,19.6,23.0,2017,63702,23.5
17,16,2,6,43.64,51.23,2009,30000,58.888888
17,16,0,6,26.08,30.62,2025,11111,25.999999
0,13,0,9,189.77,222.77,2020,13000,90.0
13,52,1,3,36.49,42.84,2025,9999,5.5
8,42,1,7,74.21,87.11,2023,2913,110.0
14,13,2,8,9.05,10.62,2021,11,12.8
8,51,1,6,36.06,42.33,2023,17000,46.0
9,13,0,10,4.6,5.4,2021,10000,5.0
9,13,0,1,6.16,7.23,2012,100000,22.0
15,13,1,2,7.67,9.0,2015,20000,17.0
8,9,1,4,7.22,8.48,2009,0,9.0
8,51,1,7,31.97,37.53,2020,19000,38.8
9,13,0,1,21.39,25.11,2012,1000,23.0
8,27,1,7,7.87,9.24,2012,200,8.5
8,27,1,6,22.86,26.83,2018,48000,28.0
17,16,2,6,41.61,48.85,2010,10000,40.0
8,7,0,3,67.85,79.65,2019,10000,29.99999
8,53,1,6,12.27,14.4,2014,14000,11.5
8,36,1,6,29.06,34.11,2017,15000,33.0
15,44,0,3,20.16,23.67,2019,23000,17.8
8,42,1,3,111.75,131.19,2011,600000,165.000088
8,47,0,7,21.39,25.1,2017,20000,26.0
17,13,0,6,5.72,6.72,2010,1874,33.5
8,53,1,6,12.27,14.4,2014,20000,11.5
13,59,1,3,10.09,11.85,2014,12000,14.0
8,53,1,2,10.56,12.4,2012,57,12.5
13,52,1,7,51.39,60.33,2021,4500,57.0
17,33,1,6,4.04,4.74,2010,25000,5.8
17,16,0,6,13.61,15.98,2014,1,20.0
8,2,1,6,33.65,39.5,2022,890,32.0
8,5,1,6,13.14,15.43,2008,1000,7.5
8,2,1,4,8.66,10.17,2009,70000,40.0
8,42,1,6,62.14,72.95,2019,37492,72.5
8,9,1,4,49.66,58.29,2016,40000,59.0
8,42,1,3,44.64,52.4,2006,19910,55.0
8,2,1,6,21.96,25.78,2018,29000,18.5
8,43,1,6,36.13,42.41,2018,18000,39.0
8,53,1,6,21.77,25.55,2020,15,25.3
8,19,2,6,30.59,35.91,2025,1400,34.0
8,8,2,4,11.13,13.07,2024,5000,10.5
8,9,1,4,69.11,81.13,2022,3200,80.0
17,25,2,4,7.27,8.53,2005,50000,8.5
16,13,0,9,165.6,194.4,2025,130,180.0
17,25,2,0,7.27,8.53,2005,6868,9.2
9,13,0,8,17.48,20.52,2022,5000,19.0
8,57,0,6,23.44,27.52,2022,25000,25.0
8,54,2,7,9.95,11.68,2002,10000,7.0
8,19,2,6,25.54,29.98,2010,9999,35.999999
8,42,1,6,57.96,68.03,2018,3000,52.0
17,46,2,7,5.12,6.01,2002,333,11.5
15,44,0,10,20.16,23.67,2019,18,30.0
8,8,2,2,8.75,10.28,1984,999999,8.5
8,42,1,6,62.14,72.95,2019,17196,75.8
8,57,0,6,17.08,20.05,2020,700000,20.0
17,16,2,6,14.53,17.05,2013,1,26.8
8,11,2,5,11.87,13.94,2001,65785,6.5
8,2,1,7,15.19,17.83,2014,85000,16.5
8,11,2,4,14.11,16.56,1995,51632,17.0
17,16,0,6,15.73,18.46,2017,90000,16.0
13,52,1,1,6.57,7.71,2011,37000,7.2
8,51,1,3,40.54,47.59,2018,22638,35.0
14,3,1,6,4.31,5.05,2013,1000,8.5
8,51,1,7,30.2,35.45,2019,30000,37.3
8,10,2,2,38.18,44.82,2023,2000,12.5
8,51,1,7,30.2,35.45,2019,47000,31.3
11,13,2,6,15.18,17.82,2024,3800,15.5
15,20,0,7,26.0,30.52,2020,20000,29.5
8,2,1,6,36.71,43.1,2023,4000,1.0
17,22,1,6,15.48,18.18,2014,98000,15.8
8,19,2,6,11.61,13.62,2014,500000,13.0
8,42,1,7,46.96,55.13,2013,55000,193.0
8,27,1,4,7.87,9.24,2012,30000,7.9
8,51,1,3,31.97,37.53,2020,48000,27.0
8,54,2,6,10.24,12.02,2005,99999,14.5
8,54,2,2,7.37,8.65,2013,12345,7.9
8,2,1,2,15.19,17.83,2014,65000,26.999999
8,38,1,3,9.07,10.65,2007,80000,18.0
13,52,1,6,43.97,51.62,2020,22000,68.0
17,25,2,2,6.67,7.83,2011,900000,10.0
8,11,2,6,10.79,12.67,2015,677692,13.5
17,37,2,7,26.21,30.77,2024,5678,45.0
8,2,1,2,9.06,10.64,2012,58,8.5
8,2,1,2,8.66,10.17,2009,600000,4.0
8,53,1,2,15.49,18.18,2015,12345,18.8
8,27,1,6,16.55,19.43,2016,31000,21.0
8,53,1,7,21.77,25.55,2020,17660,32.0
8,36,1,6,29.06,34.11,2017,15000,35.0
17,16,0,7,13.66,16.04,2012,20000,13.5
8,11,2,6,11.35,13.32,2016,25,15.0
8,54,2,6,22.73,26.69,1999,100000,3.5
8,53,1,6,12.27,14.4,2014,5000,15.0
8,51,1,2,30.2,35.45,2019,12000,33.3
15,40,0,7,11.19,13.13,2015,50000,11.3
9,13,1,7,3.68,4.32,2010,1720,95.0
8,54,2,0,6.77,7.94,2008,11,2.1
8,2,1,4,9.06,10.64,2012,38000,38.0
9,13,2,0,4.37,5.13,2007,1234,5.6
17,16,0,2,15.94,18.72,2011,30000,5.3
8,2,1,6,33.65,39.5,2022,39000,45.0
15,44,0,3,19.29,22.64,2018,30000,21.0
8,13,1,6,73.14,85.86,2022,6000,80.0
8,2,1,7,15.97,18.75,2015,30000,17.0
8,27,1,6,24.11,28.3,2019,27000,36.5
8,2,1,6,12.64,14.84,2010,65000,13.5
17,16,2,6,13.66,16.04,2012,37000,16.5
8,54,2,6,11.69,13.72,2019,1234,10.8
8,13,1,6,21.8,25.6,2023,1000,40.0
8,36,1,6,42.17,49.5,2019,33213,52.0
8,42,1,3,75.95,89.16,2024,20000,160.0
8,54,2,6,11.43,13.42,2020,10000,19.0
13,59,1,6,6.43,7.54,2015,7530,9.0
8,27,1,6,11.85,13.92,2013,100000,15.0
8,56,0,6,15.55,18.25,2019,999999,14.0
8,2,1,6,24.1,28.29,2019,70000,25.0
17,46,2,2,9.86,11.57,2020,320000,12.0
8,54,2,5,7.37,8.65,2013,100000,5.0
13,52,1,7,22.2,26.06,2015,16000,28.5
9,13,2,3,22.48,26.39,1980,25890,13.0
8,11,2,4,11.87,13.94,2001,60000,23.0
13,28,1,3,6.84,8.03,2012,70000,6.5
9,13,2,0,3.35,3.93,2009,45028,2.5
8,53,1,6,29.53,34.66,2024,4200,36.0
8,5,2,6,13.65,16.02,2021,9999,9.7
17,16,0,6,13.61,15.98,2014,63000,21.0
8,11,2,6,11.35,13.32,2016,5900,29.0
8,2,1,2,9.06,10.64,2012,500,8.5
8,19,2,7,26.5,31.11,2023,13000,25.5
8,53,1,6,17.47,20.51,2017,111111,20.9
8,27,1,2,6.0,7.05,2009,81446,4.6
8,51,1,6,31.97,37.53,2020,65000,34.5
14,15,1,8,4.1,4.81,2011,42000,3.5
8,54,2,6,5.94,6.97,2010,10,7.2
8,53,1,6,27.84,32.68,2023,47672,25.0
8,56,0,2,13.96,16.39,2016,453,45.0
17,16,0,6,26.16,30.71,2021,38000,30.0
8,54,2,2,5.94,6.97,2010,780568,3.0
8,2,1,6,38.1,44.72,2024,2500,40.0
8,53,1,6,18.56,21.79,2018,35000,17.5
14,3,1,2,4.31,5.05,2013,20000,5.22
17,16,2,6,41.61,48.85,2010,40000,19.0
8,54,2,6,8.65,10.15,2015,30000,9.8
8,0,2,6,19.23,22.57,1981,100000,1.2
9,13,2,0,3.91,4.59,2005,9999,4.0
14,3,1,7,3.73,4.38,2012,2222,4.999999
8,53,1,7,26.26,30.82,2022,5349,26.7
8,57,0,6,16.31,19.15,2019,40000,17.5
8,53,1,6,17.47,20.51,2017,111111,18.9
8,53,1,6,15.49,18.18,2015,111111,16.9
8,56,0,6,13.96,16.39,2016,50000,12.0
13,28,1,6,14.38,16.88,2016,40000,15.0
8,42,1,6,66.3,77.83,2020,36000,60.5
8,19,2,6,11.78,13.83,2012,7000,29.5
8,36,1,6,42.13,49.46,2020,28000,48.0
8,54,2,2,10.0,11.74,2017,12345,10.8
8,57,0,6,23.44,27.52,2022,14500,26.0
8,11,2,4,15.43,18.12,1999,50000,12.8
8,54,2,2,8.65,10.15,2015,12345,8.9
17,16,0,6,13.66,16.04,2012,123456,17.0
8,42,1,6,74.21,87.11,2023,18000,65.0
8,13,1,6,10.08,11.84,2014,20000,9.5
8,2,1,6,21.96,25.78,2018,25000,23.0
17,16,0,6,19.81,23.26,2019,40000,19.5
8,9,1,7,7.33,8.6,2007,38000,8.0
8,54,2,2,10.0,11.74,2017,4000,4.0
8,19,2,2,24.46,28.71,2011,7000,31.0
8,2,1,7,12.64,14.84,2010,98000,13.0
8,42,1,6,62.14,72.95,2019,44000,57.3
3,13,2,6,10.58,12.42,2023,110000,13.5
8,53,1,6,20.8,24.42,2019,23767,24.5
8,54,2,6,13.65,16.03,2021,19000,14.8
8,42,1,6,55.9,65.62,2017,28000,65.0
8,42,1,3,95.08,111.62,2010,100000,95.0
8,11,2,4,13.97,16.4,1996,20000,16.5
13,50,1,7,63.35,74.37,2024,3600,89.0
8,42,1,7,46.96,55.13,2013,55000,215.0
8,54,2,2,14.31,16.8,2022,10000,14.3
8,53,1,6,20.8,24.42,2019,23464,25.0
8,13,2,2,5.61,6.59,2006,15000,20.0
8,42,1,6,74.3,87.23,2022,25000,81.0
8,2,1,6,21.96,25.78,2018,25000,26.5
8,54,2,2,6.99,8.21,2012,12345,5.5
8,54,2,6,6.78,7.96,2009,99999,10.0
13,52,1,7,22.2,26.06,2015,22000,0.123456
17,16,0,6,41.94,49.23,2006,14000,38.0
8,54,2,6,7.97,9.36,2014,0,6.0
8,54,2,6,7.37,8.65,2013,30000,8.5
8,36,1,2,23.04,27.05,2014,28000,25.3
13,52,1,6,6.57,7.71,2011,3000,8.0
9,13,0,2,8.42,9.88,1996,0,11.5
8,42,1,3,70.02,82.2,2021,14000,190.0
17,33,1,6,6.13,7.2,2013,567890,10.0
8,42,1,3,44.59,52.35,2016,27000,115.0
17,25,2,6,7.91,9.28,2013,24000,7.5
8,19,2,7,21.86,25.66,2007,62000,33.0
8,27,1,6,15.39,18.06,2015,40000,15.5
9,13,2,5,3.77,4.42,2001,800000,2.0
8,42,1,6,70.02,82.2,2021,16500,72.0
17,32,1,2,5.89,6.92,2010,30000,5.5
17,46,2,6,6.48,7.61,2010,47000,8.5
8,2,1,2,21.0,24.66,2017,12345,21.5
8,11,2,7,15.9,18.67,1997,680,89.0
8,27,1,6,35.97,42.22,2023,22000,40.0
8,27,1,6,7.34,8.61,2011,12345,8.7
17,16,2,4,38.25,44.9,2007,410000,42.0
8,42,1,2,55.9,65.62,2017,300000,7.0
8,54,2,2,10.4,12.2,2018,12345,10.8
8,54,2,2,11.74,13.78,2004,48000,14.8
8,2,1,6,29.9,35.1,2020,24000,40.0
8,2,1,6,9.85,11.56,2011,187538,10.0
8,51,1,3,31.97,37.53,2020,9000,35.999
8,36,1,7,42.13,49.46,2020,27500,49.0
8,19,2,2,14.32,16.81,2001,26000,13.5
17,46,2,2,7.25,8.51,2012,14526,8.7
8,54,2,2,11.69,13.72,2019,74000,13.5
17,16,2,4,38.25,44.9,2007,3000,54.0
8,2,1,6,7.57,8.89,2008,56024,6.0
8,2,1,6,9.06,10.64,2012,45594,11.5
8,19,2,2,24.46,28.71,2011,70000,24.9
8,42,1,9,40.73,47.82,2008,9999,42.0
8,19,2,2,24.46,28.71,2011,70000,25.0
8,27,1,6,38.7,45.44,2024,2087,41.5
15,4,0,6,5.72,6.72,2014,40000,7.9
16,13,0,3,151.8,178.2,2023,1600,179.0
8,42,1,6,70.02,82.2,2021,450000,60.0
17,25,2,2,8.8,10.33,2015,9999,3.5
8,27,1,2,38.7,45.44,2024,200000,10.8
14,3,1,7,2.42,2.84,2006,30000,1.2
8,54,2,6,11.74,13.78,2004,1234,13.0
8,54,2,2,6.99,8.21,2012,10000,10.8
17,16,0,7,14.95,17.54,2016,30000,14.8
8,51,1,6,32.03,37.61,2021,15,33.0
13,52,1,7,45.34,53.22,2022,17337,60.0
8,42,1,6,74.3,87.23,2022,26000,80.0
9,13,0,3,4.59,5.38,2015,600,3.0
8,5,2,2,9.51,11.16,2017,30000,10.3
8,27,1,6,15.31,17.98,2014,39000,15.5
9,13,2,5,3.35,3.93,2009,99999,2.0
8,27,2,6,7.87,9.24,2012,100000,8.9
9,13,2,0,3.91,4.59,2005,9999,2.9
17,33,1,2,4.04,4.74,2010,12032,1.9
8,42,1,7,36.71,43.09,2014,36000,72.0
8,2,1,6,8.66,10.17,2009,200000,23.0
17,46,2,2,7.24,8.49,2013,30000,13.0
8,53,1,6,29.53,34.66,2024,4000,33.0
8,19,2,2,29.7,34.86,2024,3000,35.5
13,52,1,6,41.69,48.94,2019,16000,45.5
17,24,1,6,17.23,20.23,2022,600,0.025
17,16,2,7,13.66,16.04,2012,1,12.0
8,53,1,2,10.9,12.8,2013,30000,11.8
8,51,1,7,47.19,55.39,2016,30000,0.0475
8,10,2,2,12.15,14.27,2003,40000,7.5
14,3,1,3,4.12,4.83,2014,600,1.7
8,42,1,3,38.82,45.57,2015,12500,250.0
8,53,1,6,18.56,21.79,2018,20000,16.0
8,47,0,3,20.65,24.24,2019,21000,20.0
17,37,2,2,28.12,33.01,2025,2000,0.0295
17,25,2,2,6.75,7.93,2014,50000,7.689
8,19,2,6,14.27,16.75,2002,450000,8.5
8,11,2,4,13.97,16.4,1996,70000,60.0
8,42,1,7,109.65,128.72,2012,50000,200.0
8,53,1,6,18.56,21.79,2018,15000,12.3
8,51,1,3,32.58,38.25,2022,27000,28.0
13,52,1,7,45.34,53.22,2022,17000,62.0
8,11,2,3,10.74,12.6,2003,90000,10.8
8,2,1,4,9.06,10.64,2012,390000,40.0
17,16,0,6,15.73,18.46,2017,40000,15.8
8,13,1,3,57.53,67.54,2019,35000,65.0
8,9,1,4,49.66,58.29,2016,42000,55.0
8,2,1,6,21.0,24.66,2017,75,16.5
8,10,2,7,6.24,7.33,1999,9999,10.3
8,54,2,6,6.78,7.96,2009,1234,9.5
8,42,1,3,95.08,111.62,2010,30000,90.0
8,56,0,6,14.49,17.01,2018,280000,15.5
8,54,2,7,6.99,8.21,2012,200,5.7
17,16,0,6,26.16,30.71,2021,40,25.0
17,22,1,6,13.65,16.02,2015,60000,14.5
17,33,1,6,4.04,4.74,2010,54000,6.0
8,5,1,7,9.5,11.15,2018,200000,28.8
8,42,1,7,44.64,52.4,2006,100000,39.0
15,13,2,4,7.35,8.62,2000,10000,5.9
14,45,1,8,5.31,6.23,2015,36641,13.0
14,3,1,2,3.06,3.59,2009,99999,2.0
8,53,1,2,15.49,18.18,2015,250000,14.9
8,42,1,3,44.59,52.35,2016,27000,119.0
8,42,1,6,55.9,65.62,2017,65000,61.0
8,19,2,2,13.23,15.53,2004,27000,14.2
15,13,0,2,23.46,27.54,2009,9999,4.5
17,34,1,6,7.98,9.37,2012,30000,8.2
8,42,1,6,38.82,45.57,2015,38000,34.5
9,13,2,0,3.76,4.41,2000,23938,6.7
8,19,2,6,22.72,26.68,2020,10000,0.0052
8,19,2,2,14.32,16.81,2001,27000,17.8
17,16,0,3,28.44,33.39,2022,28000,24.0
8,19,2,4,26.94,31.63,2008,99999,13.5
8,9,1,4,45.76,53.71,2017,57000,40.0
10,13,0,3,31.51,36.99,2023,952,55.0
8,5,1,6,11.44,13.43,2019,48664,26.0
14,13,1,8,3.5,4.1,2009,10000,8.5
8,57,0,7,24.85,29.17,2023,27000,23.0
8,51,1,3,51.28,60.19,2017,18000,65.0
13,52,1,3,34.36,40.34,2017,27000,35.0
8,54,2,2,7.37,8.65,2013,12345,9.3
8,2,1,6,9.85,11.56,2011,37000,11.0
17,32,1,4,6.29,7.39,2005,40000,15.5
8,9,1,4,49.66,58.29,2016,15000,61.5
8,42,1,7,75.95,89.16,2024,1000,1.0
8,53,1,7,20.8,24.42,2019,20000,19.3
17,13,0,3,47.38,55.62,2010,20000,345.0
17,46,2,6,11.62,13.64,2022,2000,0.8
8,42,1,6,36.71,43.09,2014,63000,55.0
8,2,1,6,21.0,24.66,2017,90000,23.0
8,57,0,3,23.44,27.52,2022,50000,18.5
8,13,0,2,9.16,10.76,2000,200000,58.0
13,13,1,7,56.58,66.42,2023,10230,61.5
13,52,1,7,45.34,53.22,2022,5000,80.0
8,19,2,6,14.32,16.81,2001,0,12.0
8,42,1,3,111.75,131.19,2011,38853,170.0
15,49,0,7,119.51,140.29,1998,686868,210.0
9,13,2,1,6.5,7.63,2018,12000,8.3
8,42,1,6,55.9,65.62,2017,60060,56.0
8,27,1,1,6.64,7.79,2010,32554,8.3
8,54,2,6,10.03,11.77,2003,75000,12.3
14,15,1,8,4.96,5.83,2014,64530,6.5
8,27,1,6,5.78,6.78,2008,60000,5.8
17,16,2,7,13.61,15.98,2014,1000,27.0
8,48,1,2,19.24,22.59,2003,4000,30.0
8,11,2,4,14.11,16.56,1995,32000,28.0
15,40,0,2,20.1,23.6,2020,30000,17.0
8,42,1,6,57.96,68.03,2018,14000,65.0
13,50,1,6,28.55,33.52,2015,10000,26.0
8,42,1,6,46.96,55.13,2013,123456,132.0
8,10,2,2,12.15,14.27,2003,53885,14.6
8,53,1,6,29.53,34.66,2024,5000,33.0
8,13,1,2,11.59,13.61,1995,250000,35.0
13,52,1,3,8.39,9.84,2012,333333,8.5
15,44,0,7,20.16,23.67,2019,45000,25.0
9,13,0,2,4.37,5.13,2007,1234,5.2
8,6,0,4,75.95,89.15,2019,17000,145.0
8,19,2,6,13.9,16.32,2016,19000,16.99
8,27,1,6,15.31,17.98,2014,65000,16.5
8,10,2,7,8.92,10.47,1996,326699,10.8
8,53,1,2,10.9,12.8,2013,3979,8.9
15,40,2,6,11.19,13.13,2015,35000,14.0
17,29,1,6,7.94,9.32,2014,50000,10.5
8,51,1,3,51.28,60.19,2017,41000,53.0
13,21,1,3,39.79,46.71,2012,75000,32.5
9,13,2,5,6.81,7.99,2016,15000,6.0
17,32,1,3,20.86,24.48,2023,12000,23.8
17,16,0,7,14.53,17.05,2013,86000,15.6
8,11,2,6,8.94,10.49,2014,100000,4.999994
8,42,1,6,66.3,77.83,2020,30000,72.0
8,2,1,6,15.19,17.83,2014,42000,18.0
8,56,0,6,13.75,16.14,2017,100000,12.5
13,28,1,2,6.84,8.03,2012,24868,14.0
8,42,1,3,95.08,111.62,2010,35000,100.0
9,13,0,0,3.68,4.32,2010,10000,5.0
8,2,1,7,9.06,10.64,2012,16000,10.5
8,13,2,7,8.74,10.26,1980,29,9.9
17,35,1,7,32.35,37.98,2021,26000,35.9
14,3,1,8,4.12,4.83,2014,39799,9.8
3,13,0,6,4.6,5.4,2008,38386,5.0
15,44,0,3,23.22,27.26,2022,20000,29.8
8,27,1,2,7.87,9.24,2012,56789,7.2
8,42,1,6,55.9,65.62,2017,28000,65.9
8,11,2,6,13.8,16.21,2004,25378,10.0
8,13,0,6,27.6,32.4,1995,30000,30.0
14,13,2,8,7.5,8.8,2020,23000,8.2
11,13,1,8,11.71,13.75,2020,20000,9.8
13,50,1,3,35.5,41.67,2017,500000,40.5
8,57,0,6,23.44,27.52,2022,10000,29.0
13,21,1,6,23.92,28.08,2014,43000,25.5
8,10,2,6,9.37,11.0,1995,23688,14.5
3,13,0,6,4.69,5.51,2012,39999,4.5
8,13,2,2,42.32,49.68,1998,20,18.0
15,40,0,6,17.58,20.64,2018,60000,19.999999
8,56,0,6,14.49,17.01,2018,20000,16.5
8,6,0,7,99.24,116.5,2022,20222,115.0
8,12,1,3,8.51,9.99,2004,26000,16.9
8,30,0,2,22.26,26.14,2022,26000,27.8
8,5,2,6,11.44,13.43,2019,1803,16.5
8,2,1,6,29.9,35.1,2020,20,40.0
8,57,0,2,17.63,20.69,2021,8000,22.0
17,33,1,7,2.46,2.89,2005,869003,3.9
8,54,2,6,6.76,7.94,2011,80000,10.5
8,42,1,6,75.95,89.16,2024,2000,88.0
8,54,1,7,7.37,8.65,2013,50000,7.7
8,54,2,4,22.73,26.69,1999,0,23.0
8,51,1,3,32.03,37.61,2021,26748,32.0
8,9,1,2,6.88,8.07,2008,2888,8.8
8,51,1,3,31.97,37.53,2020,44000,35.0
17,13,0,2,27.65,32.46,2018,28000,31.8
8,13,1,2,10.66,12.52,2010,100000,5.0
14,13,0,2,8.5,9.98,2019,38000,8.7
8,19,2,4,14.32,16.81,2001,535227,19.0
8,27,1,1,6.64,7.79,2010,335555,7.5
8,56,0,6,15.55,18.25,2019,17890,14.0
8,30,0,2,27.17,31.9,2023,22000,27.8
17,46,2,6,6.37,7.48,2011,50000,12.0
8,2,1,6,9.06,10.64,2012,77000,12.0
13,21,1,6,23.92,28.08,2014,42000,27.5
17,25,2,2,7.91,9.28,2013,100000,8.5
8,57,0,7,16.31,19.15,2019,55,23.0
8,5,2,6,11.44,13.43,2019,123456,10.5
8,2,1,6,20.04,23.53,2016,68614,20.0
3,13,2,0,6.84,8.03,2018,39999,4.0
17,35,1,7,23.25,27.29,2019,0,30.0
8,9,1,6,7.53,8.84,2010,7493,6.0
14,15,1,8,4.19,4.92,2012,80000,5.0
17,33,1,6,4.16,4.89,2011,67000,7.2
8,10,2,2,7.02,8.24,1981,6000,5.3
8,54,2,2,6.77,7.94,2008,50000,18.0
8,42,1,7,74.3,87.23,2022,7600,78.0
14,3,1,8,2.91,3.42,2008,51517,7.399
10,13,0,7,104.42,122.58,2022,20000,80.0
8,5,1,6,8.31,9.76,2012,800000,10.5
8,53,1,6,29.53,34.66,2024,100000,3.333333
8,51,1,3,40.54,47.59,2018,80000,38.9
13,52,1,6,43.97,51.62,2020,20000,60.0
8,5,2,3,9.51,11.16,2017,40000,9.0
17,35,0,2,19.62,23.03,2018,31500,18.0
14,13,2,6,9.05,10.62,2021,814225,10.0
9,13,0,7,137.99,161.99,2023,455,149.99
14,3,1,6,3.11,3.65,2010,60000,5.5
17,25,2,6,6.75,7.93,2014,50000,8.5
8,11,2,5,6.63,7.78,2009,1,5.8
17,33,1,6,7.62,8.94,2015,30000,15.0
8,9,1,2,7.53,8.84,2010,32000,6.0
8,55,2,0,4.83,5.67,2010,30000,4.5
8,53,1,6,10.56,12.4,2012,40000,11.5
8,42,1,3,44.64,52.4,2006,50000,45.0
8,51,1,3,31.97,37.53,2020,27500,35.9
17,33,1,2,4.04,4.74,2010,9999,5.5
8,2,1,4,7.57,8.89,2008,10000,10.5
17,46,2,2,6.93,8.14,2015,50000,4.5
8,13,1,6,46.0,54.0,2016,32903,52.0
8,42,1,6,75.95,89.16,2024,1500,155.0
8,19,2,6,13.23,15.53,2004,10500,35.0
8,10,2,2,8.92,10.47,1996,53700,12.0
8,42,1,3,109.65,128.72,2012,56000,182.0
8,11,2,4,10.86,12.75,2023,3000,12.8
17,25,2,6,8.14,9.55,2002,20000,6.5
8,43,1,4,31.01,36.4,2016,56789,33.0
17,34,1,7,5.47,6.43,2016,37000,12.0
8,11,2,7,9.87,11.59,2000,0,18.9
8,42,1,7,62.14,72.95,2019,50000,0.0
8,42,1,7,55.9,65.62,2017,3000,50.0
9,13,2,0,7.92,9.3,2020,320000,7.0
8,13,0,7,210.99,247.68,2008,180000,235.0
8,2,1,2,15.97,18.75,2015,2580,14.0
14,3,1,6,3.11,3.65,2010,500000,5.2
8,2,1,6,15.19,17.83,2014,90000,20.0
8,2,1,6,9.85,11.56,2011,70000,11.5
17,17,0,3,16.22,19.05,2014,53000,20.0
8,9,1,4,45.76,53.71,2017,60000,50.0
13,52,1,7,51.39,60.33,2021,5000,59.0
8,19,2,6,11.78,13.83,2012,70000,12.5
8,8,1,7,14.72,17.28,2011,10000,16.0
13,52,1,7,51.39,60.33,2021,31000,72.0
8,2,1,6,36.71,43.1,2023,32000,37.0
9,13,1,7,11.97,14.05,2023,2000,69.99
8,56,0,6,15.55,18.25,2019,40000,16.0
8,5,1,6,11.44,13.43,2019,23000,21.0
8,10,2,7,11.08,13.01,2019,9500,93.0
14,13,1,3,3.5,4.1,2009,30000,9.0
8,42,1,6,74.3,87.23,2022,30000,95.0
14,3,1,6,3.4,3.99,2011,500000,3.2
9,13,1,6,3.68,4.32,2010,0,7.6
17,17,0,4,17.29,20.3,2016,12000,29.9
8,2,1,4,12.64,14.84,2010,72000,51.0
17,13,1,6,11.19,13.14,2016,25000,13.0
8,11,2,4,9.87,11.59,2000,39000,69.0
8,19,2,7,24.46,28.71,2011,490000,35.0
8,7,0,7,39.17,45.99,2022,17000,40.0
13,28,1,3,6.84,8.03,2012,35000,8.2
8,6,0,2,85.17,99.98,2018,30000,80.0
8,10,2,7,11.08,13.01,2019,6000,83.0
8,2,1,6,15.19,17.83,2014,68000,18.5
8,53,1,6,20.8,24.42,2019,34997,23.0
8,2,1,6,32.36,37.99,2021,40000,32.0
8,56,0,6,14.49,17.01,2018,100000,22.0
17,16,0,7,19.81,23.26,2019,40000,22.0
9,13,1,3,7.92,9.3,2020,8000,45.0
8,2,1,6,15.19,17.83,2014,750000,17.5
17,16,2,4,41.94,49.23,2006,64000,55.0
8,42,2,6,74.3,87.23,2022,21250,90.0
13,52,1,6,24.85,29.17,2016,30000,18.5
15,13,2,6,3.38,3.97,2004,90000,4.2
17,46,2,2,9.86,11.57,2020,50,10.5
8,30,0,4,15.74,18.48,2015,20000,18.0
8,10,2,2,11.35,13.32,1993,35000,30.0
17,16,0,2,14.95,17.54,2016,100000,17.0
8,11,2,6,9.23,10.84,2002,59000,25.0
9,13,0,3,21.16,24.84,2022,6000,23.0
8,36,1,6,42.17,49.5,2019,30000,55.0
13,52,1,7,9.74,11.44,2013,15000,7.5
8,54,2,3,8.65,10.15,2015,0,12.8
8,57,0,6,17.08,20.05,2020,28000,21.0
15,13,1,2,19.01,22.31,2018,28000,16.0
13,52,1,6,34.36,40.34,2017,12000,35.0
9,13,2,2,11.21,13.16,1981,5827,19.8
17,39,0,7,30.45,35.75,2021,6800,30.0
8,27,1,2,24.11,28.3,2019,20000,25.0
9,13,2,6,7.92,9.3,2020,200000,7.0
8,54,2,6,11.69,13.72,2019,20000,15.6
17,16,2,6,15.17,17.81,2015,100,14.0
15,20,0,6,23.37,27.43,2018,23000,28.0
13,52,1,6,72.21,84.77,2024,2800,96.0
8,13,0,1,223.1,261.9,2009,26000,239.999999
17,16,0,4,38.25,44.9,2007,2511,48.5
8,54,2,7,7.1,8.34,2006,2123,13.0
17,46,2,4,5.12,6.01,2002,39399,7.5
8,10,2,2,11.1,13.03,1994,10000,22.0
8,2,1,6,12.64,14.84,2010,46000,11.5
8,13,2,2,20.4,23.95,2018,4900,18.0
17,33,1,6,6.13,7.2,2013,19999,5.999999
17,16,0,7,19.81,23.26,2019,20000,21.0
17,16,2,6,41.72,48.97,2008,100000,68.0
8,53,1,6,10.9,12.8,2013,26199,10.0
8,10,2,2,13.99,16.42,1992,70000,22.0
17,29,1,2,5.98,7.02,2009,67847,6.0
7,13,0,1,815.12,956.88,2019,40000,886.0
8,43,1,6,31.01,36.4,2016,100,39.0
14,13,0,8,9.2,10.8,2011,486,10.0
9,13,2,5,4.18,4.91,2004,15000,9.5
17,39,0,3,31.14,36.55,2019,800,35.0
9,13,0,1,76.82,90.18,2009,50000,83.5
8,2,1,6,15.97,18.75,2015,70700,21.0
17,16,0,6,15.17,17.81,2015,120000,15.0
11,13,1,8,5.52,6.48,2010,102000,6.0
17,33,1,6,4.16,4.89,2011,35000,5.0
8,13,2,7,4.3,5.05,1986,50,16.0
8,19,2,7,26.52,31.14,2009,24000,36.5
8,2,1,6,15.19,17.83,2014,50000,13.5
13,52,1,7,22.2,26.06,2015,20000,41.0
8,55,0,5,4.14,4.86,1980,36000,4.5
14,3,1,6,11.18,13.12,2020,10000,19.5
17,46,2,7,9.54,11.2,2019,56789,19.5
8,54,2,2,7.1,8.34,2006,7900,7.5
17,16,0,2,26.16,30.71,2021,60000,35.0
8,0,0,6,8.72,10.23,1991,100000,12.0
8,2,1,6,36.71,43.1,2023,15000,53.0
8,19,2,2,13.23,15.53,2004,30000,30.0
8,42,1,7,109.65,128.72,2012,200000,83.0
8,54,2,2,6.99,8.21,2012,37000,6.9
8,19,2,2,18.24,21.42,2018,40000,18.0
17,13,1,2,11.68,13.71,2015,70000,14.0
8,11,2,2,17.41,20.44,1998,62715,35.0
13,52,1,6,17.23,20.23,2014,22000,30.0
17,46,2,6,6.02,7.06,2007,250000,8.5
8,11,2,2,13.97,16.4,1996,10000,16.0
17,46,2,2,7.25,8.51,2012,50000,7.2
13,52,1,7,24.85,29.17,2016,60,32.0
8,2,1,6,9.06,10.64,2012,40000,12.0
8,56,0,7,18.31,21.49,2021,44000,17.0
13,52,1,3,5.28,6.2,2010,57000,9.0
8,42,1,7,111.75,131.19,2011,27000,118.0
9,13,0,3,22.48,26.39,1980,12,100.0
8,42,1,3,44.64,52.4,2006,29000,42.0
0,13,0,9,368.0,432.0,2020,4000,400.0
8,56,0,6,14.49,17.01,2018,24000,19.8
8,13,2,3,9.76,11.45,2005,1000,3.8
8,51,1,3,36.06,42.33,2023,43000,35.0
17,16,0,6,41.61,48.85,2010,9999,53.0
8,42,1,6,62.14,72.95,2019,19000,68.0
17,16,0,6,28.44,33.39,2022,35000,34.0
13,28,1,6,7.27,8.53,2013,60000,8.0
8,53,1,6,12.27,14.4,2014,31000,12.0
8,54,2,6,14.31,16.8,2022,30000,70.0
8,38,1,3,18.68,21.93,2008,80000,19.0
8,53,2,2,16.83,19.75,2016,25,15.5
15,20,0,6,23.37,27.43,2018,85000,28.0
15,23,1,2,3.5,4.11,2011,30000,4.8
8,55,0,6,6.35,7.45,2015,1000,8.0
14,13,1,8,5.34,6.26,2014,39999,9.5
8,54,2,2,13.65,16.03,2021,60000,16.0
8,42,1,6,38.82,45.57,2015,41000,38.0
8,54,2,2,6.78,7.96,2009,1,9.9
17,58,0,2,62.96,73.91,2024,862,75.0
17,17,0,2,16.92,19.86,2015,40000,18.0
17,16,0,6,14.95,17.54,2016,60000,31.5
8,2,1,6,29.9,35.1,2020,20000,31.0
8,10,2,6,5.45,6.4,2010,9999,6.0
8,13,0,4,77.73,91.25,2019,2650,95.2
17,16,0,2,15.17,17.81,2015,56789,14.5
17,33,1,6,3.15,3.69,2008,10000,8.0
8,2,1,2,13.6,15.96,2013,36000,18.0
8,51,1,7,36.06,42.33,2023,17000,46.0
8,42,1,6,109.65,128.72,2012,40000,80.0
8,57,0,6,23.44,27.52,2022,130000,26.5
15,13,2,2,5.29,6.21,2004,35,3.9
8,57,0,6,16.31,19.15,2019,29000,20.5
17,34,1,6,5.47,6.43,2016,400000,16.0
13,52,1,7,59.13,69.42,2023,4000,66.0
17,16,0,7,14.53,17.05,2013,30000,16.0
8,36,1,7,16.94,19.89,2010,130000,19.0
8,57,0,2,24.85,29.17,2023,80000,24.8
13,52,1,6,59.13,69.42,2023,4000,68.0
13,21,1,6,60.06,70.5,2019,64000,47.0
8,10,2,2,8.55,10.04,1997,300000,9.5
8,10,2,2,11.1,13.03,1994,10000,20.0
8,57,0,6,16.31,19.15,2019,25000,18.0
17,16,0,6,13.61,15.98,2014,40000,19.0
14,13,2,8,4.59,5.38,2010,123456,4.2
8,2,1,6,36.71,43.1,2023,12000,39.0
8,12,1,3,8.01,9.41,2005,35000,16.8
8,57,0,7,24.85,29.17,2023,14500,31.0
8,42,1,6,74.3,87.23,2022,3000,75.0
8,56,0,6,13.75,16.14,2017,20000,20.5
17,46,2,2,6.37,7.48,2011,10000,13.5
8,5,2,7,9.51,11.16,2017,40000,11.0
17,24,1,6,19.95,23.42,2024,400,27.0
8,2,1,3,15.97,18.75,2015,20000,22.5
8,13,0,2,29.44,34.56,1994,1000,32.0
8,10,2,2,9.46,11.11,2018,5379,45.0
13,50,1,3,28.55,33.52,2015,20000,25.5
8,54,2,6,14.31,16.8,2022,30000,15.5
8,54,2,2,5.94,6.97,2010,89000,8.6
8,2,1,2,9.85,11.56,2011,900000,8.0
8,2,1,2,9.06,10.64,2012,50000,9.0
10,13,2,7,34.82,40.88,2019,17000,37.0
13,52,1,6,45.34,53.22,2022,90000,62.0
8,36,1,7,16.01,18.79,2011,40000,19.0
8,2,1,7,9.06,10.64,2012,28000,14.5
17,25,2,6,6.23,7.31,2010,258000,1.5
14,13,2,8,3.96,4.64,2003,10000,4.3
8,13,1,2,20.4,23.95,2018,120000,19.0
8,54,2,2,9.95,11.68,2002,68000,15.5
17,32,1,3,6.08,7.14,2020,0,24.8
8,2,1,7,32.36,37.99,2021,26700,32.5
15,44,0,6,23.22,27.26,2022,28182,27.0
8,51,1,4,35.85,42.08,2024,1000,41.0
8,27,1,6,6.0,7.05,2009,47000,7.0
8,2,1,4,7.57,8.89,2008,30000,15.0
1,13,1,7,7.36,8.64,2015,10000,8.0
17,16,2,6,41.61,48.85,2010,9999,11.5
14,3,1,8,2.72,3.2,2005,24583,3.5
8,53,1,7,29.53,34.66,2024,30000,28.5
17,16,0,6,15.17,17.81,2015,80000,25.9
17,16,0,6,41.61,48.85,2010,20000,42.0
1,13,0,7,32.2,37.8,2017,10000,35.0
8,42,1,3,55.9,65.62,2017,20000,150.0
8,2,1,6,21.96,25.78,2018,100000,8.5
8,42,1,3,66.96,78.61,2009,53000,70.0
8,2,1,2,33.65,39.5,2022,220000,31.0
8,53,1,3,15.49,18.18,2015,0,17.8
8,51,1,3,40.54,47.59,2018,400000,27.0
8,42,1,7,44.59,52.35,2016,10000,45.0
8,54,2,6,11.69,13.72,2019,300000,15.0
8,42,1,6,44.59,52.35,2016,33000,55.0
8,2,1,6,32.36,37.99,2021,22000,34.0
17,16,0,6,13.61,15.98,2014,91837,14.0
13,52,1,7,17.23,20.23,2014,123456,32.0
8,54,2,2,14.31,16.8,2022,5000,30.0
8,42,1,6,57.96,68.03,2018,27000,58.0
8,54,2,0,5.94,6.97,2010,7777,3.7
14,13,1,6,4.37,5.13,2012,100000,3.7
8,43,1,2,53.71,63.05,2024,16000,62.0
17,16,0,6,13.66,16.04,2012,87707,10.0
8,13,0,2,1.84,2.16,2020,45,2.0
8,54,2,4,10.03,11.77,2003,10000,9.1
8,2,1,6,7.06,8.28,2007,2500,9.5
8,2,1,6,12.64,14.84,2010,15000,12.0
8,42,1,7,70.02,82.2,2021,19000,78.0
8,47,0,3,20.65,24.24,2019,12345,26.0
17,46,2,6,7.55,8.86,2014,24646,15.0
8,47,2,3,19.85,23.3,2018,19,27.0
8,56,0,2,14.49,17.01,2018,1,17.5
8,57,0,7,17.63,20.69,2021,600000,20.0
8,56,0,6,14.49,17.01,2018,1,17.5
8,2,1,7,24.1,28.29,2019,55000,25.0
8,54,2,7,22.73,26.69,1999,19000,31.5
13,26,1,6,6.9,8.1,2011,100000,6.5
17,32,1,3,20.86,24.48,2023,7000,22.222222
8,53,1,7,10.56,12.4,2012,44000,12.0
15,13,2,6,8.28,9.72,2019,50000,9.0
14,3,1,2,3.06,3.59,2009,666,3.8
16,13,0,7,179.4,210.6,2017,22000,195.0
8,47,0,2,22.72,26.67,2021,20000,25.0
8,42,1,7,70.02,82.2,2021,30000,88.7
8,53,1,6,10.9,12.8,2013,75000,14.0
8,2,1,6,9.06,10.64,2012,655512,9.0
17,32,1,6,5.1,5.99,2009,20000,5.0
8,54,2,7,6.78,7.96,2009,29000,12.0
8,54,2,6,9.54,11.2,2016,60000,9.5
17,46,2,6,6.3,7.39,2009,50000,16.0
17,13,0,6,10.05,11.8,2014,123456,13.0
17,13,0,6,5.72,6.72,2010,24380,58.0
10,13,0,3,34.82,40.88,2019,25000,39.9
8,10,2,2,8.55,10.04,1997,10000,45.0
17,25,2,7,7.1,8.34,2009,500000,8.5
8,54,2,7,9.95,11.68,2002,68000,15.0
13,52,1,7,24.85,29.17,2016,27000,32.0
17,32,1,6,6.08,7.14,2020,854885,6.0
15,23,1,2,3.5,4.11,2011,55000,4.0
13,52,1,6,24.85,29.17,2016,30000,23.9
17,35,1,6,35.17,41.29,2023,17000,41.0
13,52,1,6,24.85,29.17,2016,39000,10.5
8,57,0,6,16.31,19.15,2019,25000,19.0
8,27,1,2,11.85,13.92,2013,51000,16.0
8,42,1,6,44.59,52.35,2016,310000,54.0
17,46,2,6,9.54,11.2,2019,50,13.5
9,13,2,1,10.55,12.38,2022,25000,7.0
8,2,1,6,33.65,39.5,2022,11000,52.0
8,42,1,2,109.65,128.72,2012,15000,85.0
2,13,2,6,7.82,9.18,2017,20000,7.8
8,13,1,2,11.59,13.61,1995,100000,30.0
8,42,1,6,44.59,52.35,2016,20000,42.99
8,5,1,6,5.22,6.13,2007,23000,10.5
13,28,1,6,14.38,16.88,2016,45000,11.5
14,13,2,8,6.83,8.02,2019,60000,7.8
8,10,2,8,7.27,8.54,2017,6000,6.0
15,13,1,2,6.92,8.12,2016,40,7.8
8,54,2,2,10.24,12.02,2005,1234,8.3
15,40,0,2,17.58,20.64,2018,34000,23.5
8,5,2,6,9.5,11.15,2018,40000,11.0
8,13,1,6,17.97,21.09,2017,54302,25.0
8,54,2,6,8.65,10.15,2015,123456,9.9
8,54,2,0,7.97,9.36,2014,250000,6.5
17,33,1,4,6.13,7.2,2013,270000,7.99
8,10,2,2,12.15,14.27,2003,696900,24.6
8,2,1,6,36.71,43.1,2023,9860,40.0
8,51,1,3,36.06,42.33,2023,4300,46.5
8,12,1,7,12.53,14.71,2007,1000,12.0
8,54,2,6,6.99,8.21,2012,888888,8.5
17,17,0,7,17.29,20.3,2016,38000,23.0
13,26,1,6,8.66,10.17,2012,1000,9.5
8,56,0,6,15.55,18.25,2019,30000,1.6
17,16,0,6,15.73,18.46,2017,68944,1.7
15,20,0,7,26.38,30.97,2019,17000,39.0
8,54,2,4,22.73,26.69,1999,56789,18.555555
8,53,1,2,27.84,32.68,2023,13500,32.5
17,16,0,6,15.94,18.72,2011,9999,13.5
13,52,1,6,17.23,20.23,2014,16000,35.0
8,53,1,6,29.39,34.5,2025,2,32.5
8,11,2,4,11.87,13.94,2001,250,48.0
17,46,2,2,6.3,7.39,2009,35000,12.8
8,53,1,6,17.47,20.51,2017,35000,20.5
8,2,1,6,9.06,10.64,2012,50000,12.0
17,24,1,2,13.84,16.25,2018,40000,15.5
15,13,2,4,6.82,8.01,2013,55555,9.999999
8,13,0,7,33.66,39.52,2019,0,19.5
8,42,1,2,55.9,65.62,2017,50000,59.0
17,22,1,2,15.41,18.09,2016,100000,15.8
8,2,1,6,15.97,18.75,2015,6800,25.0
17,33,1,2,5.04,5.92,2012,55000,6.9
8,19,2,2,14.15,16.61,2000,10000,15.0
17,16,0,6,14.95,17.54,2016,30000,14.5
10,31,2,2,2.75,3.23,2010,45806,2.5
8,2,1,7,38.1,44.72,2024,3000,44.0
8,2,1,4,8.66,10.17,2009,38000,30.0
13,26,1,3,10.6,12.44,2013,21494,10.5
17,17,0,10,23.06,27.06,2018,50000,41.0
8,54,2,6,6.77,7.94,2008,1111,6.2
8,54,2,6,5.94,6.97,2010,34567,6.5
8,11,2,6,8.08,9.48,2008,12333,6.7
8,54,2,5,6.77,7.94,2008,10000,3.3
8,38,1,6,18.68,21.93,2008,50000,16.5
13,26,1,6,10.6,12.44,2013,8000,10.8
8,11,2,5,18.04,21.18,2012,30000,3.8
8,13,0,7,73.6,86.4,2023,123456,43.0
8,11,2,4,11.87,13.94,2001,250,55.0
17,16,0,2,16.76,19.67,2018,60000,15.0
17,16,2,2,19.81,23.26,2019,54000,24.0
14,3,1,6,3.06,3.59,2009,10,1.75
13,28,1,3,19.59,22.99,2018,18000,29.5
8,2,1,7,32.36,37.99,2021,23000,37.0
8,54,2,2,8.65,10.15,2015,37000,8.0
17,16,0,6,15.17,17.81,2015,58000,15.0
8,2,1,7,8.66,10.17,2009,10000,9.0
8,54,2,5,6.77,7.94,2008,60000,4.99
17,17,0,7,23.09,27.11,2019,40000,31.0
9,13,2,8,6.5,7.63,2018,10000,7.3
14,13,1,8,9.43,11.07,2018,30000,10.0
8,56,0,2,13.96,16.39,2016,2000,15.0
17,33,1,6,7.62,8.94,2015,123456,6.9
8,42,1,6,55.9,65.62,2017,30000,68.0
9,13,1,6,9.12,10.71,2019,12000,6.8
8,19,2,6,26.52,31.14,2009,35000,28.0
17,16,2,6,15.94,18.72,2011,60,11.5
17,25,2,2,7.91,9.28,2013,30000,0.0042
17,46,2,6,7.9,9.27,2016,100000,7.5
17,16,2,7,15.94,18.72,2011,0,17.0
13,52,1,3,6.84,8.03,2009,100000,0.01
8,56,0,6,15.55,18.25,2019,32000,18.0
8,48,1,7,15.33,17.99,1997,90000,30.0
9,13,2,5,6.81,7.99,2016,100,3.5
8,51,1,3,30.2,35.45,2019,10000,32.0
8,54,2,7,6.76,7.94,2011,0,8.5
9,13,2,8,9.94,11.67,2025,184,22.0
14,3,1,1,2.42,2.84,2006,14000,2.9
8,42,1,3,109.65,128.72,2012,17000,226.0
15,40,0,2,14.25,16.73,2017,46000,20.0
8,54,2,2,6.99,8.21,2012,0,12.5
17,46,2,2,7.24,8.49,2013,38,6.5
8,54,2,6,14.31,16.8,2022,19000,14.5
17,16,0,6,15.73,18.46,2017,20000,11.5
17,25,2,6,7.1,8.34,2009,70000,9.0
10,13,0,6,92.39,108.46,2015,25000,93.5
8,42,1,6,55.9,65.62,2017,220000,41.0
8,11,2,5,5.68,6.67,2010,30000,4.3
13,13,1,7,19.87,23.33,2016,69000,25.9
17,24,1,6,13.84,16.25,2018,9999,11.8
17,25,2,4,6.88,8.08,2008,26,6.8
8,47,0,2,21.39,25.1,2017,39000,21.5
17,33,1,2,3.68,4.32,2009,36000,4.5
17,25,2,7,11.2,13.15,2018,81201,14.0
8,54,2,6,11.69,13.72,2019,18000,10.9
17,33,1,6,3.68,4.32,2009,99999,3.6
8,2,1,6,29.9,35.1,2020,65000,38.0
8,2,1,7,13.6,15.96,2013,80,12.9
8,54,2,7,10.24,12.02,2005,9,23.5
8,42,1,7,70.02,82.2,2021,11000,115.0
14,3,1,0,3.11,3.65,2010,99,3.5
17,33,1,7,5.04,5.92,2012,12345,5.0
8,42,1,6,55.9,65.62,2017,700000,52.0
10,13,0,2,92.39,108.46,2015,28000,81.0
15,40,0,6,17.58,20.64,2018,30000,17.5
8,9,1,7,7.53,8.84,2010,42140,6.0
8,54,2,6,6.77,7.94,2008,3000,7.9
0,13,0,9,243.8,286.2,2019,5000,280.0
17,46,2,7,9.86,11.57,2020,27000,11.0
13,28,1,6,6.84,8.03,2012,46000,8.0
8,13,1,2,37.2,43.67,1997,5000,11.0
17,17,0,3,16.92,19.86,2015,22000,22.0
8,54,2,6,8.65,10.15,2015,10000,8.0
8,53,1,6,17.47,20.51,2017,60000,17.0
15,13,0,2,45.21,53.07,2018,400000,45.0
17,33,1,7,5.23,6.14,2014,90000,3.5
8,54,2,2,7.1,8.34,2006,23159,7.9
14,14,2,7,4.43,5.21,2012,54321,6.2
17,33,1,6,6.13,7.2,2013,9999,5.999999
8,9,1,4,69.11,81.13,2022,16000,60.0
8,54,2,6,8.65,10.15,2015,43,14.0
17,25,2,2,6.23,7.31,2010,30000,4.7
8,47,0,6,25.95,30.46,2022,40024,23.0
15,13,2,2,5.35,6.29,2005,50000,3.8
17,13,1,3,43.1,50.59,2023,20000,22.0
17,46,2,6,6.48,7.61,2010,40000,9.5
8,13,2,6,81.67,95.87,2011,26000,9.5
13,52,1,6,41.69,48.94,2019,27000,48.0
8,13,0,2,9.16,10.76,2000,50000,6.3
17,25,2,2,6.67,7.83,2011,30000,5.3
3,13,1,6,4.14,4.86,1999,100000,6.0
8,54,2,6,11.69,13.72,2019,13333,13.0
8,56,2,6,14.49,17.01,2018,57,12.5
8,2,1,6,15.19,17.83,2014,0,0.2
8,19,2,2,25.22,29.61,2022,30000,27.5
9,13,2,8,3.51,4.12,2002,1234,3.7
8,42,1,7,74.3,87.23,2022,900,160.0
17,33,1,2,3.68,4.32,2009,35000,4.5
17,24,1,2,13.07,15.34,2017,8661,12.5
8,2,1,2,7.57,8.89,2008,30000,7.0
13,59,1,3,4.14,4.86,2008,10000,4.2
8,5,2,6,7.69,9.02,2015,45000,7.5
8,2,1,6,13.6,15.96,2013,10000,15.0
8,27,1,2,7.87,9.24,2012,48000,9.5
8,11,2,5,9.87,11.59,2000,2,4.7
17,24,1,6,10.77,12.65,2016,500000,11.0
8,10,2,0,7.17,8.41,2007,70,7.5
17,16,2,6,28.44,33.39,2022,45000,7.0
8,54,2,6,10.0,11.74,2017,3000,39.999999
8,11,2,5,18.04,21.18,2012,30000,2.8
15,20,0,7,23.37,27.43,2018,40,20.8
13,52,1,3,51.39,60.33,2021,170000,64.0
8,42,1,6,74.21,87.11,2023,8000,94.0
8,19,2,7,21.86,25.66,2007,50,10.0
8,42,1,6,75.95,89.16,2024,29879,95.0
17,46,2,2,7.55,8.86,2014,300000,3.5
8,42,1,6,70.02,82.2,2021,15000,83.0
8,54,2,0,5.94,6.97,2010,46000,6.8
17,17,0,7,16.92,19.86,2015,23000,22.0
8,53,1,6,16.83,19.75,2016,111111,15.0
8,51,1,4,51.28,60.19,2017,25000,39.8
8,53,1,2,12.27,14.4,2014,16000,12.6
8,54,2,2,6.77,7.94,2008,99999,6.5
17,16,2,4,38.25,44.9,2007,100000,20.0
9,13,1,2,6.81,7.99,2016,1000,6.0
8,2,1,6,9.85,11.56,2011,30000,6.3
13,52,1,3,6.57,7.71,2011,17900,8.5
9,13,0,6,10.55,12.38,2022,6000,9.0
17,17,0,6,11.75,13.8,2013,60000,10.0
8,36,1,6,23.04,27.05,2014,21000,23.5
8,7,0,2,32.43,38.07,2013,26999,206.0
17,22,1,6,13.65,16.02,2015,106,20.0
8,51,1,3,51.28,60.19,2017,100000,49.5
8,42,1,6,95.08,111.62,2010,40000,110.0
8,36,1,3,61.59,72.3,2022,1880,42.0
15,13,0,7,35.47,41.64,2013,16000,35.0
13,21,1,3,64.28,75.46,2020,8000,72.8
14,3,1,6,2.91,3.42,2008,258000,2.0
8,2,1,6,13.6,15.96,2013,127000,12.9
8,54,2,2,11.74,13.78,2004,20000,18.0
17,37,2,6,26.21,30.77,2024,8700,28.8
13,52,1,3,5.28,6.2,2010,22000,10.0
15,49,2,6,58.28,68.41,1999,20000,19.0
8,54,2,7,5.94,6.97,2010,30000,9.0
8,42,1,6,62.14,72.95,2019,33000,80.0
8,13,1,2,6.85,8.04,2004,70000,16.0
17,25,2,2,7.21,8.47,2007,300000,0.0068
17,25,2,2,7.21,8.47,2007,30000,6.8
8,54,2,6,5.94,6.97,2010,82000,8.0
17,25,2,2,7.21,8.47,2007,30000,7.5
8,56,0,7,13.75,16.14,2017,34000,13.0
8,42,1,2,66.3,77.83,2020,50000,69.9
10,13,0,7,51.03,59.9,2016,67000,45.0
17,16,0,6,19.81,23.26,2019,300000,22.0
8,2,1,7,24.1,28.29,2019,28000,30.0
8,54,2,6,6.77,7.94,2008,9999,8.3
13,50,1,7,52.32,61.42,2020,10000,55.0
17,16,0,3,19.81,23.26,2019,26204,25.0
8,51,1,4,35.85,42.08,2024,11000,35.5
8,53,1,2,18.56,21.79,2018,30000,17.5
13,28,1,3,19.86,23.32,2020,2000,20.0
17,46,2,7,6.3,7.39,2009,100001,6.5
8,2,1,6,20.04,23.53,2016,69,19.7
17,33,1,6,3.68,4.32,2009,9999,2.0
8,19,2,6,25.22,29.61,2022,5300,30.6
8,2,1,6,21.0,24.66,2017,35000,25.5
17,46,2,6,7.9,9.27,2016,66430,7.8
13,52,1,6,5.28,6.2,2010,29113,6.0
17,32,1,6,5.89,6.92,2010,6789,0.0073
13,52,1,6,9.74,11.44,2013,20110,7.0
8,42,1,4,74.3,87.23,2022,1000,160.0
14,13,1,3,8.92,10.48,2016,48000,7.0
8,54,2,6,6.77,7.94,2008,75000,10.0
9,13,2,5,4.18,4.91,2004,100000,4.2
3,13,1,6,10.62,12.47,2024,4575,15.0
8,54,2,5,5.94,6.97,2010,34849,1.5
8,53,1,6,20.8,24.42,2019,12500,24.8
8,10,2,7,8.55,10.04,1997,18650,11.9
8,43,1,7,31.01,36.4,2016,64000,33.0
8,27,1,2,27.17,31.89,2020,17000,30.0
17,16,2,4,41.61,48.85,2010,40000,39.8
8,51,1,4,40.54,47.59,2018,25000,37.9
8,19,2,2,25.22,29.61,2022,25000,26.0
17,32,1,6,5.1,5.99,2009,34567,5.5
8,53,1,6,17.47,20.51,2017,29000,17.8
8,2,1,6,24.1,28.29,2019,20000,15.0
8,54,2,2,5.94,6.97,2010,100000,8.6
8,54,2,6,5.94,6.97,2010,100000,4.0
17,33,1,2,7.62,8.94,2015,190000,3.9
9,13,0,10,4.59,5.38,2015,20000,17.0
15,23,1,7,4.21,4.94,2012,99999,8.5
8,1,2,7,5.33,6.25,2006,999966,7.5
17,58,0,3,61.37,72.04,2023,6000,63.0
17,46,2,2,7.24,8.49,2013,70000,6.0
8,10,2,2,6.2,7.28,2000,40000,5.5
8,2,1,6,9.06,10.64,2012,40000,7.0
17,18,1,6,20.87,24.5,2022,24000,22.5
17,16,0,6,13.66,16.04,2012,10000,22.0
17,33,1,2,6.5,7.63,2017,190000,3.9
9,13,2,5,3.92,4.6,2006,9999,1.5
8,54,2,6,5.94,6.97,2010,33333,7.8
8,54,2,2,10.4,12.2,2018,50000,8.8
13,28,1,6,14.38,16.88,2016,46000,12.0
17,46,2,2,13.47,15.81,2023,29000,12.8
17,34,1,6,8.97,10.53,2015,59,10.7
13,52,1,6,59.13,69.42,2023,18000,68.0
8,27,1,2,27.17,31.89,2020,17000,29.5
8,54,2,2,10.4,12.2,2018,47000,13.5
8,42,1,6,77.17,90.59,2025,100,86.0
8,27,1,2,16.55,19.43,2016,999,16.5
8,53,1,7,18.56,21.79,2018,64500,18.0
8,11,2,6,13.8,16.21,2004,0,17.8
8,2,1,6,9.85,11.56,2011,400000,18.0
8,54,2,0,6.99,8.21,2012,10000,6.5
8,54,2,6,11.43,13.42,2020,0,16.5
8,27,1,6,7.34,8.61,2011,75500,8.0
8,42,1,6,55.9,65.62,2017,100000,35.0
8,10,2,2,11.35,13.32,1993,40000,7.5
8,2,1,2,32.36,37.99,2021,77777,31.0
8,36,1,7,23.04,27.05,2014,50000,20.0
8,54,2,5,5.94,6.97,2010,20000,1.7
17,46,2,2,7.24,8.49,2013,15,6.3
8,42,1,6,55.9,65.62,2017,122345,55.0
15,20,0,6,23.37,27.43,2018,33393,25.0
8,54,2,2,9.95,11.68,2002,16500,14.5
8,13,2,6,33.66,39.52,2019,4000,7.0
8,2,1,6,15.97,18.75,2015,100000,15.5
8,2,1,6,32.36,37.99,2021,40900,37.0
17,24,1,2,13.07,15.34,2017,8642,13.5
17,13,2,3,26.31,30.89,2019,10000,33.0
13,52,1,3,8.39,9.84,2012,0,9.5
14,3,1,2,3.24,3.8,2025,0,2.9
17,33,1,2,4.04,4.74,2010,42000,3.0
8,42,1,6,95.08,111.62,2010,18000,160.0
13,52,1,6,41.69,48.94,2019,28000,46.0
17,32,1,2,5.89,6.92,2010,68888,5.3
8,53,1,6,16.83,19.75,2016,25000,16.9
8,2,1,6,21.0,24.66,2017,46000,21.0
8,53,2,3,21.77,25.55,2020,47000,20.0
8,12,1,2,6.25,7.33,2002,87888,10.032
8,27,1,6,24.11,28.3,2019,50000,26.5
13,59,1,7,3.92,4.6,2011,20000,5.5
8,9,1,6,7.53,8.84,2010,14825,9.5
15,49,2,6,58.28,68.41,1999,20000,24.0
8,57,2,6,17.08,20.05,2020,20000,18.6
8,5,2,6,9.51,11.16,2017,50000,9.0
8,27,1,6,7.87,9.24,2012,900000,9.9
17,16,0,6,14.53,17.05,2013,125588,23.5
17,39,0,3,31.14,36.55,2019,19000,31.0
17,32,1,2,5.41,6.35,2006,3000,16.8
8,53,1,6,24.5,28.77,2021,20000,23.5
17,16,0,6,16.76,19.67,2018,44000,18.5
8,42,1,4,57.96,68.03,2018,111,4.0
8,2,1,6,21.0,24.66,2017,400000,19.0
17,16,0,7,13.66,16.04,2012,383838,11.0
17,13,0,2,26.85,31.52,2019,1000,29.5
8,13,2,7,9.76,11.45,2005,999999,4.5
17,16,2,7,14.53,17.05,2013,20000,22.5
17,46,2,6,6.37,7.48,2011,48000,9.0
17,34,1,6,5.47,6.43,2016,20300,12.0
17,16,2,6,41.61,48.85,2010,2500,66.0
14,3,1,2,3.11,3.65,2010,2000,2.0
8,54,2,6,11.43,13.42,2020,25600,12.5
8,53,1,6,21.77,25.55,2020,44000,21.0
5,13,0,4,53.36,62.64,2023,136000,33.0
17,16,0,7,13.66,16.04,2012,555555,13.0
8,54,2,6,6.78,7.96,2009,77000,7.0
8,54,2,6,5.94,6.97,2010,9000,10.3
8,19,2,6,25.22,29.61,2022,0,26.5
8,54,2,2,15.95,18.72,2024,12000,22.0
17,46,2,7,6.02,7.06,2007,161282,8.5
8,54,2,6,11.43,13.42,2020,25500,13.0
17,16,0,6,13.61,15.98,2014,50000,18.0
17,13,0,6,26.85,31.52,2019,4038,29.0
8,5,2,7,8.64,10.15,2016,64000,7.0
14,3,1,6,3.73,4.38,2012,30000,3.5
14,45,1,6,6.54,7.68,2011,68379,6.8
17,16,2,7,15.73,18.46,2017,10000,6.0
8,10,2,2,5.08,5.97,1990,45678,9.5
17,46,2,2,14.41,16.91,2025,0,6.8
8,13,2,6,16.15,18.96,2015,590000,8.9
8,42,1,3,109.65,128.72,2012,35000,82.0
8,54,2,2,10.0,11.74,2017,15000,10.5
8,2,1,6,12.64,14.84,2010,61526,12.0
17,16,0,6,15.73,18.46,2017,0,18.5
9,13,2,6,3.68,4.32,2010,32,6.5
13,52,1,3,17.23,20.23,2014,20000,7.3
8,54,2,7,7.21,8.46,2007,15000,8.0
8,54,2,6,6.99,8.21,2012,88000,8.5
8,27,1,7,16.55,19.43,2016,16000,17.5
8,54,2,6,15.95,18.72,2024,12000,18.0
17,25,2,2,11.2,13.15,2018,123456,11.5
17,16,0,6,15.17,17.81,2015,35000,14.0
15,49,2,6,58.28,68.41,1999,27000,22.0
8,56,0,6,13.75,16.14,2017,110000,15.0
8,47,0,3,20.65,24.24,2019,27000,23.0
14,13,2,6,9.8,11.51,2019,17000,4.0
17,46,2,2,9.54,11.2,2019,36000,12.0
17,32,1,2,5.1,5.99,2009,24863,7.5
8,2,1,2,36.71,43.1,2023,5678,9.8
13,52,1,3,45.34,53.22,2022,6454,62.0
9,13,2,5,4.37,5.13,2007,100000,2.2
8,47,0,3,22.72,26.67,2021,38000,25.0
8,47,0,3,22.72,26.67,2021,380000,25.0
8,42,1,7,74.3,87.23,2022,10224,85.0
14,13,2,6,3.37,3.96,2008,54678,5.0
8,2,1,6,7.57,8.89,2008,35000,8.0
8,51,1,6,36.06,42.33,2023,11000,43.5
8,19,2,2,13.23,15.53,2004,120000,13.0
8,43,1,6,52.52,61.65,2023,5000,50.0
17,16,0,2,15.73,18.46,2017,350000,12.0
8,57,0,6,16.31,19.15,2019,40000,14.0
14,3,1,8,3.11,3.65,2010,6000,1.7
8,54,2,6,6.99,8.21,2012,2000,11.0
14,15,1,8,3.96,4.65,2010,40000,3.9
8,2,1,4,9.85,11.56,2011,37855,8.5
15,23,1,2,3.28,3.85,2008,30000,3.5
8,13,2,5,7.19,8.44,2002,40000,4.2
8,57,0,7,16.31,19.15,2019,25000,20.0
17,46,2,6,9.54,11.2,2019,34500,11.0
8,13,0,2,4.6,5.4,1982,9999,105.0
9,13,2,5,4.59,5.38,2015,2528,5.0
8,11,2,2,17.41,20.44,1998,20000,15.5
17,35,1,6,23.25,27.29,2019,20000,24.0
17,16,2,6,41.61,48.85,2010,123456,14.8
8,47,0,3,20.65,24.24,2019,20000,20.3
8,54,2,7,6.76,7.94,2011,423568,7.0
17,58,0,3,57.07,67.0,2022,30000,57.0
8,51,1,4,35.85,42.08,2024,11,38.8
8,42,1,6,57.96,68.03,2018,26818,90.0
8,51,1,4,40.54,47.59,2018,39000,36.0
13,52,1,6,41.69,48.94,2019,43000,48.5
14,13,0,7,6.3,7.4,2018,55000,5.0
17,46,2,6,7.9,9.27,2016,66191,7.89
17,16,0,6,16.76,19.67,2018,120000,10.0
8,42,1,6,38.82,45.57,2015,66000,35.0
8,2,1,6,21.96,25.78,2018,38000,35.5
13,52,1,6,36.61,42.98,2018,32000,44.0
13,52,1,6,34.36,40.34,2017,50000,40.0
8,51,1,7,30.2,35.45,2019,29000,34.5
17,16,0,2,41.61,48.85,2010,30000,49.0
17,16,0,6,13.61,15.98,2014,77777,5.0
8,53,1,6,17.47,20.51,2017,25536,17.0
8,54,2,7,15.95,18.72,2024,29000,25.0
8,2,1,6,15.19,17.83,2014,100000,12.5
9,13,1,7,69.0,81.0,2022,10000,72.0
8,54,2,2,10.4,12.2,2018,50000,11.0
17,37,0,2,26.21,30.77,2024,8000,26.5
8,56,0,6,15.55,18.25,2019,86000,15.0
8,56,0,2,14.49,17.01,2018,27000,17.5
17,16,0,3,13.66,16.04,2012,12345,10.0
17,16,0,6,14.53,17.05,2013,100000,11.0
15,4,2,2,7.25,8.51,2017,0,6.0
8,2,1,6,9.06,10.64,2012,35,11.0
8,5,2,6,9.51,11.16,2017,44444,8.0
8,57,0,2,24.85,29.17,2023,16200,25.5
8,53,1,6,10.9,12.8,2013,20000,12.5
8,57,0,7,23.44,27.52,2022,22000,20.0
8,10,2,2,7.02,8.24,1981,12345,4.5
8,54,2,6,6.76,7.94,2011,123456,3.3
17,24,1,6,17.23,20.23,2022,180000,19.2
9,13,2,0,4.65,5.45,2014,123456,4.7
17,46,2,7,6.48,7.61,2010,999999,8.0
8,10,2,6,8.92,10.47,1996,999,9.8
17,33,1,6,5.23,6.14,2014,10000,5.2
13,28,1,3,6.84,8.03,2012,30000,7.9
8,2,1,6,9.85,11.56,2011,29000,15.5
8,2,1,6,7.57,8.89,2008,123456,6.7
8,10,2,2,7.87,9.24,2009,100000,1.0
9,13,1,7,11.97,14.05,2023,10000,12.0
8,54,2,2,6.78,7.96,2009,55000,5.5
8,2,1,2,20.04,23.53,2016,120000,18.0
17,33,1,6,6.13,7.2,2013,89000,9.0
8,2,1,6,15.97,18.75,2015,123456,13.5
17,32,1,6,5.89,6.92,2010,123456,4.6
8,54,2,2,6.77,7.94,2008,0,6.7
8,53,1,2,10.9,12.8,2013,10000,11.5
8,19,2,6,26.52,31.14,2009,74000,8.0
15,49,0,7,119.51,140.29,1998,0,230.0
17,33,1,2,7.62,8.94,2015,9000,10.5
8,56,0,6,14.49,17.01,2018,3500,13.5
8,51,1,3,32.03,37.61,2021,16000,30.0
8,54,2,6,10.4,12.2,2018,50000,10.7
8,2,1,6,36.71,43.1,2023,16000,33.5
8,2,1,7,21.96,25.78,2018,65000,23.0
8,54,2,6,18.09,21.23,2000,86532,3.2
2,13,0,2,1.23,1.44,2000,30000,8.6
17,25,2,2,6.75,7.93,2014,0,6.9
8,54,2,5,5.94,6.97,2010,6000,2.5
8,11,2,7,13.97,16.4,1996,12345,6.8
8,2,1,2,8.66,10.17,2009,9999,11.2
8,54,2,7,14.31,16.8,2022,12150,15.7
8,42,1,7,46.96,55.13,2013,5555,650.0
9,13,2,5,4.37,5.13,2007,40000,3.5
8,54,2,5,5.94,6.97,2010,60000,2.7
13,52,1,6,41.69,48.94,2019,20000,45.0
8,47,0,3,20.65,24.24,2019,30000,20.0
17,33,1,7,6.13,7.2,2013,99999,6.5
17,24,1,6,13.84,16.25,2018,32000,13.0
8,2,1,6,8.66,10.17,2009,123456,6.6
8,54,2,6,11.74,13.78,2004,100000,9.8
8,57,0,7,24.85,29.17,2023,15,28.0
13,52,1,3,36.61,42.98,2018,8500,47.0
17,46,2,7,10.29,12.08,2021,21000,10.3
15,23,1,2,3.51,4.12,2009,800000,2.6
8,2,1,6,7.06,8.28,2007,770000,10.5
8,2,2,6,21.0,24.66,2017,590000,8.7
8,43,1,7,36.13,42.41,2018,3700,37.0
17,29,1,6,9.45,11.1,2016,60000,12.0
8,2,1,6,8.66,10.17,2009,35000,15.0
8,2,1,6,12.64,14.84,2010,100000,10.5
8,54,2,6,7.97,9.36,2014,60000,7.3
10,13,0,7,34.82,40.88,2019,4329,44.9
8,2,1,2,15.19,17.83,2014,1234,13.5
8,2,1,6,15.19,17.83,2014,180000,15.5
9,13,2,5,4.59,5.38,2015,2000,2.2
17,13,0,7,141.0,165.52,2024,0,35.0
8,13,0,2,8.71,10.22,2009,40000,27.0
17,13,0,3,62.93,73.87,2019,21000,33.0
8,54,2,8,10.24,12.02,2005,250000,4.6
17,16,2,5,22.62,26.56,2020,0,7.0
8,7,0,3,39.17,45.99,2022,2450,40.0
8,2,1,2,15.19,17.83,2014,48000,10.7
15,40,0,6,8.63,10.13,2016,400000,11.5
14,3,1,8,4.31,5.05,2013,6000,1.2
17,16,0,6,19.81,23.26,2019,260000,28.8
8,42,1,7,24.18,28.39,2005,40000,48.0
8,48,1,2,9.49,11.14,2006,1000,7.0
8,19,2,6,25.54,29.98,2010,90000,28.0
17,46,2,2,8.28,9.72,2017,58000,9.0
8,2,1,6,15.97,18.75,2015,100000,16.0
17,16,0,6,13.66,16.04,2012,20000,13.5
8,42,1,6,74.3,87.23,2022,123456,38.0
10,13,0,7,19.23,22.57,2016,160000,22.5
8,43,1,6,36.13,42.41,2018,80000,40.0
17,46,2,2,6.3,7.39,2009,50000,6.0
17,46,2,5,6.93,8.14,2015,48000,1.5
10,13,0,7,172.31,202.28,2016,30000,188.0
8,2,1,7,21.0,24.66,2017,123459,26.5
8,2,1,7,24.1,28.29,2019,29000,27.5
8,41,1,2,4.14,4.86,2006,40000,2.5
8,2,1,2,7.57,8.89,2008,6000,6.5
8,2,1,6,9.06,10.64,2012,100000,8.0
8,54,2,2,6.77,7.94,2008,20000,6.0
8,54,2,6,9.54,11.2,2016,98000,12.5
8,42,1,6,38.82,45.57,2015,18000,58.0
8,13,2,5,11.94,14.02,2001,12851,7.0
13,52,1,7,5.72,6.72,2008,10000,6.5
4,13,0,7,115.38,135.44,2016,44000,125.0
8,54,2,6,10.4,12.2,2018,50000,11.3
8,2,1,6,38.1,44.72,2024,1600,42.0
8,42,1,2,57.96,68.03,2018,50000,68.2
8,13,2,3,11.59,13.61,1995,20000,15.0
9,13,0,3,6.16,7.23,2012,30000,7.5
8,12,1,2,12.53,14.71,2007,35000,17.5
17,33,1,2,6.13,7.2,2013,57000,5.3
17,32,1,2,19.71,23.13,2024,90000,5.2
17,16,0,6,15.73,18.46,2017,92000,16.5
17,46,2,2,6.48,7.61,2010,10000,6.8
8,9,1,6,6.88,8.07,2008,123456,6.5
17,33,1,6,3.01,3.54,2006,10000,1.5
17,13,2,6,4.99,5.86,2009,70000,5.7
17,13,2,7,4.99,5.86,2009,60000,5.7
17,16,0,6,28.44,33.39,2022,36,30.5
8,11,2,2,15.9,18.67,1997,10000,13.5
8,5,2,6,9.51,11.16,2017,40000,12.5
8,42,1,7,70.02,82.2,2021,18000,77.0
17,24,1,6,19.94,23.41,2023,12000,23.0
15,49,2,2,39.46,46.33,2000,36000,250.0
8,53,1,6,18.56,21.79,2018,19000,19.5
17,46,2,7,6.93,8.14,2015,164530,8.4
13,28,1,7,7.27,8.53,2013,54000,10.2
8,54,2,6,13.65,16.03,2021,18000,13.0
8,54,2,7,14.31,16.8,2022,15000,14.0
17,58,0,3,62.96,73.91,2024,5300,68.0
8,11,2,3,11.87,13.94,2001,200000,6.8
8,2,1,6,21.96,25.78,2018,55000,20.0
14,15,1,8,3.96,4.64,2016,40000,15.0
17,16,0,6,22.62,26.56,2020,18000,23.0
8,13,2,2,6.74,7.91,2001,20000,3.2
17,24,1,6,10.77,12.65,2016,45000,10.0
9,13,2,5,3.77,4.42,2001,30000,4.8
17,25,2,6,5.12,6.01,2003,200000,4.7
17,13,0,7,26.85,31.52,2019,23000,26.0
8,2,1,2,13.6,15.96,2013,1230,14.5
8,11,2,6,10.74,12.6,2003,100000,8.0
8,19,2,6,14.15,16.61,2000,0,8.5
8,19,2,2,13.9,16.32,2016,20000,13.5
8,51,1,3,31.97,37.53,2020,28000,36.5
8,2,1,7,21.96,25.78,2018,150000,21.0
17,33,1,6,6.5,7.63,2017,46000,12.0
17,25,2,7,6.23,7.31,2010,50000,4.0
9,13,2,5,3.76,4.41,2000,40000,3.6
8,2,1,2,9.06,10.64,2012,0,9.3
8,56,0,6,16.43,19.29,2020,50000,16.0
9,13,2,8,9.94,11.67,2025,600000,2.0
8,36,1,2,16.87,19.8,2012,100,17.5
13,52,1,6,45.34,53.22,2022,5600,70.0
17,46,2,6,9.86,11.57,2020,100000,13.5
8,6,0,7,140.94,165.46,2023,1230,0.00025
8,42,1,6,77.17,90.59,2025,1,85.0
8,2,1,6,8.66,10.17,2009,12356,5.9
15,23,1,2,4.21,4.94,2012,0,4.9
8,2,1,6,29.9,35.1,2020,8000,37.0
8,54,2,6,5.94,6.97,2010,0,3.0
8,2,1,6,9.85,11.56,2011,168000,12.5
8,2,1,6,29.9,35.1,2020,8000,36.0
8,54,2,2,11.74,13.78,2004,56789,21.0
17,33,1,6,8.35,9.8,2016,50,1.95
13,52,1,6,36.61,42.98,2018,42000,41.0
8,42,1,6,109.65,128.72,2012,35000,205.0
17,58,0,3,56.43,66.25,2020,34000,60.0
15,4,0,7,7.16,8.41,2015,61000,7.0
15,44,0,6,32.66,38.34,2024,3000,30.0
15,13,2,2,7.08,8.32,2011,8000,4.5
8,27,1,6,24.11,28.3,2019,13320,26.0
8,11,2,0,15.43,18.12,1999,1000,16.8
17,25,2,6,7.1,8.34,2009,56000,8.5
8,10,2,7,38.18,44.82,2023,16383,8.0
17,33,1,6,5.04,5.92,2012,50,3.5
17,33,1,2,4.16,4.89,2011,56789,4.8
8,2,1,6,9.85,11.56,2011,54000,15.8
17,16,0,7,13.66,16.04,2012,34000,10.0
17,16,0,7,13.66,16.04,2012,34000,10.5
8,10,2,2,8.76,10.28,1986,99999,9.8
15,40,0,3,20.1,23.6,2020,10000,23.0
8,2,1,6,20.04,23.53,2016,15000,16.8
8,57,0,7,24.85,29.17,2023,9000,26.5
17,33,1,6,5.04,5.92,2012,100000,3.0
8,27,1,6,15.31,17.98,2014,67950,17.5
8,27,1,6,7.87,9.24,2012,90000,6.0
17,32,1,3,19.12,22.45,2025,0,6.8
15,20,0,3,26.38,30.97,2019,6900,28.0
8,19,2,6,26.52,31.14,2009,84000,52.0
17,46,2,6,8.93,10.49,2018,0,8.0
8,56,0,6,13.75,16.14,2017,99999,13.5
8,10,2,2,11.35,13.32,1993,40000,7.8
17,16,0,6,26.08,30.62,2025,2500,39.0
13,28,1,3,9.74,11.44,2014,30000,8.3
17,16,0,7,29.51,34.64,2024,1233,37.0
8,5,2,2,7.69,9.02,2015,44000,10.0
17,16,0,2,14.95,17.54,2016,235345,13.5
17,46,2,6,8.93,10.49,2018,19825,4.5
17,13,0,2,40.64,47.7,2018,24000,0.08
8,54,2,6,6.78,7.96,2009,10000,4.3
8,2,1,1,9.06,10.64,2012,20000,9.3
14,3,1,8,3.4,3.99,2011,10000,5.5
14,3,1,2,3.11,3.65,2010,100000,4.5
13,52,1,6,17.23,20.23,2014,350000,17.9
8,54,1,2,6.99,8.21,2012,25000,4.5
8,10,2,2,6.31,7.41,1980,10000,26.0
13,21,1,7,87.93,103.23,2021,9600,91.0
8,54,2,2,7.1,8.34,2006,65224,9.6
8,2,1,2,15.97,18.75,2015,28000,16.3
17,46,2,6,7.55,8.86,2014,39999,10.0
8,54,2,2,6.76,7.94,2011,50000,10.5
8,54,2,2,7.21,8.46,2007,30000,8.3
8,53,1,6,10.56,12.4,2012,0,11.3
8,53,1,6,21.77,25.55,2020,18000,22.99
17,33,1,2,3.34,3.92,2019,5000,6.6
17,16,0,6,15.17,17.81,2015,9000,13.0
17,46,2,6,6.93,8.14,2015,400000,9.9
8,19,2,6,12.98,15.24,2015,50000,15.9
8,54,2,6,6.99,8.21,2012,1000,6.5
8,54,2,6,7.21,8.46,2007,0,2.7
17,16,0,2,41.61,48.85,2010,80000,22.444
8,51,1,6,31.97,37.53,2020,24000,29.0
8,11,2,3,9.87,11.59,2000,23456,4.2
17,24,1,6,14.21,16.68,2019,20000,12.0
6,13,2,0,7.14,8.38,2019,1200,7.0
8,5,2,2,8.64,10.15,2016,50000,9.0
14,3,1,2,2.91,3.42,2008,20000,3.0
8,54,2,2,7.1,8.34,2006,23663,7.2
14,15,1,8,3.41,4.0,2008,50000,3.0
8,53,1,2,29.53,34.66,2024,20000,32.0
8,2,1,6,21.96,25.78,2018,50000,25.0
17,32,1,7,20.86,24.48,2023,5300,24.0
8,2,1,2,24.1,28.29,2019,30000,35.0
8,13,0,5,38.39,45.07,2024,3000,39.0
17,16,1,2,15.73,18.46,2017,1122,14.5
17,13,0,2,26.31,30.89,2019,1000,16.9
8,42,1,6,66.3,77.83,2020,17000,86.0
8,2,1,6,21.0,24.66,2017,31000,21.0
17,33,1,2,5.04,5.92,2012,4,6.5
17,33,1,2,5.04,5.92,2012,120000,7.0
8,42,1,6,55.9,65.62,2017,150000,64.8
8,54,2,2,7.97,9.36,2014,23663,8.0
8,13,1,6,19.94,23.41,2016,300000,35.0
8,54,2,6,6.76,7.94,2011,14000,8.0
17,16,0,2,41.94,49.23,2006,5000,31.5
8,11,2,2,10.79,12.67,2015,40000,12.9
8,48,1,2,24.52,28.78,2005,123456,2.8
8,54,2,6,14.19,16.66,2023,17000,17.0
8,42,1,6,70.02,82.2,2021,9500,81.0
15,49,0,6,119.51,140.29,1998,100000,220.0
8,51,1,3,32.03,37.61,2021,10000,40.0
14,3,1,0,3.73,4.38,2012,5000,2.0
8,27,1,6,39.75,46.66,2025,116,44.8
8,27,1,2,27.17,31.89,2020,6792,30.0
8,53,1,6,21.77,25.55,2020,999999,19.8
8,42,1,3,109.65,128.72,2012,33000,89.0
8,7,0,4,16.82,19.75,2011,37000,22.0
8,42,1,6,95.08,111.62,2010,12345,110.0
8,2,1,6,29.9,35.1,2020,20000,39.5
13,52,1,7,22.2,26.06,2015,21394,34.0
8,53,1,2,29.53,34.66,2024,3000,31.0
13,13,1,7,15.44,18.12,2013,30000,19.0
8,11,2,5,15.43,18.12,1999,17000,6.0
13,52,1,9,6.84,8.03,2009,29000,8.0
8,2,1,6,29.9,35.1,2020,60000,33.8
17,16,0,6,19.81,23.26,2019,0,31.5
8,53,1,6,17.47,20.51,2017,16000,17.5
8,54,2,6,11.74,13.78,2004,0,24.5
17,16,2,6,22.62,26.56,2020,40000,25.0
8,19,2,2,11.23,13.19,2013,65000,11.5
15,23,1,7,3.51,4.12,2009,50000,3.5
17,39,0,3,31.14,36.55,2019,11000,36.686686
8,53,1,6,29.53,34.66,2024,4000,35.0
8,9,1,6,7.33,8.6,2007,46000,7.2
8,53,1,6,29.53,34.66,2024,5000,35.0
8,56,0,6,16.43,19.29,2020,100000,14.5
8,55,0,3,5.98,7.02,1986,1000,6.5
8,42,1,7,55.9,65.62,2017,12,58.8
13,28,1,3,6.84,8.03,2012,48385,9.5
8,2,1,6,21.0,24.66,2017,6000,23.0
8,54,2,7,6.99,8.21,2012,33920,8.5
8,56,0,7,14.49,17.01,2018,35000,15.0
8,56,0,6,14.49,17.01,2018,35000,15.0
8,54,2,2,6.77,7.94,2008,29000,17.8
13,52,1,6,24.85,29.17,2016,30000,26.0
17,46,2,2,7.9,9.27,2016,445523,7.5
17,16,0,6,15.73,18.46,2017,40000,15.0
8,2,1,6,15.97,18.75,2015,100,22.0
8,42,1,6,111.75,131.19,2011,59000,80.0
9,13,2,5,7.18,8.43,2017,5000,1.8
17,16,0,6,43.64,51.23,2009,60000,60.0
17,16,0,6,13.66,16.04,2012,12345,22.0
8,5,2,2,8.64,10.15,2016,12345,8.8
8,54,2,6,11.69,13.72,2019,20000,15.0
8,0,2,2,11.97,14.06,1980,19999,15.0
8,42,1,3,111.75,131.19,2011,30000,182.0
17,37,1,2,18.4,21.6,2018,27000,20.0
13,52,1,3,51.39,60.33,2021,15000,48.0
17,29,1,5,6.09,7.15,2011,900002,5.5
9,13,2,5,3.51,4.12,2002,12000,8.0
8,36,1,7,61.59,72.3,2022,30000,66.5
17,16,0,6,43.64,51.23,2009,123456,59.6
9,13,1,2,4.65,5.45,2014,20000,3.0
17,16,0,3,15.73,18.46,2017,2233,42.0
8,42,1,6,74.3,87.23,2022,10000,80.0
8,54,2,6,11.43,13.42,2020,30000,13.0
8,2,1,6,15.19,17.83,2014,42,0.017999
8,19,2,7,14.27,16.75,2002,26000,15.5
8,53,1,6,10.56,12.4,2012,12,11.8
8,42,1,3,66.3,77.83,2020,50000,47.0
8,12,1,3,8.01,9.41,2005,30000,12.0
8,13,0,1,103.41,121.39,2018,25000,205.0
14,13,0,7,5.7,6.7,1995,848,6.2
17,16,0,2,15.73,18.46,2017,2345,13.5
8,19,2,2,26.94,31.63,2008,1234,13.5
17,16,0,2,16.76,19.67,2018,35000,16.5
8,54,2,4,6.77,7.94,2008,500000,8.8
8,2,1,2,13.8,16.2,1980,58000,9.8
8,57,0,6,24.85,29.17,2023,35000,27.0
8,56,0,2,13.75,16.14,2017,35000,16.0
8,2,1,6,21.0,24.66,2017,81000,20.5
8,42,1,7,55.9,65.62,2017,11000,80.0
17,16,0,6,15.73,18.46,2017,40000,20.8
8,19,2,2,26.52,31.14,2009,99999,60.0
17,29,1,2,6.09,7.15,2011,30000,6.0
9,13,2,7,25.3,29.7,2023,20000,27.5
8,19,2,2,12.98,15.24,2015,25000,22.0
8,47,0,3,22.99,26.98,2020,300000,25.0
13,52,1,7,59.13,69.42,2023,18000,65.0
17,16,0,6,15.94,18.72,2011,40000,12.0
8,43,1,2,47.95,56.28,2021,6323,52.0
8,19,2,6,29.7,34.86,2024,6000,33.5
17,13,0,7,26.97,31.65,2022,31000,45.0
17,16,0,6,14.53,17.05,2013,60000,12.5
9,13,1,6,11.97,14.05,2023,2000,16.0
3,13,1,6,10.05,11.8,2022,15000,15.0
8,42,1,3,40.73,47.82,2008,24000,53.0
8,54,2,2,6.78,7.96,2009,40000,10.0
9,13,1,6,11.97,14.05,2023,5000,15.0
8,19,2,6,25.22,29.61,2022,96184,14.0
8,42,1,6,75.95,89.16,2024,2500,76.0
8,2,1,6,37.76,44.33,2025,77465,10.0
8,54,2,6,11.43,13.42,2020,30000,8.5
17,18,1,6,22.64,26.58,2023,20000,20.0
8,2,1,2,38.1,44.72,2024,500,36.0
8,13,0,4,105.01,123.27,1995,60000,175.0
8,27,1,6,33.02,38.76,2022,12000,37.8
8,10,2,2,9.63,11.31,2001,15000,19.5
8,41,1,2,4.75,5.58,2008,10000,4.7
8,56,0,6,14.49,17.01,2018,79000,20.0
8,27,1,6,19.71,23.14,2017,40000,25.9
8,57,0,2,17.08,20.05,2020,26000,19.5
8,42,1,7,66.96,78.61,2009,0,107.0
8,53,1,7,15.49,18.18,2015,20000,16.8
17,33,1,6,5.04,5.92,2012,76000,8.0
8,2,1,6,13.6,15.96,2013,112575,25.0
8,11,2,4,13.97,16.4,1996,9000,5.8
8,57,0,7,23.44,27.52,2022,20000,25.0
8,54,2,6,10.0,11.74,2017,123,12.5
8,10,2,2,6.31,7.41,1980,9999,15.0
8,56,0,3,13.75,16.14,2017,60000,21.0
8,42,1,3,40.73,47.82,2008,55000,88.0
17,16,0,6,15.73,18.46,2017,270000,18.5
8,51,1,6,40.54,47.59,2018,7000,65.0
8,27,1,6,15.39,18.06,2015,10000,4.5
8,47,0,3,20.65,24.24,2019,18000,30.0
8,1,1,0,13.42,15.75,2009,49464,25.0
17,32,1,6,5.89,6.92,2010,40000,10.0
17,33,1,7,4.04,4.74,2010,111111,3.8
8,2,1,6,15.19,17.83,2014,103000,14.8
8,54,2,2,10.03,11.77,2003,200000,13.8
8,27,1,2,6.64,7.79,2010,22,6.5
8,56,0,6,16.43,19.29,2020,46000,18.0
17,16,0,7,16.76,19.67,2018,35000,18.0
8,54,2,6,6.99,8.21,2012,72,8.5
8,42,1,6,74.3,87.23,2022,8000,85.0
9,13,2,4,10.55,12.38,2022,5000,19.0
17,46,2,2,6.13,7.2,2008,10000,8.0
9,13,0,6,6.5,7.63,2018,30000,55.0
17,46,2,6,10.29,12.08,2021,10000,12.5
8,54,2,2,9.95,11.68,2002,999,11.8
17,46,2,4,5.54,6.5,2006,168,13.5
8,54,2,2,8.65,10.15,2015,9000,10.5
8,42,1,3,95.08,111.62,2010,40000,90.0
15,49,0,6,39.46,46.33,2000,30000,22.0
13,52,1,3,45.34,53.22,2022,5000,12.345678
8,42,1,6,95.08,111.62,2010,50000,110.0
10,13,0,2,242.63,284.82,2018,12000,238.0
8,27,1,6,7.87,9.24,2012,168,15.0
8,13,2,2,10.49,12.32,2012,500000,7.5
8,42,1,6,74.21,87.11,2023,16000,71.0
17,46,2,6,8.28,9.72,2017,0,9.0
17,16,0,3,15.73,18.46,2017,270000,20.5
8,54,2,2,7.21,8.46,2007,2000,8.0
15,40,0,6,20.1,23.6,2020,30000,21.0
8,11,2,4,17.25,20.25,1994,87000,16.5
17,33,1,2,3.15,3.69,2008,16000,4.25
15,13,0,2,14.49,17.01,2018,70000,12.5
8,56,0,6,13.96,16.39,2016,56000,20.8
17,16,2,6,41.61,48.85,2010,2222,17.9
8,53,1,6,26.26,30.82,2022,35000,21.6
17,16,0,6,28.44,33.39,2022,12000,14.5
15,13,2,2,7.32,8.59,2002,50000,17.0
17,16,0,6,14.53,17.05,2013,12345,10.3
8,54,2,5,18.09,21.23,2000,0,4.8
8,19,2,6,21.86,25.66,2007,10000,60.0
8,53,1,6,20.8,24.42,2019,27000,16.9
8,56,0,6,13.75,16.14,2017,19000,11.8
8,42,1,6,74.21,87.11,2023,13000,83.0
17,13,0,3,52.44,61.56,2024,800,480.0
9,13,2,5,3.35,3.93,2009,100000,3.8
8,54,2,2,10.4,12.2,2018,39000,13.3
8,57,0,6,24.85,29.17,2023,31000,28.0
8,11,2,5,11.35,13.32,2016,50064,1.7
8,57,0,6,24.85,29.17,2023,31000,25.0
8,53,1,6,17.47,20.51,2017,20000,15.5
8,43,0,7,42.41,49.79,2020,19000,48.0
8,51,1,3,32.58,38.25,2022,6000,41.0
17,33,1,6,3.15,3.69,2008,10000,3.5
17,33,1,6,5.04,5.92,2012,537629,4.5
8,57,0,3,17.63,20.69,2021,2000,19.5
8,54,2,2,7.21,8.46,2007,100000,9.0
8,57,0,6,28.32,33.25,2024,2200,33.5
8,13,2,2,33.66,39.52,2019,1111,44.0
8,54,2,2,10.24,12.02,2005,20000,32.5
8,54,2,4,22.73,26.69,1999,20000,8.0
8,56,0,6,15.55,18.25,2019,200000,2.3e-05
8,54,2,5,4.38,5.14,1980,10000,4.5
8,54,2,2,11.74,13.78,2004,20000,27.5
17,32,1,2,6.19,7.26,2016,0,5.5
8,42,1,3,109.65,128.72,2012,14000,216.0
15,23,1,2,4.21,4.94,2012,25000,3.2
15,23,1,2,4.21,4.94,2012,30000,3.6
8,54,2,2,11.43,13.42,2020,60000,15.5
17,16,0,2,13.66,16.04,2012,66666,11.0
8,5,2,7,11.44,13.43,2019,72000,7.0
8,2,1,6,9.06,10.64,2012,80000,11.0
8,54,2,6,6.76,7.94,2011,50000,8.49
9,13,2,5,10.55,12.38,2022,1000,8.9
8,54,2,6,8.65,10.15,2015,18000,10.5
17,16,0,6,13.66,16.04,2012,0,11.2
8,53,1,6,29.53,34.66,2024,8000,65.0
17,33,1,8,4.04,4.74,2010,30000,3.8
8,2,1,6,32.36,37.99,2021,21000,37.9
9,13,2,6,4.37,5.13,2007,12345,2.3
9,13,0,5,3.68,4.32,2010,60000,5.5
15,40,0,6,14.25,16.73,2017,50000,15.0
9,13,2,5,22.48,26.39,1980,9999,0.5
8,2,1,6,24.1,28.29,2019,50000,28.0
8,11,2,6,13.8,16.21,2004,8386,2.6
17,13,1,6,8.28,9.72,2009,100000,3.0
8,2,1,2,21.96,25.78,2018,48700,18.5
8,56,0,6,13.75,16.14,2017,40,13.8
8,42,1,6,74.3,87.23,2022,36950,75.0
17,33,1,2,4.16,4.89,2011,8386,3.4
8,42,1,3,66.96,78.61,2009,77000,120.0
8,2,1,6,20.04,23.53,2016,28000,18.3
8,51,1,7,51.28,60.19,2017,74000,61.0
8,2,1,2,15.19,17.83,2014,90000,18.5
8,54,2,2,10.03,11.77,2003,2000,18.5
17,33,1,2,2.96,3.48,2007,99999,2.5
8,53,1,6,20.8,24.42,2019,27000,18.8
8,56,0,6,13.75,16.14,2017,19000,12.8
8,42,1,7,46.96,55.13,2013,500000,45.0
17,16,0,6,15.17,17.81,2015,20000,14.0
8,41,1,2,4.75,5.58,2008,100000,5.5
8,2,1,7,33.65,39.5,2022,28055,9.0
17,13,0,2,126.96,149.04,2020,12345,4.5
17,58,0,6,62.96,73.91,2024,2000,70.0
17,16,0,6,28.44,33.39,2022,20000,31.5
8,43,1,6,27.65,32.46,2015,70000,28.5
8,54,2,5,7.1,8.34,2006,90000,6.5
17,16,0,2,13.61,15.98,2014,99999,11.0
10,13,0,4,164.68,193.32,2023,15000,1.58
8,2,1,6,21.96,25.78,2018,60000,21.5
8,54,2,2,7.97,9.36,2014,50000,12.5
8,19,2,2,24.46,28.71,2011,20000,27.5
17,16,0,3,14.53,17.05,2013,240637,16.0
8,42,1,6,77.17,90.59,2025,1000,72.0
17,32,1,6,6.92,8.13,2012,120000,6.5
9,13,0,3,6.74,7.92,1995,50000,3.8
15,49,2,3,78.2,91.8,1997,100,184.0
8,42,1,3,95.08,111.62,2010,42000,110.0
17,16,0,2,14.95,17.54,2016,61000,13.5
8,11,2,4,13.97,16.4,1996,10000,31.0
8,53,1,6,26.26,30.82,2022,39000,24.5
8,53,1,6,16.83,19.75,2016,80474,18.5
17,24,1,2,13.98,16.41,2020,16000,15.0
8,43,1,6,52.52,61.65,2023,6628,57.0
8,11,0,7,12.72,14.94,2011,258455,2.2
8,42,1,3,95.08,111.62,2010,33000,118.0
9,13,2,6,3.68,4.32,2010,999999,17.0
9,13,2,7,10.55,12.38,2022,15000,10.0
15,13,2,7,6.66,7.82,2004,30000,8.5
8,2,1,6,33.65,39.5,2022,75000,38.0
8,9,1,6,7.65,8.98,2011,10000,8.0
17,33,1,2,4.16,4.89,2011,520000,3.5
8,2,1,2,8.66,10.17,2009,30,30.0
8,51,1,6,31.97,37.53,2020,50000,33.0
17,16,0,6,16.76,19.67,2018,70000,16.0
8,54,2,3,14.19,16.66,2023,20000,15.0
8,54,2,2,9.54,11.2,2016,50000,4.5
8,2,1,2,15.19,17.83,2014,30000,15.6
14,3,1,4,2.72,3.2,2005,50000,1.6
17,46,2,6,6.48,7.61,2010,900000,13.5
8,54,2,6,6.99,8.21,2012,40000,7.5
17,13,0,7,220.8,259.2,2023,5100,260.0
8,55,0,7,5.98,7.02,2017,0,10.0
8,42,1,6,66.3,77.83,2020,1,70.0
8,11,2,8,10.79,12.67,2015,80000,2.0
8,51,1,3,51.28,60.19,2017,90,52.0
8,56,2,6,15.55,18.25,2019,60000,21.0
10,13,0,2,172.31,202.28,2016,7000,2.25
8,54,2,0,7.1,8.34,2006,999999,5.2
17,33,1,3,2.96,3.48,2007,999999,2.0
8,42,1,6,36.71,43.09,2014,30,38.0
8,57,0,6,24.85,29.17,2023,30000,24.0
8,19,2,6,26.94,31.63,2008,136000,18.0
8,43,1,6,38.91,45.67,2019,180000,42.5
17,29,1,7,8.71,10.22,2015,27000,10.5
14,15,1,6,4.21,4.94,2013,21916,5.5
8,9,1,6,7.33,8.6,2007,100000,6.9
17,16,0,3,15.73,18.46,2017,27000,20.5
17,16,0,2,22.62,26.56,2020,35000,23.0
8,54,2,8,5.94,6.97,2010,0,8.8
17,13,1,2,69.0,81.0,1995,9100,7.0
8,56,0,2,15.55,18.25,2019,60000,21.0
8,51,1,7,32.03,37.61,2021,20000,33.0
15,49,0,3,78.2,91.8,1997,200,188.0
13,28,1,3,6.59,7.73,2011,61655,13.0
8,19,2,6,25.22,29.61,2022,210000,29.5
8,27,1,6,7.87,9.24,2012,554554,7.0
9,13,1,7,3.35,3.93,2009,1000,135.0
8,54,2,6,14.19,16.66,2023,30000,16.0
8,43,1,6,31.01,36.4,2016,40500,31.0
8,54,2,6,14.31,16.8,2022,47000,11.5
8,54,2,6,12.48,14.66,2025,1000,2.2
8,54,2,2,10.0,11.74,2017,10,9.85
8,10,2,0,4.65,5.45,2013,11111,11.0
8,54,2,6,8.65,10.15,2015,100000,5.0
17,24,1,6,15.88,18.65,2021,4500,27.0
8,54,2,2,11.74,13.78,2004,50000,13.0
15,49,2,6,58.28,68.41,1999,43122,209.0
15,13,2,6,6.35,7.45,2010,0,6.5
8,57,0,2,23.44,27.52,2022,15000,30.0
8,42,1,3,95.08,111.62,2010,60000,96.0
8,42,1,3,95.08,111.62,2010,400000,100.0
8,54,2,2,6.77,7.94,2008,20000,6.8
17,16,0,7,13.66,16.04,2012,50000,13.0
8,1,2,6,12.88,15.12,2023,40000,13.5
15,20,0,6,24.55,28.82,2022,17000,19.99
8,57,0,7,24.85,29.17,2023,15580,37.0
17,24,1,6,15.88,18.65,2021,4500,26.0
8,42,1,6,95.08,111.62,2010,30000,110.0
8,2,1,7,32.36,37.99,2021,220000,33.0
17,16,0,6,14.53,17.05,2013,100000,12.5
17,46,2,2,8.28,9.72,2017,40,7.7
17,33,1,2,5.23,6.14,2014,546212,7.5
8,54,2,2,6.77,7.94,2008,20000,9.3
15,40,0,6,14.25,16.73,2017,23000,18.0
8,54,2,2,9.95,11.68,2002,50000,13.0
8,10,2,6,6.31,7.41,1980,11000,15.0
17,46,2,0,6.48,7.61,2010,3000,6.5
17,33,1,4,3.01,3.54,2006,12345,3.8
8,42,1,3,33.69,39.55,2007,0,44.0
8,42,1,6,40.73,47.82,2008,10000,80.0
13,21,1,3,87.93,103.23,2021,19000,79.0
8,53,1,6,24.5,28.77,2021,29000,28.0
14,3,1,6,3.73,4.38,2012,30000,6.5
17,16,0,7,41.61,48.85,2010,20000,51.0
8,54,2,0,10.03,11.77,2003,500000,6.5
8,54,2,2,10.03,11.77,2003,78900,23.5
15,20,0,7,26.0,30.52,2020,19950,22.0
8,38,1,3,11.5,13.5,2017,999,29.5
14,3,1,6,3.73,4.38,2012,31034,3.0
8,6,0,2,75.13,88.2,2016,9000,1.0
15,44,0,3,19.29,22.64,2018,7879,35.0
17,24,1,2,13.98,16.41,2020,25000,13.0
8,27,1,6,38.7,45.44,2024,5137,44.0
17,24,1,2,13.98,16.41,2020,25000,14.0
8,2,1,6,21.96,25.78,2018,54558,25.0
8,42,1,3,109.65,128.72,2012,100000,83.0
8,13,1,2,15.16,17.79,2003,25000,6.5
8,54,2,2,9.54,11.2,2016,35000,12.0
17,13,2,2,22.87,26.85,2000,10000,18.5
8,38,1,3,18.68,21.93,2008,25000,20.0
8,53,1,6,27.84,32.68,2023,18000,15.0
8,42,1,3,44.64,52.4,2006,40000,69.0
8,53,1,6,18.56,21.79,2018,0,19.5
8,9,1,6,7.33,8.6,2007,0,7.5
9,13,2,3,4.37,5.13,2007,40000,3.5
8,42,1,3,111.75,131.19,2011,11000,200.0
8,53,1,6,20.8,24.42,2019,65000,21.0
8,57,0,7,23.44,27.52,2022,800,30.5
17,25,2,2,6.22,7.3,2004,8386,3.7
8,2,1,6,9.06,10.64,2012,19000,10.0
8,13,1,7,33.66,39.52,2019,80000,24.0
15,40,0,7,17.33,20.35,2019,680000,20.0
8,19,2,2,14.15,16.61,2000,49000,15.5
17,33,1,7,5.04,5.92,2012,12345,5.3
17,25,2,2,7.91,9.28,2013,8386,3.7
17,25,2,0,7.1,8.34,2009,9216,3.0
8,13,1,2,9.16,10.76,2000,200000,8.0
17,24,1,6,15.88,18.65,2021,4500,28.0
8,53,1,6,27.84,32.68,2023,1050,37.0
13,52,1,3,5.28,6.2,2010,4678,6.0
8,54,2,2,10.03,11.77,2003,30000,19.0
8,54,2,7,7.37,8.65,2013,30000,8.8
8,27,1,6,5.78,6.78,2008,5000,8.0
8,54,2,7,9.54,11.2,2016,88888,10.0
8,11,2,5,9.23,10.84,2002,10000,3.5
17,32,1,7,5.44,6.38,2004,69000,4.9
8,42,1,6,75.95,89.16,2024,8000,68.0
8,53,1,6,21.77,25.55,2020,33400,24.0
17,33,1,7,3.01,3.54,2006,12345,3.8
8,57,0,6,24.85,29.17,2023,21000,27.0
15,44,0,3,20.16,23.67,2019,9000,29.5
17,16,0,3,15.73,18.46,2017,450000,16.6
8,10,2,2,9.64,11.32,1984,680000,6.5
8,36,1,6,16.01,18.79,2011,90000,12.0
14,15,1,8,2.94,3.46,2018,200000,3.0
17,13,1,2,8.28,9.72,2009,20000,2.0
8,43,1,6,36.13,42.41,2018,30000,37.0
17,24,1,6,13.07,15.34,2017,66310,14.0
8,2,1,6,7.57,8.89,2008,3000,3500.0
8,54,2,5,7.21,8.46,2007,10000,4.0
8,5,2,2,11.44,13.43,2019,15000,8.8
8,42,1,2,62.14,72.95,2019,500,39.0
8,5,2,2,13.47,15.82,2022,20000,15.5
13,26,1,6,8.66,10.17,2012,25000,13.5
8,42,1,6,57.96,68.03,2018,71000,55.0
8,2,1,6,15.97,18.75,2015,52,0.001986
14,3,1,8,2.91,3.42,2008,41000,2.5
8,51,1,6,32.03,37.61,2021,40000,28.0
9,13,2,5,4.18,4.91,2004,70000,1.5
8,51,1,6,51.28,60.19,2017,23000,59.8
8,19,2,6,23.51,27.6,2021,9000,38.0
17,24,1,7,15.88,18.65,2021,19000,14.5
8,54,2,5,7.1,8.34,2006,0,3.9
8,42,1,3,40.73,47.82,2008,1200,80.0
8,10,2,2,8.52,10.0,2020,49000,10.0
8,54,2,2,9.54,11.2,2016,10000,7.5
10,13,0,2,50.6,59.4,2021,20000,110.0
8,42,1,7,74.3,87.23,2022,8000,80.0
8,11,2,5,6.63,7.78,2009,25000,2.5
8,51,1,6,31.94,37.49,2020,35000,42.0
17,16,0,6,15.75,18.49,2017,77000,18.0
17,16,0,6,19.92,23.38,2019,50000,35.0
8,42,1,6,69.27,81.32,2021,5943,85.0
8,2,1,6,8.6,10.1,2009,31579,15.0
17,34,1,6,8.21,9.64,2012,40000,20.0
17,13,0,7,26.39,30.98,2016,5500,40.0
8,19,2,6,25.09,29.45,2022,10000,39.0
8,53,1,2,28.0,32.86,2023,2000,35.0
17,16,0,6,13.66,16.04,2012,10000,13.0
17,46,2,6,7.24,8.49,2013,20000,8.0
17,46,2,6,6.37,7.48,2011,144441,7.5
8,11,2,2,15.43,18.12,1999,10000,34.0
8,56,0,6,15.55,18.25,2019,46000,12.5
8,57,0,7,23.44,27.52,2022,25000,16.0
14,15,1,7,4.26,5.0,2015,10000,4.5
8,2,1,2,9.06,10.64,2012,33333,8.3
8,19,2,2,11.23,13.19,2013,75000,16.8
14,45,1,8,7.71,9.05,2013,88902,7.0
8,54,2,6,13.65,16.03,2021,15736,15.0
17,16,0,2,13.66,16.04,2012,123456,12.0
8,2,1,6,9.85,11.56,2011,35000,9.8
8,56,0,6,14.49,17.01,2018,20000,17.0
17,25,2,4,18.47,21.68,2022,19000,26.0
8,56,0,6,13.75,16.14,2017,200,17.0
17,22,1,6,27.97,32.83,2021,10000,25.0
9,13,2,6,3.44,4.04,2003,40000,20.0
17,13,0,4,28.14,33.03,2017,40000,28.0
17,16,0,6,14.95,17.54,2016,99999,12.5
15,13,0,6,35.47,41.64,2013,48000,39.0
15,20,0,7,23.37,27.43,2018,16000,210.0
17,32,1,6,6.29,7.39,2005,30000,9.8
8,6,0,2,8.74,10.26,1996,50000,17.0
15,49,2,3,119.51,140.29,1998,10000,168.0
8,2,1,6,15.97,18.75,2015,125000,10.5
8,42,1,6,55.9,65.62,2017,44005,66.0
8,11,2,2,15.43,18.12,1999,10000,22.0
17,32,1,2,4.64,5.44,2008,123456,4.5
13,52,1,6,51.39,60.33,2021,19912,60.0
17,13,1,7,14.26,16.74,2020,25000,15.5
8,9,1,2,7.53,8.84,2010,26000,13.5
15,40,0,6,10.85,12.74,2014,200000,10.8
8,11,2,8,11.87,13.94,2001,1369,4.3
13,28,1,3,7.27,8.53,2013,40000,10.0
8,54,2,0,9.54,11.2,2016,9,2.3
15,13,2,6,14.49,17.01,2018,15000,6.0
1,13,0,5,10.02,11.76,2017,1000,10.89
13,52,1,6,36.49,42.84,2025,0,78.0
5,13,0,4,19.14,22.46,2020,19,24.8
15,44,0,3,19.29,22.64,2018,42405,17.5
17,16,2,6,16.76,19.67,2018,49149,17.5
8,51,1,3,32.03,37.61,2021,28000,40.0
8,13,1,2,33.66,39.52,2019,30000,14.0
8,48,1,2,24.52,28.78,2005,100000,3.5
17,32,1,2,6.41,7.52,2011,40000,6.5
8,57,0,6,23.44,27.52,2022,36000,30.0
8,43,1,6,42.41,49.79,2020,30000,42.0
8,2,1,2,9.06,10.64,2012,10000,12.5
8,51,1,2,30.2,35.45,2019,9000,35.8
8,54,2,6,11.69,13.72,2019,13000,15.0
8,7,0,4,16.82,19.75,2011,13000,25.0
17,17,0,3,16.22,19.05,2014,180000,19.0
13,59,2,9,5.52,6.48,1981,85008,6.0
17,46,2,2,5.54,6.5,2006,5000,7.5
8,51,1,2,32.58,38.25,2022,20000,33.5
11,13,1,8,7.5,8.8,2015,20000,5.5
8,42,1,6,55.9,65.62,2017,47000,67.0
8,54,2,2,6.76,7.94,2011,999999,12.5
8,54,2,4,22.73,26.69,1999,79000,30.0
1,13,0,3,27.42,32.18,2015,250000,35.0
17,33,1,4,4.04,4.74,2010,1234,3.5
17,33,1,6,4.16,4.89,2011,50000,5.7
17,33,1,7,5.04,5.92,2012,10000,6.0
8,2,1,7,20.04,23.53,2016,11000,16.0
8,2,1,6,15.97,18.75,2015,33333,13.5
8,19,2,2,26.52,31.14,2009,100000,19.0
8,2,1,6,15.97,18.75,2015,33333,13.0
9,10,2,6,13.71,16.09,2025,550,14.9
9,13,1,3,5.94,6.97,2013,50000,4.7
17,24,1,2,13.98,16.41,2020,12450,17.0
8,54,2,2,7.21,8.46,2007,8686,8.0
15,20,0,7,23.37,27.43,2018,16000,2.1
9,13,2,0,3.91,4.59,2005,20000,5.0
17,32,2,2,4.64,5.44,2008,123456,4.0
8,54,2,4,11.43,13.42,2020,27000,58.0
9,13,0,5,22.48,26.39,1980,888000,4.8
17,13,1,7,15.9,18.67,2013,35799,20.9
8,10,2,2,8.76,10.28,1986,7777,5.3
8,2,1,6,12.64,14.84,2010,100000,12.5
17,16,2,6,13.66,16.04,2012,6868,16.8
17,33,1,2,4.16,4.89,2011,60000,5.3
11,13,2,8,7.2,8.45,2017,969696,7.8
15,4,0,6,6.7,7.87,2016,330000,8.3
8,5,2,6,8.64,10.15,2016,27000,10.0
17,16,2,6,41.94,49.23,2006,0,27.0
17,16,2,2,15.17,17.81,2015,9999,14.8
8,0,0,2,11.97,14.06,1980,50000,19.0
15,13,2,2,7.08,8.32,2011,33000,5.0
8,47,0,3,25.95,30.46,2022,32000,23.8
17,16,0,6,13.66,16.04,2012,400000,14.0
8,57,0,7,23.44,27.52,2022,25000,19.5
8,11,2,6,8.08,9.48,2008,52000,26.8
8,56,0,6,15.55,18.25,2019,13500,14.5
17,16,0,6,28.44,33.39,2022,12000,28.0
8,0,2,2,9.64,11.32,1997,327,9.5
17,16,0,6,14.95,17.54,2016,100000,1.5e-05
17,16,2,6,29.51,34.64,2024,26000,27.5
15,44,0,3,20.16,23.67,2019,40000,32.0
17,46,2,6,11.62,13.64,2022,16000,14.5
8,53,1,2,15.49,18.18,2015,11111,10.0
8,54,2,4,22.73,26.69,1999,123456,2.555555
14,15,1,7,3.28,3.85,2009,17000,2.5
9,13,2,6,3.51,4.12,2002,123456,8.0
8,2,1,6,9.06,10.64,2012,1234,10.5
17,16,2,7,14.53,17.05,2013,111111,28.5
17,16,0,6,14.95,17.54,2016,50000,24.0
8,11,2,5,5.68,6.67,2010,50000,2.5
14,13,2,0,6.62,7.78,2015,63000,7.9
17,33,1,6,6.13,7.2,2013,1237,6.8
17,39,0,6,31.14,36.55,2019,2000,35.0
17,46,2,2,7.25,8.51,2012,9,6.9
17,34,1,3,8.8,10.33,2014,0,8.8
8,2,1,7,32.36,37.99,2021,23000,40.0
14,15,1,7,4.96,5.83,2014,30000,4.7
8,51,1,7,36.06,42.33,2023,10000,33.0
6,13,1,6,5.9,6.92,2011,1234,8.5
17,39,0,3,43.34,50.88,2022,11623,32.0
13,28,1,6,9.81,11.51,2015,1234,7.5
17,24,1,6,13.84,16.25,2018,999999,12.0
14,3,1,8,3.11,3.65,2010,9,3.8
8,54,2,6,11.43,13.42,2020,500000,13.5
9,13,0,5,7.92,9.3,2020,888888,5.4
8,54,2,2,13.65,16.03,2021,15000,14.0
8,13,1,2,9.76,11.45,2005,7000,11.0
8,54,2,5,6.77,7.94,2008,100000,8.0
14,13,2,8,8.22,9.65,2016,32562,7.3
17,24,1,6,13.84,16.25,2018,100000,13.5
8,11,2,2,10.79,12.67,2015,32846,16.3
17,46,2,6,6.37,7.48,2011,100000,6.35
8,42,1,6,55.9,65.62,2017,72000,65.0
8,11,2,7,17.41,20.44,1998,18000,16.5
8,11,2,8,9.87,11.59,2000,10000,5.5
9,13,0,3,3.35,3.93,2009,12345,6.0
8,53,1,2,15.49,18.18,2015,70000,9.8
8,57,0,6,17.63,20.69,2021,40000,20.0
14,14,2,8,3.49,4.1,2009,53284,6.8
8,30,0,4,16.72,19.63,2017,47000,23.0
8,13,2,0,37.72,44.28,1998,220000,4.2
15,23,1,2,3.85,4.52,2010,9,3.9
8,0,0,6,4.32,5.08,2010,81111,8.5
8,51,1,3,31.97,37.53,2020,520000,32.0
17,25,2,2,7.21,8.47,2007,32658,6.8
8,13,0,6,47.37,55.61,2021,200000,25.0
17,33,1,2,4.16,4.89,2011,100000,2.5
8,43,1,6,53.71,63.05,2024,1525,65.5
8,10,2,2,8.92,10.47,1996,10000,3.5
13,52,1,9,5.28,6.2,2010,9,5.2
9,13,0,3,6.5,7.63,2018,30000,10.0
8,19,2,7,30.59,35.91,2025,333,5.5
8,38,2,2,22.91,26.89,2006,8888,10.0
8,11,2,4,15.43,18.12,1999,88888,2.0
14,14,2,8,8.15,9.56,2017,15000,2.5
8,54,2,6,11.69,13.72,2019,9999,10.8
17,16,2,6,14.53,17.05,2013,9999,14.3
8,10,2,6,3.72,4.36,1988,9999,5.5
8,54,2,6,14.89,17.48,2001,4567,11.5
8,2,1,7,36.71,43.1,2023,300000,50.0
17,46,2,2,7.55,8.86,2014,60000,9.5
17,25,2,6,18.47,21.68,2022,45000,17.5
8,13,2,7,8.17,9.59,2007,19999,6.7
17,46,2,2,7.25,8.51,2012,65000,7.8
8,5,2,6,9.51,11.16,2017,13688,9.0
17,46,2,6,7.55,8.86,2014,65880,3.6
14,14,2,8,7.41,8.7,2019,28000,7.5
17,46,2,6,8.93,10.49,2018,28000,1.234567
17,16,0,7,14.95,17.54,2016,6868,16.5
8,10,2,7,8.55,10.04,1997,111111,10.0
17,16,0,6,14.53,17.05,2013,123456,5.0
12,13,1,7,29.17,34.24,2022,21000,39.0
8,8,2,2,5.69,6.68,1981,32514,10.8
17,25,2,6,18.47,21.68,2022,45000,18.0
17,46,2,5,6.3,7.39,2009,4000,5.0
17,16,0,2,15.73,18.46,2017,80000,20.5
8,53,1,2,18.56,21.79,2018,43579,19.5
17,16,2,6,15.94,18.72,2011,99999,24.5
14,3,1,8,2.42,2.84,2006,20000,2.75
8,5,2,6,9.5,11.15,2018,22000,12.0
14,45,1,0,6.54,7.68,2011,100000,6.0
8,53,1,6,17.47,20.51,2017,30000,19.5
8,53,1,7,18.56,21.79,2018,29000,21.5
17,16,0,7,19.81,23.26,2019,10000,18.0
14,13,2,4,9.56,11.22,2019,123456,5.5
8,54,2,2,10.4,12.2,2018,23451,10.8
8,36,1,2,23.04,27.05,2014,7000,25.0
8,47,2,6,22.99,26.98,2020,26000,26.0
13,13,1,3,16.28,19.11,2014,386000,25.5
17,46,2,6,9.54,11.2,2019,31649,11.0
17,29,1,2,6.09,7.15,2011,20000,7.0
8,54,2,2,6.77,7.94,2008,31000,8.5
8,2,1,7,12.64,14.84,2010,17000,13.7
8,19,2,7,24.46,28.71,2011,17000,3.2
8,42,1,3,111.75,131.19,2011,20000,145.0
15,20,0,6,23.37,27.43,2018,15500,26.0
8,54,2,6,5.94,6.97,2010,55555,8.7
8,54,2,6,9.95,11.68,2002,200000,11.0
17,16,0,6,15.73,18.46,2017,300,40.0
8,43,1,2,36.13,42.41,2018,34000,39.0
8,42,1,3,44.59,52.35,2016,45,65.0
0,13,0,9,243.8,286.2,2016,32000,265.0
13,28,1,6,29.84,35.04,2024,1500,42.0
17,32,1,6,5.89,6.92,2010,30000,8.3
8,42,1,3,109.65,128.72,2012,9900,200.0
8,42,1,3,33.69,39.55,2007,100000,12.0
8,42,1,4,74.21,87.11,2023,10000,115.8
8,2,1,6,9.06,10.64,2012,40000,9.8
9,13,1,6,10.72,12.58,2023,100000,15.0
17,22,1,2,13.65,16.02,2015,40000,12.9
13,52,2,6,43.97,51.62,2020,14000,60.0
6,13,2,5,3.71,4.35,2010,10000,1.0
10,13,0,3,129.38,151.88,2019,26000,130.0
8,54,2,2,7.97,9.36,2014,12345,7.1
17,32,1,6,5.1,5.99,2009,79000,4.3
15,49,0,3,202.63,237.87,2021,36733,282.0
8,54,2,6,9.95,11.68,2002,1000,13.8
13,52,1,6,22.2,26.06,2015,65000,3.5
8,2,1,4,12.64,14.84,2010,99999,21.5
17,16,2,2,28.44,33.39,2022,999,32.0
8,11,2,6,6.63,7.78,2009,60000,17.0
8,47,0,3,20.65,24.24,2019,6658,28.0
9,13,2,0,7.18,8.43,2017,30000,6.2
8,54,2,6,11.69,13.72,2019,56945,12.6
10,13,2,4,2.02,2.38,2004,258800,2.2
8,54,2,4,19.05,22.36,1997,10000,16.0
15,23,1,2,3.51,4.12,2009,84547,5.0
6,13,2,6,3.71,4.35,2010,5000,7.5
8,2,1,6,36.71,43.1,2023,55,55.0
13,52,1,3,9.74,11.44,2013,4874,12.0
17,16,2,6,15.94,18.72,2011,10000,24.0
8,42,1,6,66.3,77.83,2020,30000,77.0
17,16,2,3,14.53,17.05,2013,29000,22.0
15,20,0,6,23.37,27.43,2018,15000,25.0
17,24,1,6,13.84,16.25,2018,54000,15.5
8,54,2,2,9.95,11.68,2002,10000,35.0
8,42,1,3,95.08,111.62,2010,1,90.0
8,11,2,5,11.35,13.32,2016,22888,8.8
8,57,0,2,17.08,20.05,2020,25000,17.0
8,54,2,2,7.21,8.46,2007,70000,12.0
8,53,1,6,10.56,12.4,2012,42213,15.0
9,13,1,6,17.02,19.98,2025,205,18.5
8,54,2,6,10.03,11.77,2003,55555,16.8
8,42,1,3,95.08,111.62,2010,23000,73.0
8,51,1,3,31.97,37.53,2020,35000,37.0
8,13,1,6,11.04,12.96,2012,0,12.0
8,41,1,2,4.75,5.58,2008,10000,17.0
8,51,1,3,47.19,55.39,2016,56000,60.0
8,51,1,3,30.2,35.45,2019,15000,37.0
8,8,2,2,13.34,15.66,1993,111120,14.5
8,54,2,8,7.21,8.46,2007,50000,4.8
8,13,1,3,23.12,27.14,2024,17000,22.5
8,11,2,4,14.11,16.56,1995,50000,40.0
8,19,2,6,21.86,25.66,2007,22222,22.0
13,28,1,6,29.84,35.04,2024,1400,43.0
8,5,2,2,9.5,11.15,2018,21000,10.3
8,11,2,6,15.43,18.12,1999,20000,16.0
8,53,1,7,24.5,28.77,2021,20000,29.5
8,54,2,2,10.0,11.74,2017,254086,11.5
8,27,1,6,7.87,9.24,2012,48000,8.9
15,13,0,2,26.68,31.32,2016,30000,29.0
8,12,1,9,7.89,9.26,2003,28000,85.0
8,42,1,6,44.59,52.35,2016,100000,25.0
17,24,1,6,17.23,20.23,2022,18000,17.0
17,24,1,6,13.84,16.25,2018,6000,16.5
17,32,1,7,4.64,5.44,2008,999999,2.5
8,42,1,7,18.73,21.99,2003,30000,35.5
8,42,1,7,111.75,131.19,2011,200000,192.0
8,54,2,4,9.54,11.2,2016,30000,50.0
8,54,2,2,18.09,21.23,2000,30000,22.5
17,29,1,6,6.09,7.15,2011,10000,6.8
8,2,1,2,9.85,11.56,2011,38000,11.5
8,10,2,2,8.76,10.28,1986,100000,12.0
8,2,1,6,7.06,8.28,2007,30000,8.9
8,19,2,6,20.1,23.59,2006,100000,5.0
17,32,1,4,5.75,6.75,2007,741471,13.0
8,13,0,1,231.56,271.84,2016,5000,285.0
8,56,2,6,13.96,16.39,2016,999999,15.5
13,21,1,3,28.41,33.35,2008,43000,50.0
8,54,2,6,11.74,13.78,2004,2888,10.5
8,19,2,2,12.98,15.24,2015,10006,12.5
8,57,0,6,23.44,27.52,2022,23000,24.9
4,13,0,3,7.18,8.42,2017,23000,299.0
8,19,2,2,21.86,25.66,2007,254620,17.0
17,16,0,5,14.53,17.05,2013,800000,25.0
8,42,1,2,44.59,52.35,2016,10000,25.0
8,54,2,6,6.76,7.94,2011,70000,8.5
15,23,1,2,3.5,4.11,2011,75000,5.0
8,56,0,7,13.96,16.39,2016,100000,19.0
8,47,0,6,22.99,26.98,2020,23000,22.0
8,54,2,2,7.97,9.36,2014,40000,6.8
8,53,1,6,24.5,28.77,2021,120,30.0
15,44,0,7,20.16,23.67,2019,45000,23.0
8,2,1,6,37.76,44.33,2025,549,51.0
8,27,1,6,6.0,7.05,2009,95039,8.5
8,56,0,6,13.96,16.39,2016,100,14.0
17,32,1,6,5.1,5.99,2009,56000,4.5
17,46,2,6,7.55,8.86,2014,100000,8.5
8,54,2,2,5.94,6.97,2010,41000,8.2
8,57,0,6,28.32,33.25,2024,1900,35.0
8,42,1,3,44.64,52.4,2006,600,69.0
8,56,0,7,15.55,18.25,2019,42000,14.0
8,19,2,2,20.1,23.59,2006,15000,27.5
8,51,1,6,35.85,42.08,2024,7000,47.0
8,2,1,2,8.66,10.17,2009,50000,10.0
8,19,2,2,13.9,16.32,2016,86000,16.0
9,13,0,6,4.37,5.13,2007,30000,4.0
8,57,0,6,28.32,33.25,2024,1800,37.0
8,0,2,2,11.97,14.06,1980,50000,20.0
17,16,0,6,14.95,17.54,2016,30000,15.0
8,7,2,6,49.74,58.4,2021,1600,48.0
8,54,2,6,14.19,16.66,2023,4000,18.3
17,16,0,2,13.66,16.04,2012,500000,9.5
8,57,0,2,17.08,20.05,2020,6000,20.0
8,54,2,0,9.95,11.68,2002,700000,4.5
8,57,0,6,24.85,29.17,2023,31000,26.0
8,2,1,6,38.1,44.72,2024,11000,62.0
17,13,0,6,62.56,73.44,2018,862648,19.5
17,16,0,2,13.61,15.98,2014,30000,18.0
8,54,2,7,8.65,10.15,2015,6000,4.3
8,51,1,4,29.44,34.56,2001,333333,32.0
13,52,1,6,8.39,9.84,2012,13500,40.0
8,57,0,6,24.85,29.17,2023,31000,26.5
8,54,2,2,6.76,7.94,2011,550000,7.5
8,51,1,4,32.03,37.61,2021,333333,32.0
17,16,0,6,16.76,19.67,2018,0,29.0
15,13,2,2,3.5,4.1,2005,100000,6.0
17,16,0,6,19.81,23.26,2019,35,23.0
8,54,2,6,13.65,16.03,2021,99999,13.5
8,54,2,5,9.54,11.2,2016,0,5.8
8,2,1,6,33.65,39.5,2022,60883,25.0
8,54,2,6,11.69,13.72,2019,5000,40.0
8,11,2,6,18.04,21.18,2012,56789,22.5
17,13,0,6,8.28,9.72,2009,30000,16.0
4,13,0,7,6.02,7.06,2018,20000,10.0
8,47,0,6,22.99,26.98,2020,35000,26.8
9,13,0,6,4.37,5.13,2007,50000,4.0
17,16,2,6,41.61,48.85,2010,8888,46.0
13,52,1,3,8.39,9.84,2012,13500,42.0
13,52,1,3,5.19,6.09,2007,100000,7.0
14,14,1,8,5.14,6.04,2015,40000,5.6
8,57,0,2,17.63,20.69,2021,12000,16.5
8,42,1,6,75.95,89.16,2024,4800,90.0
17,39,0,6,56.11,65.87,2024,400000,31.0
8,11,2,6,10.79,12.67,2015,12345,10.0
8,56,2,6,13.96,16.39,2016,92181,15.0
17,16,0,7,14.95,17.54,2016,1236,15.5
8,36,1,6,42.17,49.5,2019,9320,47.0
13,52,1,6,45.34,53.22,2022,7170,70.0
8,2,1,7,15.97,18.75,2015,68000,19.0
8,38,1,3,9.07,10.65,2007,123456,16.0
8,54,2,7,6.77,7.94,2008,22000,8.9
8,55,0,6,13.18,15.47,2019,27000,19.0
8,42,1,3,95.08,111.62,2010,20000,90.0
8,54,2,2,6.78,7.96,2009,68236,10.2
15,44,0,6,22.45,26.36,2021,10000,25.5
13,28,1,6,29.84,35.04,2024,1000,43.0
8,42,0,7,40.73,47.82,2008,30000,65.0
8,54,2,2,6.76,7.94,2011,800000,4.5
8,42,1,3,95.08,111.62,2010,12130,150.0
8,42,1,3,95.08,111.62,2010,121303,148.0
8,42,1,3,95.08,111.62,2010,150000,155.0
17,16,0,6,15.73,18.46,2017,500000,13.5
8,54,2,6,11.74,13.78,2004,999999,7.5
15,13,2,2,7.1,8.33,2003,99999,5.5
8,54,2,7,6.99,8.21,2012,100000,6.0
17,35,1,6,19.6,23.0,2017,40000,22.5
17,46,2,2,6.48,7.61,2010,5000,7.8
8,1,2,7,3.96,4.64,2010,50000,5.5
8,19,2,2,11.61,13.62,2014,100000,5.0
8,8,2,6,5.69,6.68,1981,77777,3.5
8,54,2,2,6.77,7.94,2008,10000,8.0
8,11,2,0,10.74,12.6,2003,20000,3.8
17,13,2,2,4.65,5.45,2010,61000,4.1
8,2,1,6,37.76,44.33,2025,549,53.5
17,46,2,2,7.25,8.51,2012,1212,7.7
8,42,1,6,74.21,87.11,2023,10000,72.0
17,16,0,6,26.16,30.71,2021,20000,25.0
17,16,0,7,41.61,48.85,2010,0,45.0
8,54,2,7,11.74,13.78,2004,68000,10.7
8,54,2,2,6.77,7.94,2008,6789,13.5
8,10,2,7,8.92,10.47,1996,68000,3.1
8,13,2,2,8.71,10.22,2009,40000,2.5
8,13,1,2,81.67,95.87,2011,53972,11.0
8,2,1,6,24.1,28.29,2019,96000,19.0
8,11,2,6,7.23,8.48,2007,50000,33.5
8,56,0,3,14.49,17.01,2018,12890,15.5
9,13,1,8,10.55,12.38,2022,23567,10.3
8,54,2,2,12.48,14.66,2025,10000,10.0
17,37,2,6,26.21,30.77,2024,8000,28.5
8,11,2,0,6.56,7.7,2025,0,12.0
17,16,0,2,15.73,18.46,2017,39000,18.0
8,5,2,6,11.24,13.19,2020,17000,11.5
8,54,2,7,5.94,6.97,2010,50000,5.5
9,13,2,8,6.16,7.23,2012,12345,3.5
17,16,0,6,13.66,16.04,2012,5678,18.0
8,10,2,7,8.55,10.04,1997,68000,3.3
8,54,2,2,7.1,8.34,2006,50000,6.7
17,46,2,2,7.24,8.49,2013,666,3.4
8,53,1,2,10.9,12.8,2013,100000,8.0
8,19,2,2,25.54,29.98,2010,12000,5.5
8,5,2,6,13.65,16.02,2021,9000,13.0
8,42,1,2,70.02,82.2,2021,9000,76.5
8,27,1,2,5.78,6.78,2008,548138,6.0
17,33,1,6,3.15,3.69,2008,50000,3.5
15,40,0,3,17.58,20.64,2018,50000,23.8
17,16,0,6,13.61,15.98,2014,123456,1.234567
8,11,2,4,14.11,16.56,1995,39000,20.0
8,47,0,3,20.65,24.24,2019,70000,25.0
17,16,2,7,41.72,48.97,2008,99999,42.0
8,51,1,3,40.54,47.59,2018,40800,28.0
8,54,2,2,10.24,12.02,2005,65845,15.5
15,44,0,2,22.45,26.36,2021,10000,19.5
8,2,1,2,12.64,14.84,2010,6000,11.0
8,51,1,3,30.2,35.45,2019,60000,29.5
8,54,2,2,7.97,9.36,2014,40,10.5
8,42,1,6,74.3,87.23,2022,3700,80.5
15,40,0,6,17.58,20.64,2018,100000,22.0
8,11,2,4,9.23,10.84,2002,90000,19.0
17,39,0,3,26.15,30.7,2018,8000,35.0
8,54,2,6,14.31,16.8,2022,50000,11.5
8,54,2,2,6.78,7.96,2009,5000,6.8
17,16,0,6,14.95,17.54,2016,0,15.0
17,16,0,6,15.94,18.72,2011,0,11.5
8,19,2,6,14.15,16.61,2000,0,12.5
17,16,0,7,13.66,16.04,2012,50000,8.0
8,2,1,6,12.64,14.84,2010,20000,13.5
17,46,2,6,9.86,11.57,2020,100000,9.8
8,10,2,6,8.92,10.47,1996,12345,12.6
8,27,1,6,7.87,9.24,2012,1000,10.0
8,27,1,7,6.0,7.05,2009,46000,8.0
8,42,1,7,38.82,45.57,2015,80000,0.16
17,32,1,6,5.89,6.92,2010,1200,6.3
17,46,2,6,14.65,17.2,2024,168168,12.5
17,32,1,7,4.64,5.44,2008,20000,8.4
8,2,1,6,9.85,11.56,2011,10000,13.8
8,42,1,7,62.14,72.95,2019,28000,62.3
8,53,1,2,18.56,21.79,2018,27469,17.8
17,16,0,7,16.76,19.67,2018,90000,22.5
8,54,2,6,6.78,7.96,2009,666,6.6
8,43,1,2,52.52,61.65,2023,4900,59.0
8,42,1,6,95.08,111.62,2010,48000,65.0
17,34,1,6,8.97,10.53,2015,10000,9.8
15,13,2,2,28.64,33.62,2000,999999,8.0
17,33,1,2,6.13,7.2,2013,12122,7.6
8,2,1,6,9.85,11.56,2011,49000,9.6
8,8,2,7,5.69,6.68,1981,50000,23.5
8,2,1,4,8.66,10.17,2009,50000,28.5
14,45,1,8,7.65,8.98,2012,1234,7.5
8,9,1,6,7.53,8.84,2010,66666,8.5
17,16,0,2,13.66,16.04,2012,20000,13.3
8,19,2,6,29.7,34.86,2024,2600,33.0
8,0,2,7,9.64,11.32,1997,58000,10.7
9,13,2,3,3.76,4.41,2000,300000,1.3
9,13,2,5,3.68,4.32,2010,10000,1.9
8,51,1,3,30.2,35.45,2019,40000,27.9
8,19,2,2,29.7,34.86,2024,120000,24.9
5,13,2,4,19.32,22.68,2024,959,17.0
8,0,0,2,11.97,14.06,1980,60000,1.0
17,46,2,6,10.29,12.08,2021,32000,14.5
17,46,2,2,5.54,6.5,2006,1,5.5
8,27,1,2,16.55,19.43,2016,70000,15.5
17,16,2,6,43.64,51.23,2009,40000,40.0
8,2,1,7,20.04,23.53,2016,150000,18.0
8,19,2,6,12.98,15.24,2015,90000,10.0
8,54,2,6,15.95,18.72,2024,500,18.8
8,54,2,6,6.99,8.21,2012,50000,9.0
8,10,2,2,6.2,7.28,2000,121212,1.7
8,54,2,4,14.31,16.8,2022,6800,79.0
8,51,1,6,35.85,42.08,2024,2100,51.0
17,16,0,6,13.61,15.98,2014,30000,8.5
8,5,2,6,9.51,11.16,2017,500000,9.8
8,54,2,7,14.19,16.66,2023,1760,17.2
17,32,1,7,4.64,5.44,2008,20000,8.6
17,32,1,6,6.29,7.39,2005,50000,4.0
8,54,2,8,6.78,7.96,2009,10000,4.0
15,13,1,2,19.01,22.31,2018,9000,11.9
17,35,1,7,19.6,23.0,2017,16500,20.0
15,44,0,3,20.16,23.67,2019,55000,23.0
15,13,0,5,20.06,23.54,2019,12500,20.0
8,54,2,6,7.97,9.36,2014,0,7.5
8,2,1,7,21.96,25.78,2018,70700,12.5
17,24,1,6,13.84,16.25,2018,17452,10.8
14,14,1,8,4.43,5.21,2012,40000,5.6
17,16,0,6,13.66,16.04,2012,10000,13.5
8,2,1,6,33.65,39.5,2022,18000,41.0
8,11,2,5,9.23,10.84,2002,10000,5.2
8,54,2,2,7.37,8.65,2013,136947,12.0
15,23,1,6,3.28,3.85,2008,50000,4.7
0,13,0,9,254.29,298.51,2019,14000,435.0
8,51,1,6,32.03,37.61,2021,39000,30.5
8,53,1,2,18.56,21.79,2018,226980,19.0
17,16,0,6,15.94,18.72,2011,60000,12.0
8,19,2,2,24.46,28.71,2011,300000,0.032
8,54,2,4,14.89,17.48,2001,14000,28.8
17,46,2,6,6.13,7.2,2008,16800,7.5
8,54,2,6,7.97,9.36,2014,73000,14.0
17,16,2,6,15.17,17.81,2015,16500,27.5
8,57,0,6,17.63,20.69,2021,55000,23.0
8,54,2,6,6.99,8.21,2012,7654,6.5
8,53,1,6,27.84,32.68,2023,11800,32.8
8,42,1,7,95.08,111.62,2010,200000,103.0
8,47,0,3,22.99,26.98,2020,36200,25.0
8,54,2,4,6.77,7.94,2008,4000,35.0
8,2,1,6,9.85,11.56,2011,33333,7.3
8,54,2,5,11.43,13.42,2020,1,2.5
17,16,0,6,16.76,19.67,2018,82000,22.0
13,52,1,3,43.97,51.62,2020,150000,63.0
8,54,2,2,6.99,8.21,2012,30000,7.1
8,54,2,7,14.19,16.66,2023,1726,17.3
14,13,2,8,1.84,2.16,1999,666666,1.5
17,16,0,6,13.61,15.98,2014,80000,16.5
13,28,1,6,29.84,35.04,2024,500,44.0
8,51,1,6,40.54,47.59,2018,18000,66.8
8,51,1,3,40.54,47.59,2018,40000,27.5
8,38,1,6,9.07,10.65,2007,35000,18.5
8,54,2,2,5.94,6.97,2010,99999,7.9
17,32,1,6,6.41,7.52,2011,10000,4.5
17,46,2,7,6.37,7.48,2011,25000,6.4
8,2,1,2,12.64,14.84,2010,10000,10.0
15,13,1,2,19.01,22.31,2018,9000,12.0
17,16,2,6,14.95,17.54,2016,0,26.8
8,55,0,0,6.45,7.57,2011,3333,3.8
9,13,2,2,22.48,26.39,1980,100000,1.0
8,54,2,2,5.94,6.97,2010,9999,8.2
17,24,1,6,13.84,16.25,2018,16000,11.9
8,54,2,6,14.19,16.66,2023,20000,16.5
15,40,0,6,20.1,23.6,2020,29515,20.0
8,57,0,6,17.08,20.05,2020,40000,22.0
8,27,1,6,11.85,13.92,2013,175000,12.0
8,11,2,0,6.56,7.7,2025,3300,10.0
8,54,2,4,22.73,26.69,1999,18000,25.0
9,13,2,2,3.35,3.93,2009,5000,3.5
8,27,1,7,5.18,6.08,2007,32000,7.5
8,54,2,2,6.76,7.94,2011,35000,7.0
8,56,0,7,14.49,17.01,2018,85000,14.3
8,54,2,0,6.77,7.94,2008,5000,4.6
17,34,1,2,8.81,10.34,2013,40000,7.8
8,54,2,2,9.95,11.68,2002,21000,22.0
8,2,1,6,13.6,15.96,2013,110000,8.5
9,13,1,3,22.48,26.39,1980,5888,21.0
8,51,1,3,40.54,47.59,2018,19000,56.0
8,42,1,6,57.96,68.03,2018,38400,72.0
8,53,1,7,10.56,12.4,2012,74000,7.0
15,40,0,2,10.85,12.74,2014,120000,10.0
17,24,1,6,17.23,20.23,2022,19000,13.5
17,16,0,7,14.53,17.05,2013,54000,15.0
17,35,1,6,19.6,23.0,2017,30000,17.0
14,14,2,8,5.42,6.37,2011,30980,3.0
8,53,1,7,27.84,32.68,2023,8500,31.7
8,42,1,6,66.3,77.83,2020,4950,77.0
17,33,1,2,6.13,7.2,2013,60000,4.5
8,54,2,2,7.21,8.46,2007,35000,10.3
8,54,2,7,6.77,7.94,2008,79799,4.8
8,54,2,2,10.24,12.02,2005,0,14.8
9,13,2,7,7.18,8.43,2017,58000,6.3
8,53,1,7,18.56,21.79,2018,123456,19.0
8,51,1,3,30.2,35.45,2019,42,31.8
14,3,1,8,4.31,5.05,2013,46466,7.0
8,5,1,4,13.14,15.43,2008,10000,15.6
8,54,2,6,6.99,8.21,2012,82000,8.0
8,54,2,5,9.95,11.68,2002,999000,1.7
8,2,1,2,9.85,11.56,2011,27000,8.5
8,53,1,2,12.27,14.4,2014,10000,16.0
8,54,2,6,14.31,16.8,2022,10000,17.0
17,32,1,2,5.1,5.99,2009,25000,4.25
17,16,0,6,16.76,19.67,2018,31000,19.5
8,41,1,7,4.72,5.54,2007,70000,4.7
9,13,2,6,3.92,4.6,2006,50000,1.0
8,54,2,7,18.09,21.23,2000,40000,10.5
15,49,0,4,58.73,68.95,1999,2000,25.0
8,1,1,6,8.43,9.89,2002,100000,16.8
15,49,0,4,58.73,68.95,1999,200,25.0
8,42,1,6,75.76,88.93,2024,10000,69.0
14,3,1,8,3.53,4.15,2011,123456,4.9
17,35,1,7,22.99,26.99,2019,35000,24.7
17,46,2,2,7.61,8.93,2014,13000,9.0
13,52,1,3,35.7,41.9,2017,27000,22.0
8,42,1,6,44.98,52.8,2013,70000,42.5
8,51,1,3,30.13,35.37,2019,67000,35.0
8,10,2,7,11.95,14.03,1993,10000,20.0
17,46,2,7,8.35,9.81,2017,20000,8.0
15,20,0,3,26.52,31.13,2019,20000,29.0
4,13,0,4,8.8,10.33,2018,10000,9.7
8,42,1,7,44.41,52.13,2016,13000,149.0
8,19,2,7,14.3,16.79,2002,10000,15.0
15,44,0,3,19.92,23.38,2019,25000,23.5
8,2,1,2,7.62,8.94,2008,11000,8.5
8,2,1,2,7.62,8.94,2008,80000,8.5
8,51,1,3,32.11,37.7,2021,26000,37.5
8,2,1,6,15.9,18.67,2015,35000,16.5
8,54,2,7,17.45,20.48,2000,50,24.0
8,42,1,6,58.13,68.25,2018,71000,81.0
8,36,1,7,39.39,46.24,2020,15000,52.0
17,29,1,6,6.83,8.02,2013,100000,4.8
8,42,1,7,75.76,88.93,2024,3500,69.0
8,2,1,6,36.71,43.1,2023,24500,44.0
8,56,0,3,14.57,17.1,2018,250075,28.0
8,0,0,6,4.75,5.58,2016,500,9.0
8,51,1,3,30.13,35.37,2019,90000,29.5
8,48,1,2,5.95,6.98,2006,34000,7.0
8,54,2,7,22.15,26.0,1999,3100,10.8
8,42,1,3,101.46,119.11,2012,30000,219.0
8,13,0,2,16.88,19.82,2015,18000,280.0
8,51,1,3,32.95,38.68,2022,0,43.8
8,54,2,2,10.55,12.38,2002,59000,15.5
8,2,1,6,34.12,40.05,2022,40000,35.0
17,13,1,8,6.09,7.14,2011,30000,15.0
8,42,1,6,44.98,52.8,2013,60000,49.0
8,2,1,6,37.85,44.43,2024,670,63.0
8,54,2,10,11.52,13.52,2004,1000,30.0
17,13,1,3,151.93,178.35,2024,2000,220.0
8,51,1,3,41.35,48.54,2018,50000,30.0
14,13,1,6,16.01,18.79,2023,1900,19.0
8,0,0,9,12.07,14.17,1980,1000,9.5
17,16,0,7,14.51,17.04,2013,600000,30.0
8,54,2,4,11.52,13.52,2004,15000,35.0
8,54,2,6,7.27,8.54,2007,530000,6.8
8,42,1,3,74.57,87.54,2022,7500,73.0
14,13,1,3,4.6,5.4,2004,49000,5.0
17,46,2,6,13.34,15.66,2023,140000,20.0
15,44,0,6,21.52,25.26,2020,24000,50.0
15,4,0,3,6.8,7.98,2016,80000,7.0
17,39,0,3,27.48,32.26,2018,42000,26.0
9,13,0,7,21.39,25.11,1980,20000,12.0
15,13,0,5,19.93,23.4,2019,7000,29.0
8,36,1,6,41.13,48.28,2019,28000,37.5
8,54,2,4,22.15,26.0,1999,40000,25.0
8,54,2,3,6.87,8.06,2012,8880,3.0
17,33,1,6,5.1,5.98,2012,30000,4.3
17,22,1,7,34.29,40.25,2023,9000,41.0
8,56,0,3,16.04,18.83,2019,56000,16.0
8,42,1,2,62.76,73.68,2019,9000,7.2e-05
8,11,2,0,10.08,11.83,2016,160000,6.0
8,13,0,7,96.6,113.4,2019,8000,105.0
8,5,2,2,8.9,10.45,2017,25,7.9
9,13,2,3,21.39,25.11,1980,100000,35.0
14,3,2,8,2.59,3.04,2006,45000,2.1
8,9,1,2,7.36,8.64,2007,55555,10.3
13,52,1,6,19.01,22.32,2014,38500,19.0
13,52,1,7,19.01,22.32,2014,38500,19.0
17,16,0,7,15.75,18.49,2017,60,18.6
15,4,0,6,7.04,8.27,2015,90000,5.8
8,11,2,7,9.88,11.6,2008,46454,3.8
13,28,1,3,6.66,7.82,2011,64886,3.0
17,35,1,7,36.78,43.18,2022,45000,39.9
8,5,2,2,7.59,8.91,2015,5000,8.0
8,53,1,6,21.87,25.67,2020,40000,24.5
9,13,1,6,12.56,14.75,2024,15500,39.0
17,33,1,4,2.73,3.2,2005,654080,2.5
8,54,2,2,6.87,8.06,2012,56748,9.5
17,33,1,2,6.14,7.21,2013,50000,7.5
14,3,1,8,2.59,3.04,2006,18000,2.7
8,43,1,6,47.9,56.24,2021,17000,48.5
17,17,0,10,11.66,13.69,2013,47000,14.0
8,36,1,7,39.39,46.24,2020,15000,55.0
17,16,0,2,28.79,33.8,2022,2000,30.5
11,13,1,8,15.01,17.62,2021,10000,14.0
11,13,1,7,10.67,12.52,2023,15609,13.0
8,51,1,10,41.35,48.54,2018,800000,25.0
8,53,1,7,21.87,25.67,2020,30000,18.0
8,1,1,3,8.43,9.89,2002,71000,12.0
8,51,1,3,30.13,35.37,2019,43000,35.0
17,16,0,2,28.55,33.51,2023,2000,30.0
15,23,1,2,4.18,4.9,2012,6789,3.7
4,13,0,7,4.42,5.18,2015,11000,189.0
17,25,2,2,6.39,7.5,2011,50000,5.5
17,25,2,6,8.74,10.26,2015,80000,9.0
8,54,2,2,9.73,11.42,2016,45000,8.8
8,54,2,2,11.52,13.52,2004,11000,11.0
8,42,1,7,111.87,131.33,2011,10000,173.0
8,56,0,7,14.57,17.1,2018,90,13.0
17,46,2,2,6.22,7.3,2009,999999,7.0
8,2,1,2,13.83,16.24,2013,50000,12.0
17,33,1,6,7.47,8.77,2015,22,9.6
8,53,1,6,29.9,35.1,2024,1517,31.0
8,6,0,4,81.15,95.26,2021,25000,85.0
8,53,1,6,16.88,19.81,2016,41000,0.0195
8,56,0,6,13.38,15.71,2017,60000,13.0
17,33,1,6,3.58,4.2,2009,1000,5.0
8,53,1,7,21.1,24.77,2019,50000,19.8
8,56,0,7,13.38,15.71,2017,80000,13.5
17,16,0,2,14.62,17.16,2016,75000,17.0
8,53,1,6,28.0,32.86,2023,3000,19.0
8,56,0,6,14.57,17.1,2018,1000,15.5
8,42,1,7,73.25,85.99,2023,10000,65.0
8,53,1,2,29.5,34.63,2025,3600,36.0
8,2,1,4,12.59,14.78,2010,186000,31.6
8,54,2,2,6.69,7.85,2009,100000,7.8
8,54,2,6,14.1,16.55,2022,20000,17.5
8,42,1,3,40.61,47.67,2008,15000,57.0
9,13,2,5,11.13,13.07,2023,200000,3.0
17,46,2,2,6.33,7.43,2008,100000,0.004
8,54,2,2,10.39,12.2,2018,20000,10.0
8,11,2,0,9.61,11.28,2000,20000,16.3
8,2,1,2,15.19,17.83,2014,45000,16.8
8,19,2,6,11.0,12.91,2013,38000,12.0
13,52,1,6,38.21,44.86,2018,8000,45.0
8,51,1,3,36.19,42.49,2024,1000,39.0
8,27,1,2,7.25,8.51,2011,76000,10.0
17,24,1,6,12.97,15.23,2017,49000,13.5
8,19,2,6,14.16,16.63,2000,80000,10.5
